customer_id,segment,base_refund_rate
CUST_00001,normal,0.013495437291500966
CUST_00002,suspicious,0.501170842472484
CUST_00003,normal,0.06790873252646842
CUST_00004,normal,0.03575656484427869
CUST_00005,normal,0.040043050435802176
CUST_00006,normal,0.024100328234910928
CUST_00007,normal,0.0868180243108129
CUST_00008,occasional_refunder,0.05151769470975457
CUST_00009,normal,0.020661069983594148
CUST_00010,normal,0.07324310015819681
CUST_00011,normal,0.03242290029638405
CUST_00012,suspicious,0.07444792426218746
CUST_00013,normal,0.00538585122529677
CUST_00014,normal,0.010888102034355716
CUST_00015,normal,0.0827058117464789
CUST_00016,normal,0.09002845038149697
CUST_00017,normal,0.07773192827190203
CUST_00018,normal,0.052167476222161675
CUST_00019,normal,0.021204493736788982
CUST_00020,normal,0.09431140764088437
CUST_00021,normal,0.10846395761912174
CUST_00022,normal,0.04619010036590853
CUST_00023,normal,0.017315492017782232
CUST_00024,normal,0.022515133408284496
CUST_00025,normal,0.03239635334874036
CUST_00026,normal,0.06240877843571367
CUST_00027,normal,0.05262982184278089
CUST_00028,normal,0.0983530377587722
CUST_00029,normal,0.018097966039061684
CUST_00030,normal,0.06620573455734456
CUST_00031,normal,0.048620861570513436
CUST_00032,normal,0.09322237107460289
CUST_00033,normal,0.030537192711190944
CUST_00034,suspicious,0.37069588479607796
CUST_00035,suspicious,0.35974496514612975
CUST_00036,normal,0.13165457480937479
CUST_00037,normal,0.008480337146584936
CUST_00038,normal,0.016412936363871717
CUST_00039,normal,0.026091047771312804
CUST_00040,normal,0.02611420472136471
CUST_00041,normal,0.030446523746402485
CUST_00042,normal,0.04051822921164392
CUST_00043,normal,0.07543962120565884
CUST_00044,occasional_refunder,0.06623775827532728
CUST_00045,normal,0.03563059734893468
CUST_00046,normal,0.05093171974349413
CUST_00047,normal,0.06162248564022933
CUST_00048,normal,0.009258106582102618
CUST_00049,normal,0.08320333615798892
CUST_00050,normal,0.04991320654812445
CUST_00051,suspicious,0.3785954125657236
CUST_00052,normal,0.03602944541611006
CUST_00053,suspicious,0.22737321943404842
CUST_00054,occasional_refunder,0.055935276472378066
CUST_00055,normal,0.06773088103153535
CUST_00056,occasional_refunder,0.06648848803264076
CUST_00057,normal,0.03167436041755155
CUST_00058,normal,0.07987167375533233
CUST_00059,normal,0.0029896755104844336
CUST_00060,normal,0.023130695159701252
CUST_00061,normal,0.03913863223547608
CUST_00062,normal,0.028045603754057787
CUST_00063,normal,0.02209946495672113
CUST_00064,normal,0.03833573767894162
CUST_00065,normal,0.06153648197471224
CUST_00066,normal,0.09482352542484249
CUST_00067,normal,0.03382982392955601
CUST_00068,normal,0.04225647597119081
CUST_00069,normal,0.019118231186210352
CUST_00070,aggressive_abuser,0.6503295515672656
CUST_00071,normal,0.09195019449038838
CUST_00072,normal,0.060604701673534475
CUST_00073,normal,0.03978591568042843
CUST_00074,normal,0.06204769572932753
CUST_00075,normal,0.03583685893228482
CUST_00076,normal,0.004802266949523157
CUST_00077,normal,0.024979907510268566
CUST_00078,normal,0.06285643842305264
CUST_00079,normal,0.026381373565130033
CUST_00080,normal,0.0789913033271865
CUST_00081,occasional_refunder,0.14903384392405694
CUST_00082,normal,0.06082141007228137
CUST_00083,normal,0.07380322714491616
CUST_00084,normal,0.04238750241149823
CUST_00085,normal,0.1550169834912014
CUST_00086,normal,0.03401149778748768
CUST_00087,normal,0.08969556463418296
CUST_00088,normal,0.0632962632441823
CUST_00089,occasional_refunder,0.10965898333302879
CUST_00090,normal,0.04853784413208411
CUST_00091,normal,0.062058460719514597
CUST_00092,normal,0.02319599165583794
CUST_00093,normal,0.06306572789329377
CUST_00094,normal,0.07998494599504319
CUST_00095,normal,0.09737206406276422
CUST_00096,normal,0.05351915049207389
CUST_00097,normal,0.03254963933091304
CUST_00098,normal,0.049697919749808535
CUST_00099,normal,0.039730000865143944
CUST_00100,normal,0.039912386509186125
CUST_00101,normal,0.03416956882478615
CUST_00102,normal,0.040291090294056364
CUST_00103,normal,0.0943836600482711
CUST_00104,normal,0.009473834535175247
CUST_00105,occasional_refunder,0.12493594155538704
CUST_00106,normal,0.15582148673505372
CUST_00107,normal,0.0183530691934597
CUST_00108,normal,0.12780067995497787
CUST_00109,normal,0.060619571992595774
CUST_00110,normal,0.030532244762473494
CUST_00111,normal,0.06986142443550147
CUST_00112,normal,0.03376265936718907
CUST_00113,occasional_refunder,0.09807538862018884
CUST_00114,normal,0.07017155112380596
CUST_00115,normal,0.008849642332483476
CUST_00116,occasional_refunder,0.04980392890668818
CUST_00117,normal,0.07184136292938036
CUST_00118,normal,0.0248685865049522
CUST_00119,occasional_refunder,0.23809164325551116
CUST_00120,normal,0.0422916865808097
CUST_00121,normal,0.03246392730032876
CUST_00122,occasional_refunder,0.22596079096560254
CUST_00123,normal,0.05251868990775856
CUST_00124,normal,0.21979661948247053
CUST_00125,normal,0.03245537264413054
CUST_00126,normal,0.011918687095239076
CUST_00127,normal,0.1362496101856282
CUST_00128,occasional_refunder,0.12864649265003253
CUST_00129,normal,0.014563459688388942
CUST_00130,normal,0.06366690011667617
CUST_00131,normal,0.039535162844392686
CUST_00132,normal,0.041247393433059894
CUST_00133,normal,0.07555223255329278
CUST_00134,normal,0.04038620241634064
CUST_00135,suspicious,0.5114527368791437
CUST_00136,normal,0.06163006291983252
CUST_00137,normal,0.019565853157907133
CUST_00138,normal,0.07271765819303849
CUST_00139,normal,0.0451884376064948
CUST_00140,suspicious,0.7459778189159363
CUST_00141,suspicious,0.3128278046375145
CUST_00142,normal,0.017362109877737
CUST_00143,normal,0.02739197439268447
CUST_00144,normal,0.032093995206541805
CUST_00145,normal,0.048501398399641536
CUST_00146,normal,0.06989380168649192
CUST_00147,normal,0.00825593675409783
CUST_00148,normal,0.024193664014734207
CUST_00149,normal,0.049821686779709676
CUST_00150,normal,0.018824787019403
CUST_00151,occasional_refunder,0.20410837597276413
CUST_00152,normal,0.022490228750525285
CUST_00153,normal,0.023988411620974974
CUST_00154,normal,0.015360281178220896
CUST_00155,aggressive_abuser,0.37959241680043204
CUST_00156,normal,0.07546557717204015
CUST_00157,normal,0.055754222381189475
CUST_00158,normal,0.034074367091671984
CUST_00159,normal,0.07004159082360131
CUST_00160,normal,0.19149777429541984
CUST_00161,normal,0.03592886850692709
CUST_00162,normal,0.1278397264034014
CUST_00163,normal,0.07608182739821083
CUST_00164,normal,0.04617293595263558
CUST_00165,normal,0.054936091843172004
CUST_00166,normal,0.18838228096153303
CUST_00167,normal,0.013451731610836714
CUST_00168,normal,0.10242800096212114
CUST_00169,normal,0.04187581180416612
CUST_00170,normal,0.03139766431651228
CUST_00171,normal,0.016835334225124073
CUST_00172,normal,0.03712244812594096
CUST_00173,normal,0.00950534030061513
CUST_00174,normal,0.09424711301440694
CUST_00175,normal,0.02779901658938808
CUST_00176,normal,0.09075213767510594
CUST_00177,normal,0.054556284461415645
CUST_00178,normal,0.045062737685397036
CUST_00179,suspicious,0.2508475685976892
CUST_00180,normal,0.04044734895612388
CUST_00181,normal,0.015261543335591802
CUST_00182,normal,0.08227176350940324
CUST_00183,occasional_refunder,0.11384204626591907
CUST_00184,occasional_refunder,0.22473602478652724
CUST_00185,normal,0.002880356023727696
CUST_00186,normal,0.08314918504957187
CUST_00187,normal,0.05057845283611678
CUST_00188,normal,0.054691276538081215
CUST_00189,normal,0.0032453584813427042
CUST_00190,normal,0.008457107198483254
CUST_00191,normal,0.18717219889562692
CUST_00192,occasional_refunder,0.1079510257420621
CUST_00193,occasional_refunder,0.3227864832025965
CUST_00194,normal,0.027480652010656727
CUST_00195,normal,0.03856670505838561
CUST_00196,normal,0.05834580930487821
CUST_00197,normal,0.023301434153848253
CUST_00198,occasional_refunder,0.14117726796687377
CUST_00199,occasional_refunder,0.0725137216637482
CUST_00200,normal,0.13368096007568087
CUST_00201,normal,0.062386775666605415
CUST_00202,normal,0.04817398395769571
CUST_00203,normal,0.020527091042905298
CUST_00204,occasional_refunder,0.1994810130435109
CUST_00205,normal,0.015347500779952233
CUST_00206,normal,0.02151030982364212
CUST_00207,normal,0.023137816421486462
CUST_00208,normal,0.005438001529992893
CUST_00209,normal,0.015386678339123197
CUST_00210,normal,0.04383406149393686
CUST_00211,normal,0.08790113892984448
CUST_00212,normal,0.013070168110342532
CUST_00213,normal,0.0759791194300875
CUST_00214,normal,0.0786321758124935
CUST_00215,normal,0.09414389209933657
CUST_00216,normal,0.07509595188720221
CUST_00217,normal,0.043064033913022784
CUST_00218,normal,0.04232512586260714
CUST_00219,normal,0.04703804117344549
CUST_00220,normal,0.05331521043854651
CUST_00221,normal,0.08418185803548577
CUST_00222,normal,0.012315738055711421
CUST_00223,normal,0.0365093646122093
CUST_00224,normal,0.054172650650938355
CUST_00225,normal,0.05777614377014659
CUST_00226,normal,0.02666973353252237
CUST_00227,suspicious,0.26347680003134144
CUST_00228,normal,0.06106385584402111
CUST_00229,occasional_refunder,0.17734519602735888
CUST_00230,normal,0.05384949345131622
CUST_00231,normal,0.03192534134836989
CUST_00232,normal,0.03659403746060781
CUST_00233,normal,0.00628201836382298
CUST_00234,normal,0.03025535731905242
CUST_00235,normal,0.010937078083052817
CUST_00236,normal,0.08311624637098682
CUST_00237,normal,0.032301977564129475
CUST_00238,normal,0.060294816449185815
CUST_00239,normal,0.03713947969154553
CUST_00240,normal,0.04852190292487107
CUST_00241,suspicious,0.24194850677843566
CUST_00242,suspicious,0.32436327771888884
CUST_00243,occasional_refunder,0.2595257000805345
CUST_00244,normal,0.07543627507431296
CUST_00245,normal,0.10600944105992817
CUST_00246,occasional_refunder,0.3019766917605811
CUST_00247,normal,0.04840370287662045
CUST_00248,suspicious,0.5092009942616413
CUST_00249,suspicious,0.3269247421424785
CUST_00250,normal,0.04038790602793278
CUST_00251,normal,0.06813500656844244
CUST_00252,normal,0.08983093602351436
CUST_00253,normal,0.08102930644408055
CUST_00254,normal,0.04383746234646224
CUST_00255,normal,0.05510894621603219
CUST_00256,normal,0.044546388402862507
CUST_00257,suspicious,0.3847639563964244
CUST_00258,normal,0.03243193888076835
CUST_00259,normal,0.061818513219298876
CUST_00260,normal,0.02500977924068939
CUST_00261,normal,0.0362008047553384
CUST_00262,aggressive_abuser,0.7406553330415903
CUST_00263,normal,0.06934970913374178
CUST_00264,normal,0.026949893132513288
CUST_00265,occasional_refunder,0.2992297444882949
CUST_00266,normal,0.0052081101783535665
CUST_00267,normal,0.048162770147942305
CUST_00268,normal,0.046937889928442396
CUST_00269,normal,0.10059980712419099
CUST_00270,normal,0.017575767190620626
CUST_00271,normal,0.03804626507877418
CUST_00272,normal,0.022218941104020142
CUST_00273,occasional_refunder,0.0859770999247744
CUST_00274,occasional_refunder,0.17651972092886986
CUST_00275,normal,0.04375896134075694
CUST_00276,normal,0.07925665039247007
CUST_00277,normal,0.1711501182595216
CUST_00278,normal,0.08191453169224168
CUST_00279,normal,0.04584895410180687
CUST_00280,normal,0.01213574334212944
CUST_00281,occasional_refunder,0.10013534992123134
CUST_00282,normal,0.0427176314082832
CUST_00283,normal,0.023440081007973384
CUST_00284,normal,0.07212510155519981
CUST_00285,normal,0.05246443637549773
CUST_00286,normal,0.0386400592093853
CUST_00287,normal,0.04716946886801453
CUST_00288,normal,0.052144062411662445
CUST_00289,normal,0.08331303466007038
CUST_00290,normal,0.03886065827632736
CUST_00291,normal,0.03825488428046533
CUST_00292,normal,0.06640435736128247
CUST_00293,normal,0.031209995813574264
CUST_00294,normal,0.08918638550076995
CUST_00295,normal,0.05714566147050206
CUST_00296,normal,0.09248976960965137
CUST_00297,normal,0.052596177257522525
CUST_00298,normal,0.021623950947854756
CUST_00299,normal,0.057466801788522585
CUST_00300,normal,0.02911728813548342
CUST_00301,normal,0.029733609010493538
CUST_00302,normal,0.12317710265585449
CUST_00303,normal,0.05560620986841519
CUST_00304,normal,0.04448213281483335
CUST_00305,normal,0.07564634747576163
CUST_00306,suspicious,0.3714212118018875
CUST_00307,normal,0.049509118001382815
CUST_00308,normal,0.04759093722984787
CUST_00309,normal,0.001990972943380507
CUST_00310,normal,0.009545145096772576
CUST_00311,normal,0.04094661053563485
CUST_00312,normal,0.04252285327131778
CUST_00313,normal,0.06315691024135617
CUST_00314,suspicious,0.5452316210362428
CUST_00315,normal,0.03805424458198756
CUST_00316,normal,0.05110410342735031
CUST_00317,normal,0.04676349341999733
CUST_00318,normal,0.034318332934749445
CUST_00319,normal,0.07403001573559187
CUST_00320,normal,0.008913315267006477
CUST_00321,normal,0.040659462295252254
CUST_00322,normal,0.042230106061842694
CUST_00323,normal,0.06674606493549971
CUST_00324,normal,0.019441075877722914
CUST_00325,suspicious,0.5242774742845824
CUST_00326,normal,0.11821572713840006
CUST_00327,normal,0.024131082035866207
CUST_00328,normal,0.03925410010551108
CUST_00329,normal,0.11022652585079382
CUST_00330,normal,0.07736274664287994
CUST_00331,normal,0.09605677962894929
CUST_00332,normal,0.017943995590472328
CUST_00333,normal,0.029879003887322616
CUST_00334,normal,0.02058610351721631
CUST_00335,normal,0.10856913963357319
CUST_00336,normal,0.056330092397621316
CUST_00337,occasional_refunder,0.09080711550050716
CUST_00338,normal,0.07563049436334704
CUST_00339,normal,0.09658539673746865
CUST_00340,normal,0.042310812073276416
CUST_00341,normal,0.019009438423568392
CUST_00342,normal,0.18116320945239403
CUST_00343,normal,0.03317908486908645
CUST_00344,normal,0.07474664612330818
CUST_00345,normal,0.0351636529547506
CUST_00346,normal,0.028148762709849173
CUST_00347,normal,0.05679983973223439
CUST_00348,normal,0.02544986440900998
CUST_00349,normal,0.08767808945920236
CUST_00350,normal,0.11071948493634003
CUST_00351,normal,0.023266309354054465
CUST_00352,occasional_refunder,0.12421941350661461
CUST_00353,normal,0.027950439117232745
CUST_00354,normal,0.030373705307122224
CUST_00355,normal,0.03479601890391013
CUST_00356,normal,0.05834391508791778
CUST_00357,normal,0.061183811468333356
CUST_00358,normal,0.10957410583594478
CUST_00359,suspicious,0.2995166529144998
CUST_00360,normal,0.08538463636684894
CUST_00361,normal,0.03798873471386028
CUST_00362,normal,0.007040795749001901
CUST_00363,normal,0.0065967602618311645
CUST_00364,normal,0.013622545750723004
CUST_00365,suspicious,0.45805218102060974
CUST_00366,normal,0.09391607862371933
CUST_00367,suspicious,0.31176114656389864
CUST_00368,occasional_refunder,0.320814878562698
CUST_00369,normal,0.034433366576898855
CUST_00370,normal,0.039730993379894705
CUST_00371,normal,0.1184442925679607
CUST_00372,normal,0.027830502708945094
CUST_00373,normal,0.054613398946450974
CUST_00374,normal,0.07053535150013651
CUST_00375,normal,0.13582008967170067
CUST_00376,normal,0.017852689036274485
CUST_00377,normal,0.05797397460126207
CUST_00378,normal,0.20196657461365336
CUST_00379,normal,0.0785394595440906
CUST_00380,normal,0.01844771056555529
CUST_00381,normal,0.1391931024026281
CUST_00382,normal,0.01626136987885371
CUST_00383,normal,0.030765980606585655
CUST_00384,occasional_refunder,0.12773458505904683
CUST_00385,normal,0.020063653389001405
CUST_00386,normal,0.058081448287635846
CUST_00387,normal,0.024998161194462073
CUST_00388,normal,0.16299626251289787
CUST_00389,normal,0.027464502574455537
CUST_00390,normal,0.060103544679628876
CUST_00391,aggressive_abuser,0.8374569943479789
CUST_00392,normal,0.07481334639102237
CUST_00393,normal,0.15991364835944707
CUST_00394,normal,0.09249751133054215
CUST_00395,normal,0.0435326720401545
CUST_00396,suspicious,0.36322073454695086
CUST_00397,occasional_refunder,0.05484998837621457
CUST_00398,normal,0.048954583078512845
CUST_00399,normal,0.025059048672842168
CUST_00400,normal,0.11126968535301947
CUST_00401,normal,0.02030067096647742
CUST_00402,occasional_refunder,0.1620239352324882
CUST_00403,normal,0.07311670561285771
CUST_00404,normal,0.018579627915542615
CUST_00405,normal,0.06374413761003346
CUST_00406,occasional_refunder,0.11541268064704681
CUST_00407,normal,0.09242332180435904
CUST_00408,normal,0.011541256058609535
CUST_00409,occasional_refunder,0.3635368796683203
CUST_00410,normal,0.04870877184384904
CUST_00411,normal,0.08196428976210299
CUST_00412,suspicious,0.5056296716784151
CUST_00413,suspicious,0.31797186390107457
CUST_00414,normal,0.06752501170289821
CUST_00415,normal,0.13034385507802074
CUST_00416,normal,0.11168479981344534
CUST_00417,normal,0.06650838117417919
CUST_00418,normal,0.02801298145580992
CUST_00419,normal,0.04420150016416473
CUST_00420,normal,0.047911344729530084
CUST_00421,normal,0.03295548741860863
CUST_00422,normal,0.01928124929552783
CUST_00423,normal,0.041072161408221855
CUST_00424,normal,0.021055905294511294
CUST_00425,normal,0.03611501281309448
CUST_00426,normal,0.0586118771894622
CUST_00427,normal,0.024259309912695967
CUST_00428,occasional_refunder,0.06662983183453612
CUST_00429,normal,0.010537652066764146
CUST_00430,normal,0.04988851386706395
CUST_00431,normal,0.05546975922509548
CUST_00432,normal,0.031330109779556074
CUST_00433,normal,0.08301181955542662
CUST_00434,normal,0.04779787199771772
CUST_00435,normal,0.044842523412284466
CUST_00436,normal,0.04084035871130827
CUST_00437,normal,0.011684866859167134
CUST_00438,normal,0.026528932125186144
CUST_00439,normal,0.007332068825866711
CUST_00440,normal,0.04351072261384661
CUST_00441,normal,0.07317762495044902
CUST_00442,aggressive_abuser,0.3443074961775575
CUST_00443,normal,0.029961946398001416
CUST_00444,normal,0.030582805675105285
CUST_00445,normal,0.08939456854686911
CUST_00446,suspicious,0.25610698370035506
CUST_00447,aggressive_abuser,0.6620208859503522
CUST_00448,normal,0.029232503162733164
CUST_00449,normal,0.08980643745662666
CUST_00450,normal,0.11301028107278398
CUST_00451,normal,0.04208605471467176
CUST_00452,normal,0.06166441556720223
CUST_00453,normal,0.014641250444118443
CUST_00454,occasional_refunder,0.17483159954164232
CUST_00455,normal,0.08484877292419857
CUST_00456,normal,0.014803909231854947
CUST_00457,normal,0.08438088727289259
CUST_00458,normal,0.11076939328377473
CUST_00459,normal,0.03937286063035867
CUST_00460,normal,0.06953117722470206
CUST_00461,normal,0.023858447287039453
CUST_00462,normal,0.030497024196414337
CUST_00463,normal,0.0547032399918117
CUST_00464,normal,0.062453640944890886
CUST_00465,suspicious,0.6238676143135413
CUST_00466,normal,0.03752612864950516
CUST_00467,normal,0.06982391511658877
CUST_00468,occasional_refunder,0.08598273184349119
CUST_00469,normal,0.010036138479043367
CUST_00470,suspicious,0.3737340133281324
CUST_00471,normal,0.08553396293266048
CUST_00472,suspicious,0.41311484092958467
CUST_00473,normal,0.019911437358073058
CUST_00474,occasional_refunder,0.021781627485711646
CUST_00475,normal,0.06395173852077315
CUST_00476,aggressive_abuser,0.4276473688739571
CUST_00477,normal,0.04258864255108794
CUST_00478,normal,0.10616628059124994
CUST_00479,suspicious,0.4642778352391753
CUST_00480,normal,0.04544076956031762
CUST_00481,normal,0.036353307981299474
CUST_00482,normal,0.01599552409701667
CUST_00483,normal,0.040880258160271035
CUST_00484,normal,0.05523796339002261
CUST_00485,normal,0.029059092520713467
CUST_00486,occasional_refunder,0.17313135608429095
CUST_00487,normal,0.06510150419797855
CUST_00488,normal,0.08442397790359656
CUST_00489,suspicious,0.3217619231487415
CUST_00490,occasional_refunder,0.26280761360327715
CUST_00491,normal,0.033792231406339863
CUST_00492,normal,0.044849292889418774
CUST_00493,normal,0.049328419623320845
CUST_00494,normal,0.05583699694616436
CUST_00495,normal,0.056172097279455116
CUST_00496,normal,0.09807811139396755
CUST_00497,normal,0.009797468008076418
CUST_00498,normal,0.037728509687891515
CUST_00499,suspicious,0.2148320511892054
CUST_00500,aggressive_abuser,0.4118173645566367
CUST_00501,normal,0.03614309636367566
CUST_00502,normal,0.10273919178353645
CUST_00503,normal,0.06740395089607185
CUST_00504,normal,0.03969541654201324
CUST_00505,normal,0.02739778221281322
CUST_00506,normal,0.052841996623167464
CUST_00507,occasional_refunder,0.1454480552641529
CUST_00508,normal,0.04940719723341193
CUST_00509,suspicious,0.21687556254477872
CUST_00510,normal,0.026610698263834227
CUST_00511,normal,0.07749058848268336
CUST_00512,normal,0.05352019653542947
CUST_00513,suspicious,0.28780470949748127
CUST_00514,occasional_refunder,0.18298855040237297
CUST_00515,normal,0.091479901975039
CUST_00516,normal,0.028500328546009705
CUST_00517,normal,0.049856709310189984
CUST_00518,normal,0.09684285351609398
CUST_00519,aggressive_abuser,0.6770888480292079
CUST_00520,normal,0.11188306009305908
CUST_00521,normal,0.055703533490087796
CUST_00522,normal,0.11638174610776884
CUST_00523,suspicious,0.45556262800337666
CUST_00524,normal,0.07491541146226387
CUST_00525,normal,0.06114053720409798
CUST_00526,normal,0.04155862669750623
CUST_00527,normal,0.07790110600021437
CUST_00528,normal,0.09746445647020066
CUST_00529,normal,0.04406968945194134
CUST_00530,occasional_refunder,0.035559132067945295
CUST_00531,normal,0.05044852751983468
CUST_00532,aggressive_abuser,0.6310221003800618
CUST_00533,aggressive_abuser,0.60438174824576
CUST_00534,normal,0.025174743724503144
CUST_00535,normal,0.009485657968003307
CUST_00536,suspicious,0.3318444822665663
CUST_00537,normal,0.13278750302891626
CUST_00538,normal,0.023785577155517684
CUST_00539,normal,0.03656304690983607
CUST_00540,normal,0.05334012378618878
CUST_00541,suspicious,0.2414849944561355
CUST_00542,normal,0.08060298934681817
CUST_00543,normal,0.023662799467430877
CUST_00544,normal,0.049138525655499435
CUST_00545,normal,0.07859507135966864
CUST_00546,normal,0.05649869331655428
CUST_00547,normal,0.05875892977942488
CUST_00548,normal,0.05764447771256291
CUST_00549,normal,0.013058892902663016
CUST_00550,normal,0.014462336216589964
CUST_00551,normal,0.04360105169022717
CUST_00552,normal,0.08735840745439186
CUST_00553,normal,0.0470953230043295
CUST_00554,normal,0.033781400434189514
CUST_00555,occasional_refunder,0.2182353702164156
CUST_00556,normal,0.10504038625225738
CUST_00557,normal,0.07316055344005754
CUST_00558,normal,0.02226651568283058
CUST_00559,normal,0.11259762373801337
CUST_00560,normal,0.017979978476364792
CUST_00561,normal,0.00691089779768667
CUST_00562,normal,0.023597829095479618
CUST_00563,normal,0.06686599252424621
CUST_00564,normal,0.08019674772791621
CUST_00565,normal,0.04998215271180735
CUST_00566,normal,0.02184728388866283
CUST_00567,normal,0.053695726967063956
CUST_00568,normal,0.03212126849136067
CUST_00569,occasional_refunder,0.11464855370939107
CUST_00570,normal,0.07144359136137503
CUST_00571,normal,0.02044359350433036
CUST_00572,normal,0.11032368795556123
CUST_00573,normal,0.054170809747786826
CUST_00574,normal,0.07286142903471178
CUST_00575,occasional_refunder,0.35943381466823937
CUST_00576,suspicious,0.4275437181833407
CUST_00577,normal,0.06332298538911017
CUST_00578,occasional_refunder,0.19192589815490724
CUST_00579,normal,0.10692805629620863
CUST_00580,normal,0.0800339670505974
CUST_00581,normal,0.058354460502166285
CUST_00582,suspicious,0.30445487501742663
CUST_00583,normal,0.09889023660899472
CUST_00584,normal,0.07340087459037008
CUST_00585,normal,0.0784236408052944
CUST_00586,normal,0.019127384308778996
CUST_00587,normal,0.10503502578131786
CUST_00588,normal,0.056951547097052656
CUST_00589,normal,0.008484781541404642
CUST_00590,normal,0.07080917083140457
CUST_00591,normal,0.03816767848825114
CUST_00592,normal,0.05196977051338039
CUST_00593,normal,0.022375107315150293
CUST_00594,normal,0.060652135533405045
CUST_00595,occasional_refunder,0.03866534451494864
CUST_00596,normal,0.016066508486823724
CUST_00597,normal,0.08085765704749774
CUST_00598,normal,0.0626501976995427
CUST_00599,normal,0.034562900262246565
CUST_00600,normal,0.03910366553226244
CUST_00601,normal,0.08088470279251568
CUST_00602,normal,0.032186138126036025
CUST_00603,normal,0.16334928019107364
CUST_00604,normal,0.06703446683914846
CUST_00605,normal,0.06085890195040081
CUST_00606,normal,0.0027740847742830526
CUST_00607,normal,0.032789518585642406
CUST_00608,normal,0.03692039249685759
CUST_00609,normal,0.00513356565520277
CUST_00610,normal,0.06852718812392529
CUST_00611,normal,0.019252619610109843
CUST_00612,normal,0.03619480488931312
CUST_00613,normal,0.029695670345607494
CUST_00614,normal,0.09528321390188293
CUST_00615,occasional_refunder,0.3504614808901363
CUST_00616,occasional_refunder,0.2263859431361025
CUST_00617,normal,0.023273198624923098
CUST_00618,normal,0.02164073295675851
CUST_00619,normal,0.03550692037161026
CUST_00620,normal,0.04527180518573756
CUST_00621,normal,0.0335068988280315
CUST_00622,normal,0.021968090364666175
CUST_00623,normal,0.08347992931489619
CUST_00624,normal,0.09399480263133113
CUST_00625,normal,0.033484581288919145
CUST_00626,normal,0.03796443031202492
CUST_00627,normal,0.09217067499179254
CUST_00628,normal,0.03105647635066064
CUST_00629,normal,0.08343845849259797
CUST_00630,normal,0.08587333590233834
CUST_00631,normal,0.01698092032829506
CUST_00632,occasional_refunder,0.10011069580861263
CUST_00633,normal,0.03227723079897308
CUST_00634,normal,0.047378287445870346
CUST_00635,normal,0.05451457970396269
CUST_00636,normal,0.03797643612701984
CUST_00637,normal,0.051764889000197455
CUST_00638,normal,0.0732678284384758
CUST_00639,normal,0.12959551435763464
CUST_00640,normal,0.10684348594088561
CUST_00641,normal,0.08830583260503128
CUST_00642,normal,0.034339766935767436
CUST_00643,normal,0.02586972813001033
CUST_00644,normal,0.09827601141785497
CUST_00645,normal,0.029306239454197133
CUST_00646,occasional_refunder,0.14177059662319128
CUST_00647,normal,0.026595358683494524
CUST_00648,normal,0.042347506196336475
CUST_00649,normal,0.02161085205307075
CUST_00650,normal,0.04029679478286008
CUST_00651,normal,0.04072738121895591
CUST_00652,normal,0.043718633734325295
CUST_00653,normal,0.04278385899503969
CUST_00654,normal,0.06887551749737468
CUST_00655,normal,0.03835842172236172
CUST_00656,normal,0.06625757693682817
CUST_00657,normal,0.08291726460692231
CUST_00658,normal,0.055016035289062314
CUST_00659,normal,0.05086013633186235
CUST_00660,normal,0.02851149986978555
CUST_00661,normal,0.060445872280348464
CUST_00662,aggressive_abuser,0.5605014611555128
CUST_00663,normal,0.014599967272205224
CUST_00664,normal,0.01989162663633139
CUST_00665,normal,0.059156553472901455
CUST_00666,normal,0.03318878708648442
CUST_00667,normal,0.06504422055603143
CUST_00668,normal,0.008422936965225043
CUST_00669,normal,0.06696479594104608
CUST_00670,normal,0.012556987161233671
CUST_00671,normal,0.1023545704673998
CUST_00672,occasional_refunder,0.10892067459456285
CUST_00673,normal,0.047592340304676614
CUST_00674,normal,0.01817485158665346
CUST_00675,normal,0.00486777647396363
CUST_00676,aggressive_abuser,0.47536388353275605
CUST_00677,normal,0.03803458454485971
CUST_00678,normal,0.009452249135568391
CUST_00679,suspicious,0.6547293581599368
CUST_00680,occasional_refunder,0.15524580371799857
CUST_00681,normal,0.017673343726095955
CUST_00682,normal,0.07515184140543162
CUST_00683,normal,0.03777261773410693
CUST_00684,normal,0.06977752177388645
CUST_00685,occasional_refunder,0.0867471127542429
CUST_00686,normal,0.08952479331003312
CUST_00687,normal,0.03123267267954598
CUST_00688,normal,0.057513145699525405
CUST_00689,normal,0.037468373232109345
CUST_00690,normal,0.11476980724070936
CUST_00691,normal,0.04635409160138967
CUST_00692,normal,0.0752771143865454
CUST_00693,normal,0.06291527815618086
CUST_00694,normal,0.02453019076644865
CUST_00695,normal,0.04541864656303352
CUST_00696,normal,0.07075295227143835
CUST_00697,normal,0.06542942707643788
CUST_00698,normal,0.032965323006696544
CUST_00699,normal,0.08539352417310916
CUST_00700,normal,0.04062848141090233
CUST_00701,normal,0.0271201847901589
CUST_00702,normal,0.02644098446465192
CUST_00703,normal,0.055855435071401956
CUST_00704,normal,0.033351944659349514
CUST_00705,normal,0.10512321860138246
CUST_00706,aggressive_abuser,0.8781132227732753
CUST_00707,normal,0.020345518562074463
CUST_00708,normal,0.029345440358623912
CUST_00709,normal,0.08805623122533673
CUST_00710,normal,0.053235030080932395
CUST_00711,normal,0.023922750052826524
CUST_00712,normal,0.08050627525462101
CUST_00713,normal,0.04763216767252138
CUST_00714,normal,0.07220786907557532
CUST_00715,normal,0.10038392503210704
CUST_00716,occasional_refunder,0.20509829796621631
CUST_00717,normal,0.029431325072614707
CUST_00718,suspicious,0.2612918416370472
CUST_00719,normal,0.04474228133682256
CUST_00720,normal,0.05164273578737574
CUST_00721,suspicious,0.23928164833608803
CUST_00722,normal,0.04466994375433144
CUST_00723,normal,0.11013085951233835
CUST_00724,normal,0.19993405610844175
CUST_00725,normal,0.048049488408158626
CUST_00726,normal,0.015881618860378987
CUST_00727,normal,0.03976707347279741
CUST_00728,normal,0.01282528572825133
CUST_00729,normal,0.020441864766994937
CUST_00730,normal,0.054687915152449765
CUST_00731,normal,0.06662372650180322
CUST_00732,normal,0.09117148834440288
CUST_00733,normal,0.010951710685198717
CUST_00734,normal,0.040196564024643056
CUST_00735,normal,0.04915833542393602
CUST_00736,occasional_refunder,0.04439981599611791
CUST_00737,normal,0.07708009820351881
CUST_00738,normal,0.14567677795679113
CUST_00739,normal,0.06298593102694611
CUST_00740,normal,0.03767013306924687
CUST_00741,normal,0.21110021861264286
CUST_00742,normal,0.0032622248418790736
CUST_00743,normal,0.060211916454300435
CUST_00744,normal,0.03478518633495711
CUST_00745,normal,0.07546791068366106
CUST_00746,occasional_refunder,0.17641565648667493
CUST_00747,normal,0.06828654515040593
CUST_00748,normal,0.025804817548275825
CUST_00749,occasional_refunder,0.28925615089069334
CUST_00750,normal,0.11909287771814354
CUST_00751,normal,0.06216888300901008
CUST_00752,suspicious,0.2982663005470168
CUST_00753,normal,0.10179863455869137
CUST_00754,normal,0.11476557515203366
CUST_00755,normal,0.0967099670883278
CUST_00756,normal,0.0686308654742113
CUST_00757,normal,0.031988773796017125
CUST_00758,normal,0.09380945992063806
CUST_00759,occasional_refunder,0.09202499749852967
CUST_00760,normal,0.13458576153996155
CUST_00761,normal,0.037343036511631726
CUST_00762,normal,0.01770138658827566
CUST_00763,normal,0.12614769789330393
CUST_00764,normal,0.10450427774122255
CUST_00765,normal,0.07243092798754242
CUST_00766,normal,0.05312082205106958
CUST_00767,normal,0.025568446601009747
CUST_00768,occasional_refunder,0.24199124625776186
CUST_00769,normal,0.022376646858835603
CUST_00770,normal,0.011477154694207261
CUST_00771,normal,0.10608285416980655
CUST_00772,normal,0.09204471539420529
CUST_00773,normal,0.08644384390908362
CUST_00774,normal,0.0928370912610735
CUST_00775,normal,0.026876812667480664
CUST_00776,normal,0.0544605758987851
CUST_00777,normal,0.07046018377706138
CUST_00778,normal,0.049196441881305106
CUST_00779,normal,0.04213019362132945
CUST_00780,normal,0.05561578300750402
CUST_00781,normal,0.0791439027455963
CUST_00782,normal,0.04187596664809516
CUST_00783,normal,0.003961710691303902
CUST_00784,normal,0.03315095118000086
CUST_00785,normal,0.133154094904922
CUST_00786,occasional_refunder,0.23164963467829858
CUST_00787,normal,0.12536393729557277
CUST_00788,normal,0.006542612984977197
CUST_00789,normal,0.004303528949536171
CUST_00790,suspicious,0.3728374560967842
CUST_00791,normal,0.07874948122582302
CUST_00792,normal,0.10193155246196334
CUST_00793,normal,0.05744477070209653
CUST_00794,normal,0.06646517314764404
CUST_00795,normal,0.01051231698461009
CUST_00796,occasional_refunder,0.18325105152641813
CUST_00797,suspicious,0.24247109706760397
CUST_00798,normal,0.0913713827999135
CUST_00799,normal,0.04082533863984897
CUST_00800,occasional_refunder,0.24054869894979625
CUST_00801,normal,0.03908696044245942
CUST_00802,normal,0.05595025193050649
CUST_00803,normal,0.028881634926885846
CUST_00804,normal,0.024513739657550233
CUST_00805,normal,0.03370283805281302
CUST_00806,normal,0.035070038498728535
CUST_00807,suspicious,0.18810936836969544
CUST_00808,occasional_refunder,0.08270648021858994
CUST_00809,normal,0.03248007014036343
CUST_00810,normal,0.030427000998407724
CUST_00811,aggressive_abuser,0.6391540204914649
CUST_00812,normal,0.032579747575025395
CUST_00813,normal,0.0207006827763074
CUST_00814,occasional_refunder,0.13087949006616623
CUST_00815,occasional_refunder,0.1527408683770087
CUST_00816,normal,0.01968409565303686
CUST_00817,normal,0.026370199061501856
CUST_00818,normal,0.0947471484632554
CUST_00819,normal,0.047959090954592394
CUST_00820,normal,0.03509107226153601
CUST_00821,normal,0.02313174389476866
CUST_00822,normal,0.06625105160340339
CUST_00823,normal,0.14835638873459964
CUST_00824,normal,0.015474013635342624
CUST_00825,normal,0.03005116891034917
CUST_00826,occasional_refunder,0.11523681659470712
CUST_00827,normal,0.0451839346633048
CUST_00828,normal,0.041252063663492496
CUST_00829,normal,0.012142852962222426
CUST_00830,normal,0.022683118190389318
CUST_00831,normal,0.05759532117055286
CUST_00832,normal,0.03333068578425712
CUST_00833,normal,0.010801728990589933
CUST_00834,normal,0.04872388218325744
CUST_00835,normal,0.14892792145031863
CUST_00836,normal,0.12977624337872803
CUST_00837,occasional_refunder,0.11062413342467432
CUST_00838,normal,0.024916542238747983
CUST_00839,normal,0.06529355941713492
CUST_00840,normal,0.07750368396786725
CUST_00841,normal,0.0019470037027368365
CUST_00842,normal,0.0769215343203356
CUST_00843,normal,0.023818631616415273
CUST_00844,suspicious,0.23413465482317491
CUST_00845,normal,0.02713384583906918
CUST_00846,normal,0.057418027502710696
CUST_00847,normal,0.023477390331580743
CUST_00848,aggressive_abuser,0.774639013049841
CUST_00849,normal,0.06152497297185343
CUST_00850,normal,0.019077738124127754
CUST_00851,normal,0.08311853558425664
CUST_00852,normal,0.06056252817298449
CUST_00853,normal,0.05724205199918987
CUST_00854,occasional_refunder,0.14849882790723332
CUST_00855,normal,0.08582401107497639
CUST_00856,normal,0.031180554383490416
CUST_00857,normal,0.11604384267677387
CUST_00858,normal,0.05235798955666678
CUST_00859,normal,0.03938329208866949
CUST_00860,normal,0.044206355562724835
CUST_00861,normal,0.02468318749460753
CUST_00862,normal,0.022511823325204846
CUST_00863,normal,0.008224531901828888
CUST_00864,normal,0.08203097254140332
CUST_00865,normal,0.11304775114898345
CUST_00866,normal,0.07219191920004321
CUST_00867,normal,0.0998631628381903
CUST_00868,normal,0.019020957756099226
CUST_00869,occasional_refunder,0.1053928826357014
CUST_00870,suspicious,0.37277042477353506
CUST_00871,normal,0.029394742526368072
CUST_00872,normal,0.12613887039963737
CUST_00873,normal,0.08903893413992982
CUST_00874,normal,0.025340675080585358
CUST_00875,normal,0.006302073333067932
CUST_00876,normal,0.10645673710433828
CUST_00877,normal,0.10566858404554856
CUST_00878,normal,0.016855544453510302
CUST_00879,normal,0.02598262185694474
CUST_00880,normal,0.01241887766045889
CUST_00881,normal,0.07112899695465834
CUST_00882,normal,0.05409978913024676
CUST_00883,normal,0.12084507433561101
CUST_00884,normal,0.0641448048960473
CUST_00885,normal,0.04942941551580421
CUST_00886,normal,0.01737786002632938
CUST_00887,normal,0.006776566960975697
CUST_00888,normal,0.013205343965231504
CUST_00889,normal,0.031644235450572655
CUST_00890,normal,0.04058061687013847
CUST_00891,normal,0.04039128766143549
CUST_00892,occasional_refunder,0.26696503923780845
CUST_00893,normal,0.08154133883963602
CUST_00894,normal,0.1110676827474567
CUST_00895,normal,0.019406869275222914
CUST_00896,normal,0.09413769883834198
CUST_00897,normal,0.10119784565714138
CUST_00898,occasional_refunder,0.29832765086763025
CUST_00899,normal,0.0024042531150248896
CUST_00900,normal,0.0327337170663114
CUST_00901,normal,0.01386019083767677
CUST_00902,normal,0.05345282263694453
CUST_00903,normal,0.051402880867664924
CUST_00904,normal,0.0341631797838725
CUST_00905,normal,0.0890648515327911
CUST_00906,occasional_refunder,0.14302368417118705
CUST_00907,normal,0.028763874341399782
CUST_00908,normal,0.05871005213554905
CUST_00909,normal,0.008517311630011303
CUST_00910,normal,0.03876156143058667
CUST_00911,normal,0.10465746212052258
CUST_00912,normal,0.10707336239026709
CUST_00913,normal,0.06892577743400782
CUST_00914,normal,0.08828173006058576
CUST_00915,normal,0.05471618429974153
CUST_00916,normal,0.07522111014784148
CUST_00917,normal,0.05741867349198483
CUST_00918,suspicious,0.7489593869418861
CUST_00919,normal,0.03747575660138301
CUST_00920,normal,0.06254818554477018
CUST_00921,occasional_refunder,0.14063172265623114
CUST_00922,normal,0.05055814887692757
CUST_00923,occasional_refunder,0.1204358979633555
CUST_00924,normal,0.1038895377610265
CUST_00925,normal,0.05432821160065207
CUST_00926,normal,0.10348132679482501
CUST_00927,normal,0.019822416670810538
CUST_00928,normal,0.03278894276022151
CUST_00929,normal,0.038137559437185165
CUST_00930,normal,0.055690467738451585
CUST_00931,normal,0.04930240813063174
CUST_00932,normal,0.1459141878375088
CUST_00933,aggressive_abuser,0.47069957702094944
CUST_00934,normal,0.06537263598153577
CUST_00935,normal,0.13646497694617774
CUST_00936,normal,0.15977680994344268
CUST_00937,normal,0.030624869632771903
CUST_00938,occasional_refunder,0.06303447661628109
CUST_00939,normal,0.07343201252559481
CUST_00940,normal,0.00944786507393838
CUST_00941,normal,0.0391502497408007
CUST_00942,normal,0.05336789787717259
CUST_00943,normal,0.021273847984599144
CUST_00944,normal,0.045893892969255834
CUST_00945,normal,0.049925723722190465
CUST_00946,normal,0.04718324037157412
CUST_00947,normal,0.07784434539805618
CUST_00948,occasional_refunder,0.16037037902315965
CUST_00949,occasional_refunder,0.15905733583677373
CUST_00950,normal,0.045396843085807576
CUST_00951,normal,0.055545648819882866
CUST_00952,normal,0.014189576962444508
CUST_00953,normal,0.060849227972328536
CUST_00954,occasional_refunder,0.16584121761965998
CUST_00955,normal,0.031154157076086705
CUST_00956,normal,0.03004912209558097
CUST_00957,normal,0.01212339171012608
CUST_00958,normal,0.0602912529684805
CUST_00959,normal,0.043160531123191924
CUST_00960,normal,0.11427655647671063
CUST_00961,normal,0.021749270469649962
CUST_00962,normal,0.034752042637544375
CUST_00963,normal,0.011480756980409521
CUST_00964,normal,0.056648421476991034
CUST_00965,normal,0.039062079566843384
CUST_00966,normal,0.06412709786006725
CUST_00967,normal,0.04034159834396984
CUST_00968,normal,0.07233011313850823
CUST_00969,normal,0.09817930159462994
CUST_00970,normal,0.025504483364032077
CUST_00971,normal,0.04614751616154775
CUST_00972,suspicious,0.4037431896789937
CUST_00973,normal,0.01892279171682682
CUST_00974,normal,0.03867233063962115
CUST_00975,normal,0.052286249144611115
CUST_00976,normal,0.03172405032200172
CUST_00977,normal,0.040640527924821805
CUST_00978,normal,0.029742337089822112
CUST_00979,normal,0.07746354908398043
CUST_00980,normal,0.014497584172130274
CUST_00981,normal,0.050833874784702235
CUST_00982,normal,0.06572991813891825
CUST_00983,normal,0.08668236700609346
CUST_00984,normal,0.015184875974644348
CUST_00985,normal,0.078148598566547
CUST_00986,normal,0.03744974720678569
CUST_00987,normal,0.01141434624234371
CUST_00988,normal,0.04072226291992962
CUST_00989,normal,0.045084557803963095
CUST_00990,normal,0.09209980582647859
CUST_00991,normal,0.049483457762481434
CUST_00992,normal,0.06400047276747982
CUST_00993,normal,0.04998792518035323
CUST_00994,normal,0.1111248536358896
CUST_00995,normal,0.0503758777933921
CUST_00996,normal,0.11046263608000995
CUST_00997,occasional_refunder,0.09256075244438143
CUST_00998,normal,0.04623580081848675
CUST_00999,suspicious,0.30167200465594807
CUST_01000,normal,0.10042055663595964
CUST_01001,normal,0.013111974509863978
CUST_01002,normal,0.06316064140757109
CUST_01003,occasional_refunder,0.01499567887308509
CUST_01004,normal,0.05291278818468497
CUST_01005,normal,0.022525473647957425
CUST_01006,normal,0.007779239957692282
CUST_01007,normal,0.058276118566718875
CUST_01008,normal,0.09030019993090405
CUST_01009,normal,0.08272868400621877
CUST_01010,normal,0.01678985092323145
CUST_01011,normal,0.08816509782137882
CUST_01012,aggressive_abuser,0.65031260290593
CUST_01013,suspicious,0.35395465772159007
CUST_01014,normal,0.11649264640666349
CUST_01015,normal,0.034600634406316014
CUST_01016,occasional_refunder,0.11521319133622322
CUST_01017,normal,0.05090742530441394
CUST_01018,normal,0.06476065489916676
CUST_01019,occasional_refunder,0.17130723971691442
CUST_01020,normal,0.09600848309788006
CUST_01021,normal,0.013793581831059313
CUST_01022,normal,0.13269824269315725
CUST_01023,occasional_refunder,0.4255266329504028
CUST_01024,suspicious,0.46905428159304874
CUST_01025,suspicious,0.43869991505853007
CUST_01026,normal,0.0221541896233327
CUST_01027,occasional_refunder,0.08542979093822352
CUST_01028,normal,0.07404680699202094
CUST_01029,normal,0.030230739364479602
CUST_01030,normal,0.029140412466457346
CUST_01031,normal,0.20269458507570198
CUST_01032,normal,0.027613941087598372
CUST_01033,normal,0.11924717351648051
CUST_01034,normal,0.08391497376245811
CUST_01035,normal,0.035451089369880576
CUST_01036,normal,0.18303131327717737
CUST_01037,normal,0.09571820845011177
CUST_01038,normal,0.0456066858031957
CUST_01039,normal,0.0428064307834117
CUST_01040,normal,0.004964689559865156
CUST_01041,normal,0.07055739316520576
CUST_01042,normal,0.1281393406512357
CUST_01043,normal,0.05590463612765138
CUST_01044,normal,0.05672981211920702
CUST_01045,occasional_refunder,0.04086918295650605
CUST_01046,normal,0.049295069643111464
CUST_01047,normal,0.020342887271400757
CUST_01048,normal,0.1389780175259213
CUST_01049,occasional_refunder,0.4372912755737415
CUST_01050,normal,0.021892862518394226
CUST_01051,occasional_refunder,0.14769569317334996
CUST_01052,normal,0.07857669323460957
CUST_01053,suspicious,0.1303209141048695
CUST_01054,normal,0.022034095514907027
CUST_01055,aggressive_abuser,0.7547054993811183
CUST_01056,normal,0.08993863738429402
CUST_01057,normal,0.017002991455413854
CUST_01058,normal,0.04321188835251372
CUST_01059,normal,0.05352640080881187
CUST_01060,normal,0.028228278440017796
CUST_01061,occasional_refunder,0.24428991804871844
CUST_01062,aggressive_abuser,0.3967246103458284
CUST_01063,normal,0.01478790869118494
CUST_01064,normal,0.04308619512945179
CUST_01065,normal,0.07400210620037918
CUST_01066,normal,0.07474264603660126
CUST_01067,normal,0.021665477781708097
CUST_01068,normal,0.03760502554459092
CUST_01069,normal,0.04235509909582935
CUST_01070,normal,0.038774326387778786
CUST_01071,normal,0.05522795096215003
CUST_01072,normal,0.06325491309031817
CUST_01073,normal,0.012047002577760839
CUST_01074,normal,0.04780073063615054
CUST_01075,aggressive_abuser,0.4874371217895917
CUST_01076,normal,0.10825779424221856
CUST_01077,normal,0.00804097706837084
CUST_01078,normal,0.11322427880782351
CUST_01079,normal,0.01206969938789574
CUST_01080,suspicious,0.4636151570233373
CUST_01081,normal,0.06110725018573321
CUST_01082,normal,0.015415646696815031
CUST_01083,normal,0.1031490383550609
CUST_01084,occasional_refunder,0.21224631213444944
CUST_01085,suspicious,0.3097336204015696
CUST_01086,normal,0.0898601137476155
CUST_01087,normal,0.046804968404887466
CUST_01088,normal,0.00961391124942098
CUST_01089,aggressive_abuser,0.46396111761534486
CUST_01090,normal,0.043824774521021855
CUST_01091,suspicious,0.24932694012098083
CUST_01092,normal,0.01271691291163478
CUST_01093,normal,0.04222632391663415
CUST_01094,normal,0.06456204675205558
CUST_01095,normal,0.08321311916304179
CUST_01096,normal,0.019503004733252054
CUST_01097,normal,0.015897814003174783
CUST_01098,normal,0.04854486166652753
CUST_01099,normal,0.04196857549153498
CUST_01100,normal,0.010950842308383606
CUST_01101,normal,0.035729030363435235
CUST_01102,suspicious,0.369888576906411
CUST_01103,occasional_refunder,0.16461720565897495
CUST_01104,occasional_refunder,0.13805226759180342
CUST_01105,aggressive_abuser,0.7921035380670748
CUST_01106,normal,0.050820658775591686
CUST_01107,normal,0.12891040884413163
CUST_01108,normal,0.018021462998618103
CUST_01109,normal,0.008149744501603667
CUST_01110,normal,0.04506910780660673
CUST_01111,normal,0.02234893416522094
CUST_01112,normal,0.07300607928629056
CUST_01113,normal,0.030179157098648136
CUST_01114,normal,0.019099270323596505
CUST_01115,normal,0.061483335296294635
CUST_01116,normal,0.16353211221713548
CUST_01117,normal,0.048766558331147986
CUST_01118,occasional_refunder,0.12955541396658227
CUST_01119,normal,0.07679018411978979
CUST_01120,normal,0.07196619533352427
CUST_01121,occasional_refunder,0.33594180351291897
CUST_01122,suspicious,0.3925791832292159
CUST_01123,occasional_refunder,0.25803706234960105
CUST_01124,normal,0.10115306573861658
CUST_01125,normal,0.01912583401081197
CUST_01126,normal,0.01838974676355269
CUST_01127,normal,0.03817553361260843
CUST_01128,normal,0.09522648677346535
CUST_01129,normal,0.02287793794113493
CUST_01130,normal,0.06713134053693752
CUST_01131,normal,0.014097730903528121
CUST_01132,normal,0.06330988882328144
CUST_01133,normal,0.042169527388636247
CUST_01134,normal,0.1362801942585931
CUST_01135,normal,0.012448728136774442
CUST_01136,normal,0.01885738284522622
CUST_01137,normal,0.016154693866104908
CUST_01138,normal,0.02147332217222783
CUST_01139,normal,0.04033656438372561
CUST_01140,normal,0.04941590166852915
CUST_01141,normal,0.07706795772338933
CUST_01142,normal,0.02724989043431238
CUST_01143,normal,0.04898720470006379
CUST_01144,normal,0.11379290339201001
CUST_01145,normal,0.16280616633972428
CUST_01146,occasional_refunder,0.05469933280439743
CUST_01147,normal,0.019328206854918463
CUST_01148,normal,0.018185362629157487
CUST_01149,normal,0.07079397601240119
CUST_01150,occasional_refunder,0.14624053901733908
CUST_01151,normal,0.026719509894289648
CUST_01152,normal,0.03379021849550686
CUST_01153,normal,0.13002850676802044
CUST_01154,normal,0.012061726290182928
CUST_01155,normal,0.04877677940410198
CUST_01156,normal,0.03257169208353717
CUST_01157,normal,0.10793554908559475
CUST_01158,occasional_refunder,0.057252270941541526
CUST_01159,occasional_refunder,0.13523765662529508
CUST_01160,normal,0.08477504087792921
CUST_01161,normal,0.03873752855390241
CUST_01162,normal,0.05980961995674834
CUST_01163,normal,0.012314283622637735
CUST_01164,normal,0.04827816946655394
CUST_01165,normal,0.052835389554224135
CUST_01166,normal,0.0866449893844059
CUST_01167,normal,0.015828024647625297
CUST_01168,normal,0.03836966722411488
CUST_01169,normal,0.06311456552152644
CUST_01170,normal,0.05522545239728209
CUST_01171,normal,0.037471713594827316
CUST_01172,suspicious,0.23359106017961703
CUST_01173,normal,0.03597597310245685
CUST_01174,normal,0.059826761768588574
CUST_01175,normal,0.058696471724818566
CUST_01176,normal,0.01823044271573855
CUST_01177,normal,0.07708945527704797
CUST_01178,normal,0.014467396817257918
CUST_01179,normal,0.016602214130275808
CUST_01180,normal,0.07870436339891447
CUST_01181,suspicious,0.33128140856587
CUST_01182,normal,0.07253115578509879
CUST_01183,normal,0.06875399113878101
CUST_01184,suspicious,0.5153637447373827
CUST_01185,normal,0.021883615160118497
CUST_01186,suspicious,0.3683441046054725
CUST_01187,normal,0.1717860569434915
CUST_01188,normal,0.02022380618133336
CUST_01189,normal,0.0864530313572285
CUST_01190,normal,0.04932016628905944
CUST_01191,normal,0.15141399880068832
CUST_01192,normal,0.05616595319800213
CUST_01193,normal,0.05604575924548291
CUST_01194,normal,0.025775621632118086
CUST_01195,normal,0.10493736366218132
CUST_01196,occasional_refunder,0.1464231485160751
CUST_01197,suspicious,0.31847508400201474
CUST_01198,suspicious,0.5594287587864533
CUST_01199,normal,0.04072531701787728
CUST_01200,normal,0.06821696737385673
CUST_01201,normal,0.025037872513510483
CUST_01202,normal,0.03035290465149698
CUST_01203,normal,0.08035753942963433
CUST_01204,normal,0.024740438325121503
CUST_01205,normal,0.025930652595786145
CUST_01206,normal,0.07100421344656142
CUST_01207,normal,0.131377817114608
CUST_01208,normal,0.03598073959858365
CUST_01209,normal,0.038114923160934136
CUST_01210,aggressive_abuser,0.7289785573815841
CUST_01211,normal,0.024721901390561112
CUST_01212,normal,0.01634108198382153
CUST_01213,normal,0.04052298093171191
CUST_01214,normal,0.03229493862554373
CUST_01215,normal,0.07301068040794136
CUST_01216,normal,0.023273044917992633
CUST_01217,normal,0.1259389749577561
CUST_01218,normal,0.031125688633818403
CUST_01219,normal,0.058100114135186884
CUST_01220,normal,0.05466711022632627
CUST_01221,suspicious,0.3570273497323254
CUST_01222,normal,0.06630450008962299
CUST_01223,normal,0.06332656433268666
CUST_01224,suspicious,0.5509401521108074
CUST_01225,normal,0.04057472793420747
CUST_01226,normal,0.0348783070254814
CUST_01227,normal,0.058518333953246945
CUST_01228,normal,0.03304290076832358
CUST_01229,aggressive_abuser,0.6123669706155239
CUST_01230,normal,0.022147581927767838
CUST_01231,occasional_refunder,0.17245806372489136
CUST_01232,normal,0.028544176525299423
CUST_01233,normal,0.07672739314227162
CUST_01234,normal,0.028604493817480973
CUST_01235,normal,0.07099150331099342
CUST_01236,normal,0.09949694456786273
CUST_01237,occasional_refunder,0.1896165164709519
CUST_01238,normal,0.058336201934452124
CUST_01239,suspicious,0.28138593874260626
CUST_01240,normal,0.055720531325999356
CUST_01241,occasional_refunder,0.11311226517237631
CUST_01242,normal,0.04512887807491222
CUST_01243,normal,0.07169889801140057
CUST_01244,normal,0.11799997253069505
CUST_01245,normal,0.1335612404570093
CUST_01246,normal,0.06822488744430202
CUST_01247,normal,0.0033183808273982013
CUST_01248,normal,0.03137889604976837
CUST_01249,occasional_refunder,0.15260109518839576
CUST_01250,normal,0.02891193439876579
CUST_01251,normal,0.10462278515786748
CUST_01252,normal,0.013193211950037078
CUST_01253,normal,0.039574393893417215
CUST_01254,normal,0.03993820527839719
CUST_01255,normal,0.008994255803366673
CUST_01256,normal,0.059071212889749286
CUST_01257,normal,0.04862716449644693
CUST_01258,normal,0.06278983952373998
CUST_01259,normal,0.016331601102120907
CUST_01260,normal,0.05852250373976611
CUST_01261,normal,0.07271019764619957
CUST_01262,normal,0.08539265609252
CUST_01263,normal,0.007450822732194852
CUST_01264,normal,0.020477874464428607
CUST_01265,normal,0.034248357902962094
CUST_01266,normal,0.10285672148426538
CUST_01267,normal,0.055991757118585395
CUST_01268,normal,0.04743896986420807
CUST_01269,normal,0.08873725905940343
CUST_01270,normal,0.01757907737693016
CUST_01271,normal,0.045758073404816184
CUST_01272,occasional_refunder,0.20819803035378504
CUST_01273,normal,0.05416925749476832
CUST_01274,normal,0.048424883771811096
CUST_01275,normal,0.028813667454806076
CUST_01276,normal,0.04914330781639508
CUST_01277,normal,0.009665483818961276
CUST_01278,aggressive_abuser,0.500204342747157
CUST_01279,normal,0.04659493641051974
CUST_01280,normal,0.050116804054715115
CUST_01281,normal,0.02164748882203806
CUST_01282,normal,0.07543444766911225
CUST_01283,normal,0.04688429850974176
CUST_01284,normal,0.06984898128148716
CUST_01285,normal,0.019228059495057594
CUST_01286,normal,0.037285200671747384
CUST_01287,normal,0.030613216554825406
CUST_01288,normal,0.03747214431604437
CUST_01289,normal,0.08455517159049566
CUST_01290,normal,0.04201525271405532
CUST_01291,normal,0.046203205563727805
CUST_01292,normal,0.04462966425623672
CUST_01293,normal,0.03348052925741401
CUST_01294,normal,0.06992250323946461
CUST_01295,normal,0.01712106997782385
CUST_01296,normal,0.0908781083728199
CUST_01297,normal,0.017995775677759878
CUST_01298,normal,0.033153372490389514
CUST_01299,normal,0.10493394544029483
CUST_01300,normal,0.012918397466728217
CUST_01301,normal,0.1264514050946586
CUST_01302,suspicious,0.3213176582067326
CUST_01303,normal,0.10214684523497007
CUST_01304,normal,0.07615434562463315
CUST_01305,normal,0.05515887793407774
CUST_01306,occasional_refunder,0.30049875100432494
CUST_01307,normal,0.049727539936411755
CUST_01308,normal,0.07269328719662176
CUST_01309,normal,0.0505438325304717
CUST_01310,normal,0.04526382519058098
CUST_01311,normal,0.03407664370893124
CUST_01312,occasional_refunder,0.03882814215992132
CUST_01313,normal,0.0423020926981665
CUST_01314,normal,0.09902881428748792
CUST_01315,normal,0.03605264870353465
CUST_01316,normal,0.07496538926130644
CUST_01317,normal,0.02574040100022189
CUST_01318,normal,0.010090610955407133
CUST_01319,normal,0.048670803098870154
CUST_01320,normal,0.07586501171526228
CUST_01321,normal,0.04675209605823773
CUST_01322,normal,0.025171007321146528
CUST_01323,occasional_refunder,0.05307015710011345
CUST_01324,normal,0.06582597717818851
CUST_01325,suspicious,0.3633121876465025
CUST_01326,normal,0.05978540142952751
CUST_01327,normal,0.05948643011344209
CUST_01328,normal,0.0023831627238392176
CUST_01329,normal,0.032665681341620546
CUST_01330,normal,0.021882013095098192
CUST_01331,normal,0.013733465899605366
CUST_01332,normal,0.03676956824826962
CUST_01333,normal,0.056319404033501476
CUST_01334,aggressive_abuser,0.7601662381690714
CUST_01335,suspicious,0.2989090603446607
CUST_01336,normal,0.053770231981744195
CUST_01337,normal,0.013436239141828834
CUST_01338,normal,0.02018912835713064
CUST_01339,normal,0.08242619350476116
CUST_01340,normal,0.007068856176974925
CUST_01341,normal,0.03441225909834951
CUST_01342,normal,0.14127919338891404
CUST_01343,occasional_refunder,0.2735972378480882
CUST_01344,normal,0.15954827480286965
CUST_01345,normal,0.008392480055304742
CUST_01346,normal,0.008519067824620325
CUST_01347,normal,0.07138008899805813
CUST_01348,normal,0.02817333163677997
CUST_01349,aggressive_abuser,0.602248666577816
CUST_01350,normal,0.09316005454546393
CUST_01351,occasional_refunder,0.13209471067530376
CUST_01352,normal,0.0010866221982913518
CUST_01353,normal,0.06771463942517311
CUST_01354,normal,0.02955033638801105
CUST_01355,normal,0.016828663046509446
CUST_01356,occasional_refunder,0.32557690766631064
CUST_01357,occasional_refunder,0.10057014852988092
CUST_01358,normal,0.13909855549598668
CUST_01359,normal,0.027228119129578274
CUST_01360,normal,0.032622629032160656
CUST_01361,occasional_refunder,0.2980848477540512
CUST_01362,normal,0.07394833106361608
CUST_01363,normal,0.013716281054578337
CUST_01364,normal,0.04761977761309491
CUST_01365,normal,0.06593953220334137
CUST_01366,normal,0.09386320607344514
CUST_01367,normal,0.07698789003670134
CUST_01368,occasional_refunder,0.09617497285367702
CUST_01369,normal,0.027481822030502676
CUST_01370,normal,0.15278814147654807
CUST_01371,suspicious,0.289852687298034
CUST_01372,normal,0.025769068498918697
CUST_01373,normal,0.07161662382771605
CUST_01374,normal,0.05846414291677607
CUST_01375,normal,0.08394618368218094
CUST_01376,occasional_refunder,0.13023486752811744
CUST_01377,normal,0.0563653576866017
CUST_01378,normal,0.05190223550317951
CUST_01379,normal,0.018018870195174418
CUST_01380,normal,0.06953296166201388
CUST_01381,normal,0.0182029298916288
CUST_01382,normal,0.0593023779542468
CUST_01383,suspicious,0.5216331989543319
CUST_01384,normal,0.029827539732831757
CUST_01385,normal,0.012956847324971852
CUST_01386,normal,0.10441052118137807
CUST_01387,normal,0.05356532740435155
CUST_01388,normal,0.0580304828025715
CUST_01389,suspicious,0.3201422604428327
CUST_01390,normal,0.02737469205048679
CUST_01391,normal,0.04770544267785971
CUST_01392,normal,0.0995311215306744
CUST_01393,normal,0.028102669013863112
CUST_01394,normal,0.11600513126549679
CUST_01395,normal,0.11889063647534388
CUST_01396,normal,0.08970013049016742
CUST_01397,normal,0.017755008913435726
CUST_01398,normal,0.0089396909535396
CUST_01399,normal,0.016380389140530995
CUST_01400,normal,0.016875961663642972
CUST_01401,normal,0.11119730819831951
CUST_01402,normal,0.021325135106945326
CUST_01403,normal,0.056531790181909576
CUST_01404,normal,0.04524257330051407
CUST_01405,normal,0.07139512953629629
CUST_01406,normal,0.027099244631030833
CUST_01407,normal,0.03818923288936977
CUST_01408,normal,0.006808423924748308
CUST_01409,normal,0.05143281331681694
CUST_01410,occasional_refunder,0.02681483910134083
CUST_01411,normal,0.030000984490649744
CUST_01412,normal,0.08587932194365935
CUST_01413,normal,0.023970812118610896
CUST_01414,normal,0.02940413997004229
CUST_01415,normal,0.02156776257144597
CUST_01416,suspicious,0.25950286765902403
CUST_01417,normal,0.03888219288318343
CUST_01418,normal,0.1481878377337287
CUST_01419,normal,0.04114145894775998
CUST_01420,suspicious,0.19132360991573139
CUST_01421,normal,0.07216937127077983
CUST_01422,normal,0.08121453043372517
CUST_01423,normal,0.016274367409013852
CUST_01424,normal,0.05923765471342324
CUST_01425,aggressive_abuser,0.8124791935418942
CUST_01426,suspicious,0.3894182995836554
CUST_01427,normal,0.057010697817726934
CUST_01428,suspicious,0.49247338149856695
CUST_01429,normal,0.11466575281262426
CUST_01430,occasional_refunder,0.09645899089112495
CUST_01431,normal,0.06819679523124318
CUST_01432,normal,0.04570010957099604
CUST_01433,normal,0.09414285840964617
CUST_01434,normal,0.04474238759277885
CUST_01435,normal,0.01721249710941692
CUST_01436,normal,0.07552770753818935
CUST_01437,normal,0.12978976519155572
CUST_01438,normal,0.07047691082768077
CUST_01439,normal,0.0631098790793121
CUST_01440,normal,0.00593131151277825
CUST_01441,suspicious,0.4811839861935446
CUST_01442,normal,0.20538566204822536
CUST_01443,normal,0.008264576189739845
CUST_01444,normal,0.020905042444500962
CUST_01445,occasional_refunder,0.27118605011576685
CUST_01446,normal,0.03721714165679951
CUST_01447,normal,0.03781367262002754
CUST_01448,normal,0.07098990683387922
CUST_01449,suspicious,0.3646947575075694
CUST_01450,normal,0.026291120593222753
CUST_01451,normal,0.03100619718019641
CUST_01452,normal,0.017146007605422148
CUST_01453,occasional_refunder,0.04491800088134568
CUST_01454,normal,0.04582824674360914
CUST_01455,normal,0.024341783847391434
CUST_01456,suspicious,0.1524334648353973
CUST_01457,normal,0.026280211806616587
CUST_01458,normal,0.028907588060332112
CUST_01459,normal,0.06575162649335635
CUST_01460,normal,0.0223531756329019
CUST_01461,normal,0.08067206160358013
CUST_01462,normal,0.025086402803636016
CUST_01463,normal,0.02480449935028885
CUST_01464,normal,0.07050023362637867
CUST_01465,aggressive_abuser,0.48659526173649303
CUST_01466,normal,0.09341906897583736
CUST_01467,suspicious,0.6603728180866693
CUST_01468,normal,0.08277789331569455
CUST_01469,occasional_refunder,0.23056167127956784
CUST_01470,normal,0.026939185846120033
CUST_01471,normal,0.052930684914711174
CUST_01472,normal,0.08461014502945244
CUST_01473,occasional_refunder,0.2190261626346759
CUST_01474,normal,0.00929692737040558
CUST_01475,normal,0.09078109738104542
CUST_01476,normal,0.07069420877658947
CUST_01477,normal,0.02304349431627924
CUST_01478,normal,0.1894467159655188
CUST_01479,normal,0.029514061096213833
CUST_01480,normal,0.022665352144700345
CUST_01481,normal,0.12736770424166938
CUST_01482,normal,0.07041747048342609
CUST_01483,normal,0.08044423129484819
CUST_01484,normal,0.039341355999300436
CUST_01485,normal,0.1035431204728501
CUST_01486,normal,0.03756733238651815
CUST_01487,normal,0.0322686990349211
CUST_01488,normal,0.03311869493156061
CUST_01489,normal,0.024983237623385453
CUST_01490,normal,0.05957843299157115
CUST_01491,normal,0.05724534898199849
CUST_01492,normal,0.05081991007286263
CUST_01493,normal,0.025931322432157428
CUST_01494,normal,0.04130279429120912
CUST_01495,normal,0.02461121251569523
CUST_01496,normal,0.06934087182658202
CUST_01497,normal,0.15599919310739366
CUST_01498,normal,0.02842904242939864
CUST_01499,normal,0.05350393924757798
CUST_01500,occasional_refunder,0.14399282897112944
CUST_01501,normal,0.04486241521688049
CUST_01502,normal,0.07232860704335127
CUST_01503,normal,0.025924411149675506
CUST_01504,normal,0.03006495554432613
CUST_01505,normal,0.04762806987450094
CUST_01506,normal,0.04992014892361697
CUST_01507,normal,0.01833431715118449
CUST_01508,normal,0.07751249158108961
CUST_01509,normal,0.009212142423169568
CUST_01510,normal,0.04955196786700932
CUST_01511,normal,0.040008082041564724
CUST_01512,normal,0.05175313795614713
CUST_01513,suspicious,0.4093202360053756
CUST_01514,normal,0.053035702357339544
CUST_01515,normal,0.035431982678477615
CUST_01516,normal,0.0984916125988786
CUST_01517,normal,0.056967442301053724
CUST_01518,occasional_refunder,0.09729267946811533
CUST_01519,normal,0.05799802920638595
CUST_01520,occasional_refunder,0.19281294273198718
CUST_01521,normal,0.023677103071939813
CUST_01522,suspicious,0.3425674105199591
CUST_01523,normal,0.05015758875609116
CUST_01524,normal,0.012935970314133424
CUST_01525,normal,0.023032097513768484
CUST_01526,normal,0.03569047269282821
CUST_01527,normal,0.0212200938984605
CUST_01528,normal,0.06107800906761198
CUST_01529,normal,0.04380423657316691
CUST_01530,normal,0.020282833323639102
CUST_01531,normal,0.10931285914512545
CUST_01532,normal,0.08322781394249136
CUST_01533,normal,0.032273875502480835
CUST_01534,normal,0.052171890108473125
CUST_01535,normal,0.018383343179532163
CUST_01536,normal,0.05840224585455831
CUST_01537,normal,0.058940626391657744
CUST_01538,normal,0.0498973715188324
CUST_01539,normal,0.05091041445437843
CUST_01540,normal,0.09421207192453994
CUST_01541,normal,0.08111544551188661
CUST_01542,normal,0.09257925433487003
CUST_01543,normal,0.013849262776122763
CUST_01544,normal,0.02192665493525295
CUST_01545,suspicious,0.3692952101979651
CUST_01546,normal,0.05397851307153364
CUST_01547,normal,0.07276720384784444
CUST_01548,normal,0.05433575677701297
CUST_01549,normal,0.034766587492553194
CUST_01550,normal,0.05780214038896322
CUST_01551,suspicious,0.3811771498410888
CUST_01552,normal,0.030739271067822684
CUST_01553,normal,0.0070401705242899215
CUST_01554,occasional_refunder,0.08380171183890724
CUST_01555,normal,0.043336658097781214
CUST_01556,normal,0.053437709751118195
CUST_01557,normal,0.05202946478768952
CUST_01558,normal,0.11254320586033888
CUST_01559,normal,0.07213750907961487
CUST_01560,occasional_refunder,0.08283621343555275
CUST_01561,normal,0.014906565212894612
CUST_01562,normal,0.0754034295018726
CUST_01563,normal,0.02664283175704032
CUST_01564,normal,0.008607218415112467
CUST_01565,normal,0.04632793044510255
CUST_01566,normal,0.029273731458958365
CUST_01567,normal,0.07919652385253077
CUST_01568,normal,0.04388939571281943
CUST_01569,normal,0.05067234565122509
CUST_01570,normal,0.008619510920352978
CUST_01571,normal,0.11576926592560646
CUST_01572,normal,0.07174770548549592
CUST_01573,normal,0.14622776494254133
CUST_01574,occasional_refunder,0.2544686173484262
CUST_01575,normal,0.060749654440663936
CUST_01576,normal,0.04329700740856128
CUST_01577,normal,0.09486237042686248
CUST_01578,normal,0.0943682011369388
CUST_01579,normal,0.015654327423991213
CUST_01580,normal,0.04778096505157401
CUST_01581,normal,0.012039177732259024
CUST_01582,normal,0.052821166519315066
CUST_01583,normal,0.08302890798455993
CUST_01584,normal,0.10157079994425254
CUST_01585,aggressive_abuser,0.325967278807995
CUST_01586,normal,0.04919459906754489
CUST_01587,normal,0.011728619551157733
CUST_01588,normal,0.02732762228685436
CUST_01589,normal,0.039398345023775844
CUST_01590,normal,0.05645914772527006
CUST_01591,normal,0.02794031913985639
CUST_01592,aggressive_abuser,0.5698709369103322
CUST_01593,normal,0.06333306050414761
CUST_01594,normal,0.023027144852881654
CUST_01595,normal,0.08983915244369327
CUST_01596,normal,0.050153749835826045
CUST_01597,normal,0.08557183102112023
CUST_01598,normal,0.06495396973041072
CUST_01599,normal,0.05319667403631431
CUST_01600,occasional_refunder,0.24141648054309486
CUST_01601,normal,0.06863598303940242
CUST_01602,normal,0.030061333683783706
CUST_01603,normal,0.0662418612641094
CUST_01604,normal,0.0721647391276034
CUST_01605,normal,0.03166819324078002
CUST_01606,normal,0.07128012278042309
CUST_01607,normal,0.0620213263148602
CUST_01608,normal,0.024493142982720054
CUST_01609,normal,0.0655639633920125
CUST_01610,normal,0.02990610224376382
CUST_01611,occasional_refunder,0.20516991903811319
CUST_01612,normal,0.04729046126923871
CUST_01613,normal,0.07804275610515164
CUST_01614,normal,0.06171458009652845
CUST_01615,normal,0.05125990567096103
CUST_01616,normal,0.03467417624391286
CUST_01617,aggressive_abuser,0.3051431725707992
CUST_01618,normal,0.03965436968309967
CUST_01619,normal,0.032438810198551236
CUST_01620,normal,0.15595851125730617
CUST_01621,normal,0.13074694577044324
CUST_01622,normal,0.036083048206286675
CUST_01623,normal,0.03301186865222136
CUST_01624,suspicious,0.2706990909828071
CUST_01625,normal,0.037783713311723116
CUST_01626,normal,0.036290623627682574
CUST_01627,normal,0.18187430454728573
CUST_01628,normal,0.021837733821551502
CUST_01629,normal,0.08244878904740667
CUST_01630,normal,0.08019560251084659
CUST_01631,normal,0.029663550172304258
CUST_01632,normal,0.06661910592622412
CUST_01633,normal,0.07584011435793715
CUST_01634,normal,0.10307328813789071
CUST_01635,occasional_refunder,0.18803509207782168
CUST_01636,normal,0.05554362431883486
CUST_01637,normal,0.0434461109656147
CUST_01638,normal,0.12197739870886137
CUST_01639,aggressive_abuser,0.779114012122587
CUST_01640,occasional_refunder,0.1248416102848587
CUST_01641,normal,0.08355598921690557
CUST_01642,normal,0.03794383560188873
CUST_01643,normal,0.05076316800983101
CUST_01644,normal,0.03568497248995662
CUST_01645,normal,0.02178168764396603
CUST_01646,normal,0.039249299262991866
CUST_01647,normal,0.04941292882052099
CUST_01648,normal,0.02181333346239791
CUST_01649,normal,0.07086799345716231
CUST_01650,normal,0.020055439234425803
CUST_01651,normal,0.05240880742093695
CUST_01652,normal,0.0617156030109331
CUST_01653,normal,0.056662524799469184
CUST_01654,normal,0.08931991679599655
CUST_01655,normal,0.06349435452602703
CUST_01656,suspicious,0.3805298900923836
CUST_01657,normal,0.055599857857633404
CUST_01658,normal,0.050575695210985074
CUST_01659,normal,0.04460769757377817
CUST_01660,normal,0.017651074421907206
CUST_01661,normal,0.0523729990686249
CUST_01662,normal,0.010101431038558137
CUST_01663,occasional_refunder,0.11638958089782796
CUST_01664,normal,0.02310357545125005
CUST_01665,aggressive_abuser,0.7005740463322011
CUST_01666,normal,0.0352934352854027
CUST_01667,normal,0.039955853273270905
CUST_01668,suspicious,0.2503258322745601
CUST_01669,normal,0.03632630771833575
CUST_01670,normal,0.034913540072376986
CUST_01671,normal,0.03886098427326949
CUST_01672,occasional_refunder,0.23039652968597688
CUST_01673,occasional_refunder,0.20672229656886648
CUST_01674,normal,0.0431962990043327
CUST_01675,normal,0.04417740776195451
CUST_01676,normal,0.041594369699182746
CUST_01677,normal,0.07803564217907007
CUST_01678,normal,0.0719875021416916
CUST_01679,normal,0.03737088398263639
CUST_01680,normal,0.050767614901973554
CUST_01681,normal,0.04063309015856555
CUST_01682,suspicious,0.3877461185406099
CUST_01683,normal,0.012179379209784763
CUST_01684,normal,0.01145493392810562
CUST_01685,normal,0.03518866161146517
CUST_01686,occasional_refunder,0.08142033186272406
CUST_01687,occasional_refunder,0.14106986292160503
CUST_01688,normal,0.16555105075995408
CUST_01689,normal,0.01567091678107245
CUST_01690,normal,0.06599080385062236
CUST_01691,normal,0.028877642885305248
CUST_01692,normal,0.10801889997895386
CUST_01693,normal,0.09576421786510472
CUST_01694,normal,0.07047225606058503
CUST_01695,normal,0.017280851021905182
CUST_01696,normal,0.0392562473334272
CUST_01697,normal,0.02320155603162551
CUST_01698,normal,0.025297174620450225
CUST_01699,suspicious,0.34988828716891157
CUST_01700,normal,0.022758027779544752
CUST_01701,suspicious,0.3144826466141726
CUST_01702,normal,0.022221951037144097
CUST_01703,normal,0.022154824248340782
CUST_01704,normal,0.02075338147465764
CUST_01705,normal,0.027547565345768323
CUST_01706,normal,0.03365405277625204
CUST_01707,normal,0.06818222499598567
CUST_01708,normal,0.022251008950160172
CUST_01709,normal,0.014443687423875704
CUST_01710,normal,0.0378437830275668
CUST_01711,normal,0.027856282213113884
CUST_01712,normal,0.07798954762587407
CUST_01713,normal,0.03724200544826864
CUST_01714,normal,0.12366283784862253
CUST_01715,normal,0.025679334354118986
CUST_01716,aggressive_abuser,0.6560652063942358
CUST_01717,normal,0.05208820303959629
CUST_01718,normal,0.001475415845853187
CUST_01719,aggressive_abuser,0.786893108999801
CUST_01720,normal,0.0784357070483979
CUST_01721,normal,0.12411199168626882
CUST_01722,normal,0.07176643282407998
CUST_01723,normal,0.0025294273341770397
CUST_01724,normal,0.07675807792072381
CUST_01725,normal,0.011544706616375909
CUST_01726,normal,0.07219236148243703
CUST_01727,normal,0.10338184270563813
CUST_01728,aggressive_abuser,0.6901560534143779
CUST_01729,normal,0.09476742195121844
CUST_01730,normal,0.01780518133493891
CUST_01731,normal,0.023177984043257882
CUST_01732,normal,0.011052284729279962
CUST_01733,normal,0.011352118951481303
CUST_01734,normal,0.010372375544458372
CUST_01735,normal,0.04407105328733783
CUST_01736,occasional_refunder,0.1979447109047783
CUST_01737,normal,0.0068048153159184985
CUST_01738,normal,0.029888466599337055
CUST_01739,normal,0.054465498028125066
CUST_01740,normal,0.012001839566156981
CUST_01741,normal,0.1114636011146326
CUST_01742,normal,0.020638000495498663
CUST_01743,normal,0.09787205328950664
CUST_01744,normal,0.0787998812964773
CUST_01745,normal,0.061383855875465944
CUST_01746,normal,0.07685498730598965
CUST_01747,normal,0.13615923287421985
CUST_01748,normal,0.06903954770013479
CUST_01749,normal,0.05972509996278317
CUST_01750,normal,0.08621374083137041
CUST_01751,normal,0.008148355018545042
CUST_01752,normal,0.0690555937577843
CUST_01753,normal,0.05672651830287997
CUST_01754,normal,0.01601415885837368
CUST_01755,suspicious,0.594207580393334
CUST_01756,normal,0.08653698420806116
CUST_01757,suspicious,0.35374706516171006
CUST_01758,normal,0.06171065474038177
CUST_01759,normal,0.06856460748614741
CUST_01760,normal,0.018310128315392953
CUST_01761,normal,0.10583636891396929
CUST_01762,normal,0.07186418227868636
CUST_01763,normal,0.00780017352580854
CUST_01764,normal,0.0483553102651871
CUST_01765,normal,0.032332186572138995
CUST_01766,normal,0.023417509236122548
CUST_01767,normal,0.04055530324201476
CUST_01768,normal,0.057616681374855726
CUST_01769,normal,0.14060829858542842
CUST_01770,normal,0.01704967756686493
CUST_01771,normal,0.051830894268847426
CUST_01772,normal,0.08017255916399083
CUST_01773,occasional_refunder,0.15240881571515374
CUST_01774,suspicious,0.5793075991437509
CUST_01775,normal,0.07935652792715536
CUST_01776,normal,0.05997145112791059
CUST_01777,normal,0.017244110334747122
CUST_01778,normal,0.01695600856909117
CUST_01779,normal,0.06153090828125646
CUST_01780,normal,0.035897717730650314
CUST_01781,normal,0.10061377213986517
CUST_01782,occasional_refunder,0.176861278498113
CUST_01783,normal,0.045106219047521046
CUST_01784,normal,0.06162827914440981
CUST_01785,normal,0.030357687140897285
CUST_01786,occasional_refunder,0.11751942924138528
CUST_01787,normal,0.13195028931042496
CUST_01788,normal,0.09042554199296729
CUST_01789,normal,0.021129812255835566
CUST_01790,normal,0.04427904440857761
CUST_01791,normal,0.1068616673544277
CUST_01792,normal,0.05478999276155685
CUST_01793,normal,0.028939224199202654
CUST_01794,normal,0.1318759140933815
CUST_01795,normal,0.054758881915695945
CUST_01796,normal,0.023480667426026985
CUST_01797,normal,0.018531993448065016
CUST_01798,normal,0.024176959206416593
CUST_01799,normal,0.0065966457221645685
CUST_01800,normal,0.10530696264744775
CUST_01801,suspicious,0.37922066687435135
CUST_01802,normal,0.0239307985778232
CUST_01803,normal,0.037093766965659795
CUST_01804,normal,0.010242522540499347
CUST_01805,normal,0.1067980459687386
CUST_01806,normal,0.061387374025341376
CUST_01807,normal,0.0920904373632031
CUST_01808,normal,0.03881432957976497
CUST_01809,normal,0.05101558694355812
CUST_01810,normal,0.039412088715385284
CUST_01811,normal,0.03900272913792634
CUST_01812,normal,0.06933491400555064
CUST_01813,normal,0.051863815914617604
CUST_01814,normal,0.12914874937317067
CUST_01815,normal,0.0904380448104143
CUST_01816,suspicious,0.25075210460018504
CUST_01817,normal,0.022657699829534857
CUST_01818,normal,0.01502612997738762
CUST_01819,normal,0.03627134136091966
CUST_01820,normal,0.06399228002573638
CUST_01821,normal,0.11446747516225149
CUST_01822,normal,0.061416128942912915
CUST_01823,normal,0.06957036684499333
CUST_01824,normal,0.06986067940835003
CUST_01825,normal,0.05716648796947693
CUST_01826,normal,0.024804649812396284
CUST_01827,normal,0.03796999094310315
CUST_01828,suspicious,0.43643406720283084
CUST_01829,normal,0.04776380286776244
CUST_01830,normal,0.04327598840405077
CUST_01831,suspicious,0.3422315014798032
CUST_01832,normal,0.049665719255696364
CUST_01833,normal,0.013800367533884602
CUST_01834,normal,0.046756540708694797
CUST_01835,normal,0.12337213546113066
CUST_01836,normal,0.07293514480570482
CUST_01837,normal,0.022523520337057016
CUST_01838,normal,0.038433905520214064
CUST_01839,occasional_refunder,0.09371492132388538
CUST_01840,normal,0.1338945155008647
CUST_01841,normal,0.017158128710459908
CUST_01842,normal,0.02346722989307663
CUST_01843,normal,0.048747201733466146
CUST_01844,normal,0.030182533220179684
CUST_01845,suspicious,0.5630111091427559
CUST_01846,normal,0.05744818670189552
CUST_01847,normal,0.10344927426576432
CUST_01848,normal,0.014930215547211183
CUST_01849,occasional_refunder,0.06621844221164372
CUST_01850,normal,0.008727411596616674
CUST_01851,normal,0.053472310371699534
CUST_01852,normal,0.03374304254591456
CUST_01853,occasional_refunder,0.34952079695989385
CUST_01854,normal,0.01460639590196833
CUST_01855,occasional_refunder,0.23947170740964255
CUST_01856,normal,0.04594608162483086
CUST_01857,normal,0.027032857725505212
CUST_01858,normal,0.03156697479729382
CUST_01859,normal,0.06935739784488278
CUST_01860,normal,0.029328903995160555
CUST_01861,normal,0.0060667074215969684
CUST_01862,normal,0.10270584692716066
CUST_01863,normal,0.17161712690309966
CUST_01864,normal,0.02229328003860793
CUST_01865,aggressive_abuser,0.7378358213596252
CUST_01866,suspicious,0.3475643582265637
CUST_01867,normal,0.06997185199125464
CUST_01868,normal,0.03776147570563092
CUST_01869,normal,0.07386061265063257
CUST_01870,normal,0.03812645429780156
CUST_01871,normal,0.023598132992367345
CUST_01872,normal,0.022366923898580995
CUST_01873,normal,0.10635540916820407
CUST_01874,normal,0.01528416904548706
CUST_01875,normal,0.0633776597858428
CUST_01876,normal,0.03275204410724629
CUST_01877,normal,0.008193605642535266
CUST_01878,normal,0.08148225272818452
CUST_01879,normal,0.09710480419345247
CUST_01880,normal,0.040889540129372175
CUST_01881,normal,0.034777177082728566
CUST_01882,occasional_refunder,0.28250090924756577
CUST_01883,normal,0.05624879789967056
CUST_01884,normal,0.03788572157434781
CUST_01885,normal,0.011188139004723992
CUST_01886,normal,0.020767713794139345
CUST_01887,normal,0.09364016365406488
CUST_01888,normal,0.04421086529275926
CUST_01889,normal,0.002097469932832047
CUST_01890,aggressive_abuser,0.5013952801050764
CUST_01891,normal,0.0794218854450182
CUST_01892,normal,0.06029977224528616
CUST_01893,normal,0.04714144052652063
CUST_01894,normal,0.09220947703613416
CUST_01895,normal,0.02005102092874303
CUST_01896,normal,0.018105668435542132
CUST_01897,normal,0.01568166490899106
CUST_01898,normal,0.027620895486120168
CUST_01899,normal,0.07929454738415992
CUST_01900,normal,0.03167972572540282
CUST_01901,normal,0.04091692702837696
CUST_01902,normal,0.00958682060689925
CUST_01903,normal,0.06997752813440664
CUST_01904,normal,0.04962725826060494
CUST_01905,normal,0.04355400133384674
CUST_01906,normal,0.03016994489077436
CUST_01907,suspicious,0.39800114572302536
CUST_01908,normal,0.029392726029448445
CUST_01909,normal,0.031358398810641355
CUST_01910,normal,0.07785512790449972
CUST_01911,normal,0.05289824207961497
CUST_01912,occasional_refunder,0.08325012691095106
CUST_01913,aggressive_abuser,0.6326189194403709
CUST_01914,normal,0.032663168643690885
CUST_01915,normal,0.0521658029151234
CUST_01916,normal,0.016334747562647512
CUST_01917,occasional_refunder,0.13442634163299763
CUST_01918,normal,0.026961733344167023
CUST_01919,normal,0.057483964922356266
CUST_01920,normal,0.04780132259549881
CUST_01921,normal,0.033292319368714775
CUST_01922,normal,0.03629825540145435
CUST_01923,normal,0.06523634072301303
CUST_01924,normal,0.07558915992744253
CUST_01925,normal,0.04774393177579064
CUST_01926,normal,0.0795672296046315
CUST_01927,normal,0.10362693134988306
CUST_01928,normal,0.01918255330422818
CUST_01929,normal,0.008372841407331235
CUST_01930,normal,0.06992190332048359
CUST_01931,normal,0.02398181080468787
CUST_01932,normal,0.06013817772838211
CUST_01933,normal,0.04876919126905411
CUST_01934,normal,0.07750891347805101
CUST_01935,normal,0.024308959161793847
CUST_01936,normal,0.0053677175869928035
CUST_01937,normal,0.015063159995527322
CUST_01938,normal,0.019153738002081994
CUST_01939,normal,0.07266226872071153
CUST_01940,normal,0.0859283124500181
CUST_01941,normal,0.03183769466085649
CUST_01942,normal,0.05320013926883891
CUST_01943,normal,0.036293784615610836
CUST_01944,normal,0.03405565687692117
CUST_01945,normal,0.07768340804023464
CUST_01946,normal,0.0827752494307507
CUST_01947,normal,0.04776167759525736
CUST_01948,normal,0.07163513985981229
CUST_01949,normal,0.050914501045242415
CUST_01950,normal,0.051640567883035914
CUST_01951,normal,0.1071390196502077
CUST_01952,normal,0.01887441837001648
CUST_01953,normal,0.016525000740063956
CUST_01954,normal,0.007656906311062424
CUST_01955,aggressive_abuser,0.6078422177052205
CUST_01956,suspicious,0.4399603258109484
CUST_01957,normal,0.05139555788997684
CUST_01958,normal,0.0817856712884068
CUST_01959,normal,0.022180654998011723
CUST_01960,normal,0.04139918849601438
CUST_01961,normal,0.02845158141772466
CUST_01962,normal,0.01574302618102085
CUST_01963,normal,0.027779658354887594
CUST_01964,normal,0.06815421777713927
CUST_01965,normal,0.02014400460782013
CUST_01966,normal,0.07111096171929632
CUST_01967,normal,0.07939100939960325
CUST_01968,normal,0.04368624709717978
CUST_01969,normal,0.026793181171241198
CUST_01970,normal,0.0158663519075198
CUST_01971,normal,0.01672118268040708
CUST_01972,normal,0.009823186762899406
CUST_01973,normal,0.05278108880938287
CUST_01974,normal,0.0841253885368605
CUST_01975,normal,0.020818095327350596
CUST_01976,suspicious,0.5411185598384373
CUST_01977,normal,0.11798628467925312
CUST_01978,normal,0.0480367306212819
CUST_01979,occasional_refunder,0.17962264741941777
CUST_01980,normal,0.03725362145826846
CUST_01981,normal,0.0718748347103511
CUST_01982,normal,0.0071276758617615085
CUST_01983,normal,0.039086203347852656
CUST_01984,normal,0.0025500185758269363
CUST_01985,normal,0.04276454089460541
CUST_01986,normal,0.09415219058825713
CUST_01987,normal,0.04863525097977589
CUST_01988,normal,0.08945760198602554
CUST_01989,normal,0.10642274533061208
CUST_01990,normal,0.05202116686203603
CUST_01991,normal,0.07314223298355078
CUST_01992,normal,0.1286780339467743
CUST_01993,normal,0.022905543871523742
CUST_01994,normal,0.01925468620028674
CUST_01995,normal,0.06220851725610702
CUST_01996,normal,0.06014057061038548
CUST_01997,suspicious,0.4315175357079656
CUST_01998,normal,0.04490292876433851
CUST_01999,normal,0.04656302047019381
CUST_02000,normal,0.007743583355890447
CUST_02001,normal,0.03544273235883201
CUST_02002,normal,0.12149454514387294
CUST_02003,occasional_refunder,0.2080646252648709
CUST_02004,normal,0.012471603381690583
CUST_02005,normal,0.030476072260882184
CUST_02006,normal,0.024600026009822376
CUST_02007,normal,0.07565064407229471
CUST_02008,normal,0.10105339695182149
CUST_02009,normal,0.016498806139127346
CUST_02010,normal,0.06896575672594035
CUST_02011,normal,0.06929682620060632
CUST_02012,normal,0.0060501088796750405
CUST_02013,occasional_refunder,0.10292146004502567
CUST_02014,normal,0.08673515854781846
CUST_02015,normal,0.004065363348193415
CUST_02016,normal,0.022882029665092146
CUST_02017,normal,0.12148845823371006
CUST_02018,occasional_refunder,0.19001429179628004
CUST_02019,normal,0.04188127718409468
CUST_02020,normal,0.03820189195420582
CUST_02021,suspicious,0.44542095674818494
CUST_02022,normal,0.11965585829949746
CUST_02023,suspicious,0.5336737884132831
CUST_02024,normal,0.015182778236960395
CUST_02025,normal,0.04473853409146137
CUST_02026,normal,0.03158158335257375
CUST_02027,normal,0.037362209276532825
CUST_02028,suspicious,0.3615284063501312
CUST_02029,normal,0.08005359059449438
CUST_02030,normal,0.017814772465503132
CUST_02031,normal,0.023249308727222882
CUST_02032,normal,0.04867611322044884
CUST_02033,normal,0.1017112148449693
CUST_02034,suspicious,0.3876097324959575
CUST_02035,normal,0.019396191203839105
CUST_02036,normal,0.11258655290972498
CUST_02037,normal,0.04407557057401558
CUST_02038,normal,0.05008407399431116
CUST_02039,normal,0.06459814143161391
CUST_02040,normal,0.034726466106067125
CUST_02041,normal,0.021700697613712083
CUST_02042,normal,0.004186443150922429
CUST_02043,normal,0.0031237660786708277
CUST_02044,normal,0.0686249968526246
CUST_02045,occasional_refunder,0.1345379909333222
CUST_02046,normal,0.0004218225713147791
CUST_02047,normal,0.13242355339116982
CUST_02048,normal,0.03860701876093497
CUST_02049,normal,0.03272251051250352
CUST_02050,normal,0.17535663839148108
CUST_02051,normal,0.043556486101424916
CUST_02052,normal,0.031927566785756735
CUST_02053,normal,0.005925312297822858
CUST_02054,suspicious,0.35713346180025385
CUST_02055,normal,0.06099876332316865
CUST_02056,normal,0.0328834403015552
CUST_02057,normal,0.03918285035780588
CUST_02058,normal,0.07919166045505456
CUST_02059,normal,0.02830154833855144
CUST_02060,normal,0.009352126475650131
CUST_02061,normal,0.024815522897832572
CUST_02062,normal,0.1519898453126071
CUST_02063,normal,0.010244154323676218
CUST_02064,normal,0.05079016360358383
CUST_02065,normal,0.04928449261430962
CUST_02066,normal,0.08574870672089403
CUST_02067,normal,0.02302366455457125
CUST_02068,normal,0.022202388385963293
CUST_02069,normal,0.08587444318200906
CUST_02070,normal,0.07071729359285193
CUST_02071,normal,0.03155691536619156
CUST_02072,normal,0.03191958162442909
CUST_02073,normal,0.1360806062263593
CUST_02074,occasional_refunder,0.15565665677240695
CUST_02075,occasional_refunder,0.25908298150577946
CUST_02076,occasional_refunder,0.2776886429234983
CUST_02077,normal,0.027913362901583503
CUST_02078,normal,0.021502849822161763
CUST_02079,aggressive_abuser,0.6921048319658091
CUST_02080,normal,0.0830460404637472
CUST_02081,normal,0.026215177369845716
CUST_02082,normal,0.09810897704746557
CUST_02083,normal,0.06512508359230404
CUST_02084,occasional_refunder,0.029244628090326512
CUST_02085,normal,0.08636250018192825
CUST_02086,normal,0.03316143491891882
CUST_02087,normal,0.045587288567264905
CUST_02088,normal,0.009056044038288627
CUST_02089,normal,0.0399472018915132
CUST_02090,normal,0.03302950634892252
CUST_02091,normal,0.0750431957484441
CUST_02092,suspicious,0.3117095864423723
CUST_02093,normal,0.037449062831183634
CUST_02094,normal,0.0645885216238582
CUST_02095,normal,0.054451263330786606
CUST_02096,normal,0.016643211519932477
CUST_02097,normal,0.015714837318737008
CUST_02098,normal,0.09478699987468063
CUST_02099,normal,0.10187508711985903
CUST_02100,normal,0.058255003951720334
CUST_02101,occasional_refunder,0.17410321379902036
CUST_02102,normal,0.04421071051352944
CUST_02103,normal,0.02809487297625241
CUST_02104,normal,0.053732416634358786
CUST_02105,normal,0.028347766420976018
CUST_02106,normal,0.04624536352430673
CUST_02107,occasional_refunder,0.2251092583163312
CUST_02108,occasional_refunder,0.08333064530210293
CUST_02109,normal,0.04151221292286821
CUST_02110,aggressive_abuser,0.7151885696447261
CUST_02111,normal,0.04153550129076408
CUST_02112,normal,0.007381003543699892
CUST_02113,normal,0.09880820880843559
CUST_02114,occasional_refunder,0.17039445621701166
CUST_02115,normal,0.031121357405689398
CUST_02116,normal,0.07588648251679436
CUST_02117,normal,0.014255080463158114
CUST_02118,normal,0.0706652582476546
CUST_02119,normal,0.054664113409479166
CUST_02120,occasional_refunder,0.10607971621449094
CUST_02121,normal,0.011844045993636022
CUST_02122,normal,0.0782538774358306
CUST_02123,suspicious,0.339522980961264
CUST_02124,normal,0.1152382504478586
CUST_02125,aggressive_abuser,0.2764381633147505
CUST_02126,normal,0.10639999730021939
CUST_02127,normal,0.0905628339743948
CUST_02128,normal,0.051950963505618716
CUST_02129,occasional_refunder,0.12693982009755786
CUST_02130,normal,0.03531474160591633
CUST_02131,normal,0.04928420028473319
CUST_02132,normal,0.05734316832356255
CUST_02133,normal,0.0299679931915208
CUST_02134,normal,0.08535618965537307
CUST_02135,normal,0.017698742452938593
CUST_02136,occasional_refunder,0.2656500720964689
CUST_02137,normal,0.031128176875621708
CUST_02138,normal,0.05347452353336321
CUST_02139,normal,0.06014526079169598
CUST_02140,occasional_refunder,0.09096189233168679
CUST_02141,normal,0.02581448077166944
CUST_02142,normal,0.044355968560722714
CUST_02143,normal,0.06888971844276602
CUST_02144,normal,0.13211108788148132
CUST_02145,normal,0.006230898949685457
CUST_02146,normal,0.022873827522010746
CUST_02147,normal,0.05591821168964576
CUST_02148,normal,0.060365167737392755
CUST_02149,normal,0.04993184397417482
CUST_02150,normal,0.013006677826800624
CUST_02151,normal,0.04007724968876281
CUST_02152,normal,0.021507822542207188
CUST_02153,normal,0.07096818294478306
CUST_02154,normal,0.12848611581425845
CUST_02155,normal,0.033109829865463763
CUST_02156,normal,0.012697091785765158
CUST_02157,normal,0.023145108963122198
CUST_02158,normal,0.025548121716646707
CUST_02159,normal,0.08990933033749691
CUST_02160,normal,0.0259099762401059
CUST_02161,normal,0.004440802913615715
CUST_02162,normal,0.009640167123538202
CUST_02163,normal,0.05898288362378864
CUST_02164,normal,0.012234201317915
CUST_02165,normal,0.01841747386618342
CUST_02166,suspicious,0.5346864036472866
CUST_02167,normal,0.06155997086390215
CUST_02168,normal,0.04829972573059519
CUST_02169,normal,0.02803013786893578
CUST_02170,normal,0.11358683409708326
CUST_02171,normal,0.10713038749104453
CUST_02172,normal,0.044391423331541974
CUST_02173,normal,0.021233617341053095
CUST_02174,occasional_refunder,0.31610332117737894
CUST_02175,normal,0.017446438297877283
CUST_02176,normal,0.038285045423020726
CUST_02177,normal,0.010796152657096455
CUST_02178,normal,0.11719964958745979
CUST_02179,normal,0.037583773383559886
CUST_02180,normal,0.019377884034684312
CUST_02181,normal,0.010463888060566303
CUST_02182,normal,0.0799617848935401
CUST_02183,normal,0.02152880751440567
CUST_02184,normal,0.005547299692977723
CUST_02185,normal,0.032069644543516664
CUST_02186,suspicious,0.7242265877132659
CUST_02187,occasional_refunder,0.12038647516549436
CUST_02188,normal,0.16254596901511753
CUST_02189,normal,0.14532960567548095
CUST_02190,normal,0.044363693393881035
CUST_02191,normal,0.03585528920444791
CUST_02192,occasional_refunder,0.19121469413350073
CUST_02193,normal,0.013635906369641761
CUST_02194,normal,0.02152796320696815
CUST_02195,normal,0.16657931869216971
CUST_02196,normal,0.020384203810590105
CUST_02197,normal,0.020990021239678955
CUST_02198,occasional_refunder,0.32788658990659364
CUST_02199,normal,0.04548401347798618
CUST_02200,normal,0.052439551574396275
CUST_02201,suspicious,0.2204804502511471
CUST_02202,normal,0.10370383220141019
CUST_02203,normal,0.02630301697495098
CUST_02204,normal,0.027746534266851048
CUST_02205,normal,0.028746897893427166
CUST_02206,occasional_refunder,0.18265120245368435
CUST_02207,normal,0.08896318546815149
CUST_02208,occasional_refunder,0.2731437327799819
CUST_02209,normal,0.1788442964108016
CUST_02210,occasional_refunder,0.1951074689010434
CUST_02211,normal,0.014532684385843512
CUST_02212,normal,0.09911851283800137
CUST_02213,normal,0.020929644179341976
CUST_02214,suspicious,0.31642651407499417
CUST_02215,normal,0.009777176685113739
CUST_02216,normal,0.055256894173280384
CUST_02217,normal,0.10426114471727814
CUST_02218,normal,0.04528203938256588
CUST_02219,occasional_refunder,0.10550017106452153
CUST_02220,normal,0.01362545592880395
CUST_02221,normal,0.03093908255422663
CUST_02222,normal,0.026780916753728696
CUST_02223,normal,0.07111710084108093
CUST_02224,normal,0.0153444485678372
CUST_02225,normal,0.05501314936034052
CUST_02226,normal,0.05930780658211305
CUST_02227,normal,0.026732907031092802
CUST_02228,normal,0.011002321542265108
CUST_02229,normal,0.02651351109837469
CUST_02230,normal,0.02589405167574621
CUST_02231,normal,0.03729906545169498
CUST_02232,normal,0.07684569370929827
CUST_02233,occasional_refunder,0.036540860636412216
CUST_02234,normal,0.10343033678583746
CUST_02235,normal,0.02247115819414589
CUST_02236,normal,0.05741702875653088
CUST_02237,occasional_refunder,0.20791211681896618
CUST_02238,normal,0.10133051152327283
CUST_02239,normal,0.08107595923284334
CUST_02240,normal,0.04417355934198786
CUST_02241,normal,0.02740826795456612
CUST_02242,normal,0.10235085526286732
CUST_02243,normal,0.09830716890471583
CUST_02244,aggressive_abuser,0.5773911530467303
CUST_02245,occasional_refunder,0.09286258769945968
CUST_02246,normal,0.027274929266848415
CUST_02247,normal,0.10005202771419534
CUST_02248,normal,0.0216071670938355
CUST_02249,normal,0.06315438740125824
CUST_02250,normal,0.026093179022765613
CUST_02251,normal,0.022554714039536544
CUST_02252,occasional_refunder,0.12401512105232489
CUST_02253,normal,0.1044431557345747
CUST_02254,normal,0.06519730809401915
CUST_02255,occasional_refunder,0.17136924685373478
CUST_02256,normal,0.1698109647399226
CUST_02257,normal,0.09128096469680883
CUST_02258,normal,0.02597263892023228
CUST_02259,normal,0.044836128046513775
CUST_02260,normal,0.07694985331085213
CUST_02261,normal,0.04593459732878477
CUST_02262,normal,0.01879064915602448
CUST_02263,occasional_refunder,0.07803437678151126
CUST_02264,normal,0.020290472172652646
CUST_02265,normal,0.03214459406248163
CUST_02266,normal,0.03186991908354581
CUST_02267,normal,0.06729946388238713
CUST_02268,normal,0.028347961175589374
CUST_02269,normal,0.035317756477713014
CUST_02270,normal,0.09250841880599515
CUST_02271,normal,0.03199880831680906
CUST_02272,normal,0.08609401972163654
CUST_02273,normal,0.07874805389430321
CUST_02274,normal,0.08825787018128045
CUST_02275,suspicious,0.5050143767469193
CUST_02276,normal,0.01744156184312804
CUST_02277,normal,0.06763486400795884
CUST_02278,normal,0.02230339164197193
CUST_02279,normal,0.10951787934710752
CUST_02280,normal,0.034686518557404476
CUST_02281,normal,0.03676704513062519
CUST_02282,normal,0.11048221214537948
CUST_02283,normal,0.05728449244427688
CUST_02284,normal,0.03526508488911836
CUST_02285,normal,0.05135591650294564
CUST_02286,normal,0.1360912115110534
CUST_02287,suspicious,0.37208416322553367
CUST_02288,normal,0.008742810888701626
CUST_02289,normal,0.042194407651791326
CUST_02290,normal,0.06436615375396584
CUST_02291,normal,0.04060041889467125
CUST_02292,normal,0.013835858835374828
CUST_02293,normal,0.04276889715566363
CUST_02294,normal,0.02852003953207729
CUST_02295,normal,0.10108225923951573
CUST_02296,normal,0.015260744052743982
CUST_02297,normal,0.11695152521369868
CUST_02298,normal,0.1065804867828408
CUST_02299,normal,0.013627363765749611
CUST_02300,normal,0.021525558185020333
CUST_02301,normal,0.046417605890898495
CUST_02302,normal,0.13288629765296187
CUST_02303,normal,0.018560661983819147
CUST_02304,normal,0.01999041188628204
CUST_02305,suspicious,0.4863500149082802
CUST_02306,normal,0.0645821140497791
CUST_02307,normal,0.02807207496039636
CUST_02308,normal,0.13320114230948674
CUST_02309,normal,0.053685386048087584
CUST_02310,normal,0.04852738896512436
CUST_02311,normal,0.025927840873428344
CUST_02312,occasional_refunder,0.25466800168120035
CUST_02313,normal,0.05811210363836473
CUST_02314,normal,0.0431194153278994
CUST_02315,aggressive_abuser,0.6727636483737679
CUST_02316,normal,0.06678339557443015
CUST_02317,normal,0.09548848997409837
CUST_02318,normal,0.07308531964550258
CUST_02319,normal,0.028540635233098556
CUST_02320,normal,0.031035300582078013
CUST_02321,occasional_refunder,0.11609120309505269
CUST_02322,normal,0.04548271451270656
CUST_02323,normal,0.03918775986869091
CUST_02324,normal,0.031658121882055135
CUST_02325,normal,0.23251620401944684
CUST_02326,suspicious,0.16291126980079892
CUST_02327,normal,0.06210234494394291
CUST_02328,normal,0.015935064287827948
CUST_02329,normal,0.04608634625098067
CUST_02330,normal,0.0817500167352205
CUST_02331,normal,0.02916567310554934
CUST_02332,normal,0.008745656835729417
CUST_02333,normal,0.058727889346264175
CUST_02334,normal,0.03294046453759295
CUST_02335,normal,0.020604093077760996
CUST_02336,normal,0.04162814924230764
CUST_02337,normal,0.08633160838902804
CUST_02338,normal,0.025659097664506067
CUST_02339,normal,0.0221264968484908
CUST_02340,normal,0.043862581786033236
CUST_02341,normal,0.014633485204429997
CUST_02342,normal,0.04712170855451187
CUST_02343,normal,0.12509595207620672
CUST_02344,normal,0.01931891416421862
CUST_02345,suspicious,0.2613194658273379
CUST_02346,normal,0.03615620388870732
CUST_02347,normal,0.072965871261932
CUST_02348,normal,0.11464241791133918
CUST_02349,normal,0.008834431742116402
CUST_02350,normal,0.036297492546160756
CUST_02351,normal,0.08597500368170868
CUST_02352,occasional_refunder,0.06433597588868105
CUST_02353,normal,0.10722710019153157
CUST_02354,occasional_refunder,0.22404480548485503
CUST_02355,normal,0.01185147874949893
CUST_02356,normal,0.03945488018441575
CUST_02357,occasional_refunder,0.12981748490124315
CUST_02358,normal,0.040922923739502313
CUST_02359,normal,0.05084179526799736
CUST_02360,normal,0.026263451401574375
CUST_02361,normal,0.09107288874247557
CUST_02362,normal,0.03501344062056335
CUST_02363,normal,0.052544707127180866
CUST_02364,normal,0.06702241593653807
CUST_02365,normal,0.039565202056473736
CUST_02366,normal,0.05741454482615441
CUST_02367,normal,0.03717093641277698
CUST_02368,normal,0.11144734562907611
CUST_02369,normal,0.03289022795747877
CUST_02370,normal,0.02663279279115321
CUST_02371,normal,0.06025227905311883
CUST_02372,normal,0.12285698127437752
CUST_02373,normal,0.058551184566434114
CUST_02374,normal,0.17326315196898978
CUST_02375,normal,0.010672911630134412
CUST_02376,normal,0.029636824973053828
CUST_02377,normal,0.031931249954871954
CUST_02378,normal,0.0739237599689257
CUST_02379,normal,0.02052753642238009
CUST_02380,normal,0.06076069116242879
CUST_02381,normal,0.01821086355945644
CUST_02382,occasional_refunder,0.1292220770227635
CUST_02383,occasional_refunder,0.15483263959926152
CUST_02384,normal,0.055886382532795806
CUST_02385,normal,0.042689548871100796
CUST_02386,normal,0.03554346700200128
CUST_02387,normal,0.03401313102037699
CUST_02388,normal,0.060798693379201615
CUST_02389,normal,0.022558845962631326
CUST_02390,normal,0.06580387246751304
CUST_02391,normal,0.04295324208903122
CUST_02392,normal,0.016387205383923898
CUST_02393,normal,0.011299515415531097
CUST_02394,normal,0.01611124210730387
CUST_02395,occasional_refunder,0.3414923481513114
CUST_02396,normal,0.016610979009849796
CUST_02397,normal,0.0191589201987649
CUST_02398,normal,0.05177828366872796
CUST_02399,normal,0.01999500788439869
CUST_02400,normal,0.03183537071387349
CUST_02401,normal,0.07296403424762417
CUST_02402,normal,0.08374759957949761
CUST_02403,normal,0.04223399759743239
CUST_02404,normal,0.16461878447147224
CUST_02405,normal,0.09266919017646878
CUST_02406,normal,0.01476612897969884
CUST_02407,normal,0.10866399329857132
CUST_02408,normal,0.02542620202131569
CUST_02409,aggressive_abuser,0.45133043639728027
CUST_02410,normal,0.028331314928609574
CUST_02411,normal,0.03382502483161949
CUST_02412,normal,0.008524977394538513
CUST_02413,normal,0.02655699801664849
CUST_02414,normal,0.008265192386079765
CUST_02415,normal,0.16317712651440214
CUST_02416,suspicious,0.29985914763155297
CUST_02417,normal,0.04503518555401975
CUST_02418,normal,0.0297940565892488
CUST_02419,normal,0.05013434217373212
CUST_02420,normal,0.016648914356463172
CUST_02421,normal,0.02313539388567557
CUST_02422,normal,0.055711083984306985
CUST_02423,normal,0.014074185277750947
CUST_02424,normal,0.02806238050816108
CUST_02425,normal,0.05124900615915516
CUST_02426,occasional_refunder,0.06573953850828099
CUST_02427,normal,0.07765764930068764
CUST_02428,suspicious,0.3455448896145241
CUST_02429,normal,0.06952648423621494
CUST_02430,occasional_refunder,0.13169453167429365
CUST_02431,normal,0.043771027524179294
CUST_02432,normal,0.029040788954880097
CUST_02433,aggressive_abuser,0.35879330469218657
CUST_02434,normal,0.015822721924526058
CUST_02435,suspicious,0.4288374712884905
CUST_02436,normal,0.03615009909598115
CUST_02437,normal,0.035411934398171065
CUST_02438,normal,0.009075538718157776
CUST_02439,normal,0.04655017027625541
CUST_02440,normal,0.027383959166054166
CUST_02441,normal,0.0476939563446648
CUST_02442,normal,0.0478143699181306
CUST_02443,normal,0.08146335727109182
CUST_02444,normal,0.008521609774826489
CUST_02445,normal,0.04905338864275069
CUST_02446,normal,0.03319571366323453
CUST_02447,normal,0.02265223543434403
CUST_02448,normal,0.0238007583593726
CUST_02449,normal,0.0163601479434779
CUST_02450,normal,0.022476646555284283
CUST_02451,normal,0.05237025362200884
CUST_02452,suspicious,0.3814929809260725
CUST_02453,normal,0.08149623156802714
CUST_02454,normal,0.01747783953185235
CUST_02455,normal,0.03922167253532855
CUST_02456,normal,0.03950378285301686
CUST_02457,normal,0.03378017013422818
CUST_02458,normal,0.006246366799251342
CUST_02459,normal,0.04600304800796619
CUST_02460,normal,0.03676321470190608
CUST_02461,aggressive_abuser,0.4905733000806139
CUST_02462,occasional_refunder,0.2403858010392068
CUST_02463,normal,0.09374796800413268
CUST_02464,normal,0.03688454280304229
CUST_02465,normal,0.04178634689783431
CUST_02466,normal,0.015931446130905004
CUST_02467,normal,0.018919101237322326
CUST_02468,normal,0.10053265284331123
CUST_02469,normal,0.1083819367435
CUST_02470,normal,0.04471173225709886
CUST_02471,normal,0.09946139331976465
CUST_02472,suspicious,0.42687089426735647
CUST_02473,occasional_refunder,0.16411143341804846
CUST_02474,normal,0.07158902870090023
CUST_02475,normal,0.0524889117268159
CUST_02476,occasional_refunder,0.1380535393708589
CUST_02477,normal,0.04701708566872095
CUST_02478,normal,0.053603830911260086
CUST_02479,normal,0.07415572701080414
CUST_02480,normal,0.01968009688067401
CUST_02481,normal,0.07530567424676601
CUST_02482,occasional_refunder,0.20582573676281388
CUST_02483,suspicious,0.14230788034410582
CUST_02484,normal,0.04144511462951054
CUST_02485,normal,0.03894814352894818
CUST_02486,suspicious,0.25329373273579875
CUST_02487,normal,0.06007515859402479
CUST_02488,occasional_refunder,0.23431302251052222
CUST_02489,normal,0.04706758843097383
CUST_02490,normal,0.08039127093478998
CUST_02491,normal,0.017768731819191193
CUST_02492,normal,0.09525773993063848
CUST_02493,normal,0.042286308988430915
CUST_02494,normal,0.11608548638743266
CUST_02495,normal,0.05931175804820018
CUST_02496,normal,0.028491978561794303
CUST_02497,normal,0.04198049851994524
CUST_02498,occasional_refunder,0.1305080629099418
CUST_02499,suspicious,0.37736160705904137
CUST_02500,normal,0.10345969431677628
CUST_02501,normal,0.036823980290371656
CUST_02502,normal,0.09013563245292527
CUST_02503,normal,0.11734457877982717
CUST_02504,suspicious,0.2867804646938826
CUST_02505,normal,0.03678573782882797
CUST_02506,normal,0.034567059278534026
CUST_02507,normal,0.06875582131073782
CUST_02508,normal,0.038452249739818554
CUST_02509,normal,0.04837379221244968
CUST_02510,occasional_refunder,0.26963435661952695
CUST_02511,normal,0.09428746183901753
CUST_02512,occasional_refunder,0.3209913767681217
CUST_02513,normal,0.0335543877242294
CUST_02514,normal,0.10365393703973304
CUST_02515,normal,0.04954964888717748
CUST_02516,occasional_refunder,0.21486227770742072
CUST_02517,normal,0.0791970021987469
CUST_02518,normal,0.017371134243551585
CUST_02519,normal,0.05652396759374122
CUST_02520,normal,0.11104234837836108
CUST_02521,normal,0.04503511590673967
CUST_02522,normal,0.059720592862417154
CUST_02523,normal,0.04230692300537144
CUST_02524,normal,0.04086801214043418
CUST_02525,normal,0.06079575236006387
CUST_02526,normal,0.0889028825481186
CUST_02527,normal,0.03357864016730695
CUST_02528,suspicious,0.48317340681527327
CUST_02529,normal,0.04748801054770693
CUST_02530,aggressive_abuser,0.703252771281633
CUST_02531,normal,0.043758469703577066
CUST_02532,normal,0.06370778456643549
CUST_02533,normal,0.0464628636979747
CUST_02534,normal,0.014110653476822301
CUST_02535,normal,0.03695962275236781
CUST_02536,normal,0.03784173721177525
CUST_02537,normal,0.0483612446147808
CUST_02538,normal,0.18470068015089686
CUST_02539,normal,0.081162596425876
CUST_02540,normal,0.07486126770656992
CUST_02541,normal,0.036261889704169666
CUST_02542,normal,0.011546834194877719
CUST_02543,normal,0.029537796944176718
CUST_02544,normal,0.08500985981186973
CUST_02545,normal,0.034124983423606405
CUST_02546,normal,0.033073183130631595
CUST_02547,normal,0.02456746009059205
CUST_02548,normal,0.024237993278895312
CUST_02549,normal,0.14697979309366493
CUST_02550,normal,0.07297340362838238
CUST_02551,normal,0.07082566044990206
CUST_02552,normal,0.06474210148259657
CUST_02553,normal,0.11939358011844986
CUST_02554,suspicious,0.5377705495547966
CUST_02555,normal,0.007636618944535029
CUST_02556,suspicious,0.2788339911081368
CUST_02557,normal,0.06815497473876932
CUST_02558,normal,0.061690776073895594
CUST_02559,normal,0.04918523089680731
CUST_02560,normal,0.024456371968658963
CUST_02561,normal,0.04387499702856923
CUST_02562,normal,0.07415558196979899
CUST_02563,normal,0.04766610758907841
CUST_02564,normal,0.02054474319284432
CUST_02565,normal,0.08111668311894443
CUST_02566,normal,0.019576415646197363
CUST_02567,normal,0.08868361588841335
CUST_02568,normal,0.03637160059000129
CUST_02569,normal,0.041735161537727106
CUST_02570,occasional_refunder,0.20493732030464307
CUST_02571,normal,0.03049199386373329
CUST_02572,occasional_refunder,0.3287680899128709
CUST_02573,normal,0.018277284391637654
CUST_02574,normal,0.10278935814607461
CUST_02575,normal,0.03326571032564381
CUST_02576,normal,0.06035975337356177
CUST_02577,suspicious,0.44448063043381
CUST_02578,normal,0.07664362040847035
CUST_02579,normal,0.0216615326781317
CUST_02580,normal,0.11520869194654892
CUST_02581,normal,0.05785316322842884
CUST_02582,occasional_refunder,0.17793062369684484
CUST_02583,normal,0.03684849532834526
CUST_02584,normal,0.04915937150784572
CUST_02585,normal,0.10019036758371294
CUST_02586,normal,0.017533747333679992
CUST_02587,normal,0.045929924656581335
CUST_02588,normal,0.10132106083148133
CUST_02589,normal,0.04643576868181164
CUST_02590,normal,0.08791221522248774
CUST_02591,normal,0.031132837286123444
CUST_02592,normal,0.138011029565476
CUST_02593,normal,0.13416889466859294
CUST_02594,normal,0.05905610088547811
CUST_02595,normal,0.046501756899493894
CUST_02596,normal,0.06468027727793596
CUST_02597,normal,0.07047959880113307
CUST_02598,normal,0.0960928777326704
CUST_02599,normal,0.06339288045256619
CUST_02600,normal,0.06437227693217674
CUST_02601,normal,0.05801190378379845
CUST_02602,normal,0.0192698824573703
CUST_02603,normal,0.034942971572682585
CUST_02604,normal,0.07535059126522173
CUST_02605,normal,0.04408942457981402
CUST_02606,normal,0.06502019194643847
CUST_02607,normal,0.14018039576257277
CUST_02608,normal,0.008879142568226155
CUST_02609,normal,0.08167777010848686
CUST_02610,normal,0.11284120731936745
CUST_02611,normal,0.07136541820311085
CUST_02612,normal,0.030230052664013466
CUST_02613,normal,0.029513483535102983
CUST_02614,normal,0.02384747620621784
CUST_02615,normal,0.03041250839526263
CUST_02616,normal,0.05550092904632958
CUST_02617,normal,0.04802738102560961
CUST_02618,normal,0.13807179728121488
CUST_02619,normal,0.022340694242180603
CUST_02620,normal,0.03805523619599691
CUST_02621,normal,0.024790739586603043
CUST_02622,occasional_refunder,0.058208306782386185
CUST_02623,normal,0.17130372286187584
CUST_02624,occasional_refunder,0.2671178826185347
CUST_02625,normal,0.05953206540874293
CUST_02626,suspicious,0.5006814764111658
CUST_02627,normal,0.029934207724521298
CUST_02628,normal,0.028059917333068653
CUST_02629,normal,0.0049977589313591085
CUST_02630,normal,0.082182469797816
CUST_02631,normal,0.11313004101685478
CUST_02632,normal,0.0474894656254621
CUST_02633,normal,0.01660836282102347
CUST_02634,normal,0.06704923722422565
CUST_02635,normal,0.053161227785185755
CUST_02636,normal,0.07231762368646805
CUST_02637,suspicious,0.29535721208783616
CUST_02638,normal,0.040946057066712
CUST_02639,suspicious,0.12131796116236329
CUST_02640,normal,0.008707744832356137
CUST_02641,normal,0.03199619783227373
CUST_02642,normal,0.006217591118810996
CUST_02643,normal,0.04250741738289057
CUST_02644,normal,0.029995353163750956
CUST_02645,normal,0.05145770143200764
CUST_02646,normal,0.020775973608249516
CUST_02647,suspicious,0.4592575786486543
CUST_02648,normal,0.05899818944704325
CUST_02649,normal,0.05776871251158815
CUST_02650,normal,0.03936016439170545
CUST_02651,normal,0.11262384781203005
CUST_02652,normal,0.01708609376138039
CUST_02653,normal,0.02780756815739423
CUST_02654,normal,0.08840325609891933
CUST_02655,normal,0.010022471306980014
CUST_02656,normal,0.029336258813063766
CUST_02657,normal,0.05165964005122787
CUST_02658,normal,0.0675483312534295
CUST_02659,normal,0.09203236874988982
CUST_02660,normal,0.10942381347918552
CUST_02661,normal,0.018486566555879803
CUST_02662,occasional_refunder,0.22989695464355964
CUST_02663,normal,0.027327797273929137
CUST_02664,normal,0.04995029776389258
CUST_02665,normal,0.09492369063361508
CUST_02666,normal,0.10136253454379718
CUST_02667,normal,0.024541786465218707
CUST_02668,normal,0.04697958512656451
CUST_02669,normal,0.04759499359918671
CUST_02670,normal,0.019309916144838398
CUST_02671,normal,0.06871588094671012
CUST_02672,normal,0.01692652311342733
CUST_02673,normal,0.03784116838111934
CUST_02674,normal,0.05907488652404987
CUST_02675,occasional_refunder,0.07914646581863834
CUST_02676,normal,0.06830399669319011
CUST_02677,normal,0.0915971882004828
CUST_02678,normal,0.01280529320090617
CUST_02679,normal,0.04630957084384375
CUST_02680,normal,0.05630686339624998
CUST_02681,normal,0.023746352449022456
CUST_02682,normal,0.06059882249429216
CUST_02683,normal,0.09303363269636247
CUST_02684,normal,0.03141966846153669
CUST_02685,normal,0.016767359168169
CUST_02686,normal,0.04800844823917158
CUST_02687,normal,0.02953156584497363
CUST_02688,normal,0.10157459952641111
CUST_02689,normal,0.024751176780738484
CUST_02690,normal,0.04254289172433997
CUST_02691,normal,0.092994232066728
CUST_02692,normal,0.004484456830212566
CUST_02693,normal,0.030839452624240905
CUST_02694,normal,0.047578575653737167
CUST_02695,suspicious,0.3553582045071338
CUST_02696,normal,0.07076278261446686
CUST_02697,normal,0.048099019103867775
CUST_02698,normal,0.14056400880320158
CUST_02699,normal,0.07675035888065648
CUST_02700,normal,0.024361586799620784
CUST_02701,normal,0.0938045173721778
CUST_02702,suspicious,0.31571784923401097
CUST_02703,normal,0.07792329511245367
CUST_02704,normal,0.08547936513674002
CUST_02705,normal,0.0769897681632283
CUST_02706,normal,0.03703322120942099
CUST_02707,normal,0.05087293537972936
CUST_02708,normal,0.0521983007071904
CUST_02709,normal,0.025031301666550303
CUST_02710,normal,0.12229322759312422
CUST_02711,normal,0.04790436576677771
CUST_02712,normal,0.043922877793184406
CUST_02713,normal,0.015730934173528395
CUST_02714,normal,0.07944458638240792
CUST_02715,normal,0.01332204372126374
CUST_02716,normal,0.13648332778309594
CUST_02717,normal,0.03957174673717272
CUST_02718,suspicious,0.46092604777328955
CUST_02719,normal,0.08459364622206975
CUST_02720,normal,0.019895675654949825
CUST_02721,occasional_refunder,0.1280323123531978
CUST_02722,normal,0.028346872070296094
CUST_02723,normal,0.008432004184571261
CUST_02724,normal,0.08009663402166808
CUST_02725,normal,0.011915167101805402
CUST_02726,normal,0.07659178733042359
CUST_02727,normal,0.06264843481957832
CUST_02728,normal,0.08379848771790062
CUST_02729,normal,0.005570002405453503
CUST_02730,normal,0.09720975883074906
CUST_02731,normal,0.003270564658857917
CUST_02732,normal,0.07134762296235794
CUST_02733,normal,0.016751086815984022
CUST_02734,suspicious,0.3354595771735732
CUST_02735,suspicious,0.18331813794765126
CUST_02736,normal,0.048118704116123984
CUST_02737,aggressive_abuser,0.6593812845891788
CUST_02738,normal,0.05036955274645932
CUST_02739,suspicious,0.322242963849894
CUST_02740,normal,0.09300965165733552
CUST_02741,normal,0.012537524523911868
CUST_02742,normal,0.00964888742459073
CUST_02743,normal,0.013306914440665686
CUST_02744,normal,0.0367263731420857
CUST_02745,normal,0.010422073494633548
CUST_02746,normal,0.053356124045226
CUST_02747,normal,0.021475117171822856
CUST_02748,normal,0.026631696494293887
CUST_02749,normal,0.018137383239387923
CUST_02750,normal,0.09507956133719803
CUST_02751,normal,0.03180919202294299
CUST_02752,normal,0.043676817164909364
CUST_02753,normal,0.03075126684852354
CUST_02754,normal,0.03727211205524153
CUST_02755,occasional_refunder,0.2830066042503181
CUST_02756,normal,0.01549262649432582
CUST_02757,normal,0.026099786769549077
CUST_02758,occasional_refunder,0.06621965143779274
CUST_02759,normal,0.05676110057578289
CUST_02760,normal,0.07681684921511665
CUST_02761,normal,0.023093494532971087
CUST_02762,normal,0.03141233886124133
CUST_02763,normal,0.02667570347054463
CUST_02764,normal,0.09215472835202206
CUST_02765,normal,0.07412126717347128
CUST_02766,suspicious,0.3298755209059597
CUST_02767,normal,0.01127371842648747
CUST_02768,normal,0.014239530439994276
CUST_02769,normal,0.025024257036813855
CUST_02770,normal,0.030225429926267665
CUST_02771,normal,0.018418789635419465
CUST_02772,normal,0.05915895485387501
CUST_02773,normal,0.05225103407333541
CUST_02774,normal,0.10404703025376534
CUST_02775,normal,0.12031362244402448
CUST_02776,normal,0.11950735408669615
CUST_02777,normal,0.05040330173575573
CUST_02778,normal,0.04323312244798681
CUST_02779,normal,0.019843113444137247
CUST_02780,normal,0.07161378543632223
CUST_02781,normal,0.02313461895035694
CUST_02782,normal,0.03320452882499816
CUST_02783,suspicious,0.5870379393725624
CUST_02784,normal,0.05748246955517106
CUST_02785,normal,0.028780051080416258
CUST_02786,normal,0.0270905038999204
CUST_02787,suspicious,0.27236980372841857
CUST_02788,normal,0.05724220306293404
CUST_02789,suspicious,0.4628068287135337
CUST_02790,aggressive_abuser,0.697132972540451
CUST_02791,normal,0.03668361648248368
CUST_02792,suspicious,0.32005578873841856
CUST_02793,normal,0.06646722840632276
CUST_02794,normal,0.0539601969423143
CUST_02795,normal,0.012867691234116331
CUST_02796,normal,0.08956977292622359
CUST_02797,normal,0.039038673044446824
CUST_02798,normal,0.02042797345946115
CUST_02799,suspicious,0.3017822843845177
CUST_02800,normal,0.0870753572128851
CUST_02801,normal,0.024016891353133073
CUST_02802,occasional_refunder,0.2916077316929086
CUST_02803,suspicious,0.4378732859140771
CUST_02804,suspicious,0.4858164464726824
CUST_02805,normal,0.07342129160820413
CUST_02806,suspicious,0.24569456938405038
CUST_02807,normal,0.038288789343928584
CUST_02808,normal,0.016924135508945327
CUST_02809,normal,0.0950925753440821
CUST_02810,normal,0.030813059799279598
CUST_02811,normal,0.03327074119880073
CUST_02812,normal,0.015409108349296563
CUST_02813,normal,0.04574197956491372
CUST_02814,normal,0.058102174510093384
CUST_02815,normal,0.017122974943669482
CUST_02816,normal,0.015241623068325688
CUST_02817,normal,0.06084008287232285
CUST_02818,normal,0.003430672554280265
CUST_02819,normal,0.006873704820260218
CUST_02820,normal,0.027671001477600942
CUST_02821,occasional_refunder,0.17184509148804458
CUST_02822,normal,0.07986294650544692
CUST_02823,normal,0.055993740467163294
CUST_02824,normal,0.07086144990285202
CUST_02825,normal,0.0662384075693858
CUST_02826,normal,0.033156429972061384
CUST_02827,normal,0.03822642760511061
CUST_02828,normal,0.04377438873595169
CUST_02829,normal,0.07617875380194927
CUST_02830,normal,0.006708305659823814
CUST_02831,normal,0.039171232088646535
CUST_02832,normal,0.05939849273089627
CUST_02833,normal,0.024139368505702915
CUST_02834,normal,0.01958853465298331
CUST_02835,normal,0.02156298128081277
CUST_02836,occasional_refunder,0.30523984250984376
CUST_02837,aggressive_abuser,0.5252168580958521
CUST_02838,normal,0.03441102235234494
CUST_02839,normal,0.049394754850631994
CUST_02840,normal,0.019624405526482296
CUST_02841,normal,0.040212822813513176
CUST_02842,normal,0.035533663301260884
CUST_02843,occasional_refunder,0.3397770202349094
CUST_02844,suspicious,0.29526883643843055
CUST_02845,normal,0.014885647420158086
CUST_02846,normal,0.1303716332759017
CUST_02847,normal,0.054801288753072254
CUST_02848,normal,0.037964639195314814
CUST_02849,normal,0.023464584855697593
CUST_02850,normal,0.08486625569705515
CUST_02851,normal,0.13945712097339413
CUST_02852,normal,0.013898304928042523
CUST_02853,normal,0.14437979726504346
CUST_02854,occasional_refunder,0.06794626698718134
CUST_02855,normal,0.13979898767692725
CUST_02856,normal,0.022060796899931893
CUST_02857,normal,0.0412551252550513
CUST_02858,normal,0.027807009377561694
CUST_02859,normal,0.04414284927292888
CUST_02860,normal,0.08290389503228493
CUST_02861,occasional_refunder,0.23879609065679397
CUST_02862,normal,0.03967330629105801
CUST_02863,suspicious,0.24775564968619462
CUST_02864,normal,0.07216408804112213
CUST_02865,normal,0.02040787884665259
CUST_02866,normal,0.06154498338996868
CUST_02867,normal,0.07556932990608527
CUST_02868,normal,0.02124820986718342
CUST_02869,normal,0.026255557921905617
CUST_02870,normal,0.028822174344459977
CUST_02871,occasional_refunder,0.13777093417680653
CUST_02872,suspicious,0.43754560510476004
CUST_02873,occasional_refunder,0.10839154293747731
CUST_02874,normal,0.11787285716730724
CUST_02875,normal,0.024286111005795728
CUST_02876,normal,0.07352315878410755
CUST_02877,normal,0.14720418187502834
CUST_02878,normal,0.007087176512785273
CUST_02879,normal,0.02775563492900751
CUST_02880,normal,0.008169586231878924
CUST_02881,normal,0.02987967880557252
CUST_02882,occasional_refunder,0.06367283136954917
CUST_02883,normal,0.023937637273781537
CUST_02884,normal,0.11301129525153089
CUST_02885,normal,0.06554502557808285
CUST_02886,suspicious,0.49832004814106784
CUST_02887,normal,0.03622677052263198
CUST_02888,normal,0.06922792672762056
CUST_02889,normal,0.013960663175096236
CUST_02890,normal,0.028090637655204385
CUST_02891,normal,0.025616062544711816
CUST_02892,normal,0.07748408135074833
CUST_02893,normal,0.02894466310061182
CUST_02894,normal,0.04534286531907489
CUST_02895,normal,0.03841398319593173
CUST_02896,occasional_refunder,0.24472357500909914
CUST_02897,normal,0.026143581580635407
CUST_02898,normal,0.01749552155417409
CUST_02899,normal,0.16264720297453153
CUST_02900,normal,0.0762525542295688
CUST_02901,normal,0.01041048448818726
CUST_02902,normal,0.03998398842931759
CUST_02903,normal,0.012285689772871405
CUST_02904,normal,0.037096639688953985
CUST_02905,normal,0.10450967286693803
CUST_02906,normal,0.05493197907172014
CUST_02907,suspicious,0.2880154360003521
CUST_02908,normal,0.1011377476496284
CUST_02909,normal,0.008781228487803848
CUST_02910,normal,0.04575435434717022
CUST_02911,normal,0.049808527134203466
CUST_02912,normal,0.07835561563020277
CUST_02913,normal,0.04975928896381347
CUST_02914,suspicious,0.30555636444153794
CUST_02915,normal,0.009677289889896239
CUST_02916,normal,0.07001804171694927
CUST_02917,normal,0.014305654309150036
CUST_02918,normal,0.11927102678684437
CUST_02919,normal,0.009867347650720433
CUST_02920,normal,0.11465835628272215
CUST_02921,normal,0.11501997741558186
CUST_02922,normal,0.2139501321141211
CUST_02923,normal,0.11317199720610972
CUST_02924,normal,0.05256980216557791
CUST_02925,normal,0.03928129241249572
CUST_02926,occasional_refunder,0.3645302183859261
CUST_02927,normal,0.05729391143689456
CUST_02928,aggressive_abuser,0.5274851505771839
CUST_02929,normal,0.02955134128048607
CUST_02930,normal,0.017612786165602256
CUST_02931,normal,0.08733644250965378
CUST_02932,normal,0.01919470203701851
CUST_02933,normal,0.16613707036889958
CUST_02934,normal,0.08949179442195153
CUST_02935,normal,0.11564311745385238
CUST_02936,normal,0.07181137499498523
CUST_02937,normal,0.006258264372744353
CUST_02938,normal,0.06668449187471082
CUST_02939,suspicious,0.2775808983243896
CUST_02940,normal,0.07264131002969577
CUST_02941,normal,0.004556210376934077
CUST_02942,normal,0.011183040315771168
CUST_02943,normal,0.010430628193059762
CUST_02944,normal,0.0962372895747544
CUST_02945,normal,0.051299437306391096
CUST_02946,normal,0.1171400588879793
CUST_02947,normal,0.0521718327208979
CUST_02948,normal,0.052694576846053984
CUST_02949,normal,0.03508333626307521
CUST_02950,suspicious,0.34631489042542046
CUST_02951,normal,0.019067038591447743
CUST_02952,normal,0.009863244377157786
CUST_02953,normal,0.07837400165902937
CUST_02954,normal,0.040089129147559875
CUST_02955,occasional_refunder,0.2779693903062427
CUST_02956,normal,0.03667401904371776
CUST_02957,normal,0.026439393762239548
CUST_02958,occasional_refunder,0.2203207586939691
CUST_02959,normal,0.13095653289715734
CUST_02960,normal,0.17445338627389986
CUST_02961,normal,0.034431796652577534
CUST_02962,normal,0.07597801019289192
CUST_02963,normal,0.046779651562968774
CUST_02964,suspicious,0.26658313561590297
CUST_02965,occasional_refunder,0.19403201507747397
CUST_02966,normal,0.059675648003051134
CUST_02967,normal,0.12447318316268251
CUST_02968,normal,0.16909652502603978
CUST_02969,suspicious,0.7627045595656748
CUST_02970,normal,0.04422741027434909
CUST_02971,normal,0.049554069042955465
CUST_02972,normal,0.029972098040043377
CUST_02973,normal,0.19190517883053826
CUST_02974,normal,0.035246475264642904
CUST_02975,normal,0.034260566021379835
CUST_02976,normal,0.08341139410984126
CUST_02977,normal,0.11508974183077972
CUST_02978,normal,0.0011218734440868088
CUST_02979,normal,0.007381566250459646
CUST_02980,suspicious,0.4327097184448309
CUST_02981,normal,0.016967641676493055
CUST_02982,normal,0.03194327461468336
CUST_02983,normal,0.03903399327887593
CUST_02984,normal,0.0407285770457476
CUST_02985,normal,0.051663034747095715
CUST_02986,suspicious,0.25587470001167106
CUST_02987,normal,0.016223502683139462
CUST_02988,normal,0.10034690524824715
CUST_02989,normal,0.02180137528314932
CUST_02990,occasional_refunder,0.2971462692633612
CUST_02991,normal,0.10394103706826956
CUST_02992,normal,0.021458448173449236
CUST_02993,normal,0.045461273459211825
CUST_02994,normal,0.03998979117606578
CUST_02995,normal,0.04026104014761877
CUST_02996,occasional_refunder,0.12049402007979175
CUST_02997,normal,0.09134029828829995
CUST_02998,normal,0.030502865471654414
CUST_02999,normal,0.007829576726876999
CUST_03000,occasional_refunder,0.062076472235323796
CUST_03001,normal,0.015530026564120492
CUST_03002,normal,0.02112697236323093
CUST_03003,normal,0.04626369680266066
CUST_03004,normal,0.06947198129493447
CUST_03005,normal,0.0564122313647507
CUST_03006,normal,0.10192587353602574
CUST_03007,occasional_refunder,0.07348024022046189
CUST_03008,normal,0.08877049015965321
CUST_03009,normal,0.016696892413654817
CUST_03010,normal,0.11935932717586961
CUST_03011,normal,0.061500618021335
CUST_03012,normal,0.025833126187513784
CUST_03013,normal,0.09598979897777497
CUST_03014,normal,0.029679042077682544
CUST_03015,normal,0.05477523722107515
CUST_03016,normal,0.09274867815063607
CUST_03017,normal,0.017482187270941467
CUST_03018,normal,0.03337701158592687
CUST_03019,normal,0.01638582174833465
CUST_03020,normal,0.046143438931509656
CUST_03021,normal,0.09304795164586016
CUST_03022,normal,0.0504545624112337
CUST_03023,normal,0.06910098971141347
CUST_03024,normal,0.08996025000933955
CUST_03025,normal,0.024000811065420208
CUST_03026,normal,0.030046395507011457
CUST_03027,suspicious,0.4425462862604546
CUST_03028,normal,0.053101520805563227
CUST_03029,normal,0.025314493729828327
CUST_03030,normal,0.1092687628014202
CUST_03031,normal,0.04031173428670381
CUST_03032,normal,0.11901512226553722
CUST_03033,normal,0.08535803451996304
CUST_03034,normal,0.02583623342765711
CUST_03035,normal,0.04110625637613643
CUST_03036,normal,0.045321616176598446
CUST_03037,normal,0.023036124170559266
CUST_03038,suspicious,0.35134442113913866
CUST_03039,normal,0.10704531087210652
CUST_03040,normal,0.051516326914386866
CUST_03041,normal,0.054576479149328526
CUST_03042,suspicious,0.19244543115987384
CUST_03043,normal,0.012933539856430917
CUST_03044,normal,0.01593362853859136
CUST_03045,normal,0.10474997064271907
CUST_03046,normal,0.08756389732928124
CUST_03047,normal,0.06515690783926274
CUST_03048,normal,0.09248742524123715
CUST_03049,normal,0.041512853174363304
CUST_03050,normal,0.007255960514621577
CUST_03051,normal,0.02597057992167843
CUST_03052,normal,0.04185025885654886
CUST_03053,normal,0.030840624107007907
CUST_03054,normal,0.0497432239669488
CUST_03055,normal,0.07424081195094201
CUST_03056,suspicious,0.3567001057844543
CUST_03057,normal,0.12006674835257933
CUST_03058,normal,0.04574816401332213
CUST_03059,normal,0.068814997082417
CUST_03060,suspicious,0.37142021166954137
CUST_03061,normal,0.06046663926135786
CUST_03062,normal,0.03604242759659146
CUST_03063,normal,0.02498641023154199
CUST_03064,normal,0.07168429832907622
CUST_03065,normal,0.05835398667262313
CUST_03066,normal,0.041185412173092455
CUST_03067,normal,0.025306774684828177
CUST_03068,suspicious,0.3816720362832134
CUST_03069,normal,0.04577392950530502
CUST_03070,normal,0.05909092498670546
CUST_03071,normal,0.05046064866954777
CUST_03072,normal,0.06699844093873869
CUST_03073,normal,0.024868280255126194
CUST_03074,normal,0.05454638370590242
CUST_03075,normal,0.04377283888481948
CUST_03076,occasional_refunder,0.07760111327047224
CUST_03077,suspicious,0.3269807621046271
CUST_03078,normal,0.04627097334626404
CUST_03079,normal,0.08074840396186006
CUST_03080,suspicious,0.3463635906789379
CUST_03081,normal,0.05682617352604226
CUST_03082,occasional_refunder,0.14616169713380284
CUST_03083,normal,0.05467902809746422
CUST_03084,normal,0.011353889280883368
CUST_03085,normal,0.01025502540422347
CUST_03086,normal,0.02047792663416292
CUST_03087,normal,0.03659824346598788
CUST_03088,normal,0.021889318605274526
CUST_03089,normal,0.04598847693675692
CUST_03090,normal,0.04093380914564573
CUST_03091,normal,0.08654557533830652
CUST_03092,suspicious,0.6428686280575157
CUST_03093,normal,0.051123836559078574
CUST_03094,normal,0.11631657917500032
CUST_03095,normal,0.03992326350089359
CUST_03096,normal,0.029879624950810448
CUST_03097,suspicious,0.6575829762145724
CUST_03098,normal,0.0553831427980407
CUST_03099,normal,0.0179203720150395
CUST_03100,normal,0.015500415919468172
CUST_03101,normal,0.08195954981530447
CUST_03102,normal,0.08362810342042251
CUST_03103,occasional_refunder,0.16464983608937342
CUST_03104,normal,0.0635796501034894
CUST_03105,normal,0.04737349494087444
CUST_03106,normal,0.012819290914943752
CUST_03107,normal,0.11605736371578042
CUST_03108,normal,0.06401511763117196
CUST_03109,normal,0.05362042175351143
CUST_03110,normal,0.0057260253445726135
CUST_03111,normal,0.03723645450170941
CUST_03112,normal,0.03624248187900172
CUST_03113,normal,0.016056556982608737
CUST_03114,normal,0.01531148742911549
CUST_03115,normal,0.05700525640842474
CUST_03116,occasional_refunder,0.08805049077519102
CUST_03117,normal,0.027006165687152615
CUST_03118,normal,0.03455074917003027
CUST_03119,normal,0.010232967425092138
CUST_03120,normal,0.04636989189646039
CUST_03121,normal,0.010894316315066394
CUST_03122,normal,0.023407919610663894
CUST_03123,normal,0.008702514507274908
CUST_03124,normal,0.0216719769345984
CUST_03125,normal,0.002887424571874262
CUST_03126,normal,0.05397564455550437
CUST_03127,normal,0.014432197225827465
CUST_03128,normal,0.059071285229146606
CUST_03129,suspicious,0.4913201455742853
CUST_03130,normal,0.022772969721918352
CUST_03131,normal,0.022282533475804566
CUST_03132,normal,0.058894820274105
CUST_03133,suspicious,0.2969157709940148
CUST_03134,normal,0.017308597207456016
CUST_03135,normal,0.05713178495327472
CUST_03136,normal,0.03343064780671618
CUST_03137,normal,0.0510689101144081
CUST_03138,normal,0.04924540402022174
CUST_03139,normal,0.07034095037942953
CUST_03140,normal,0.06911441529575027
CUST_03141,normal,0.05841085070765747
CUST_03142,occasional_refunder,0.1796036087608251
CUST_03143,normal,0.08107189943666332
CUST_03144,normal,0.012022397025939966
CUST_03145,normal,0.04130346112330314
CUST_03146,normal,0.05146548672733311
CUST_03147,occasional_refunder,0.19996337146466275
CUST_03148,normal,0.044220346297318566
CUST_03149,normal,0.1638517379984582
CUST_03150,normal,0.037734392062013476
CUST_03151,normal,0.027462440257615576
CUST_03152,normal,0.03174141147591797
CUST_03153,normal,0.029944154440502396
CUST_03154,normal,0.021074128577958772
CUST_03155,normal,0.10648136047739194
CUST_03156,normal,0.08769022962976727
CUST_03157,suspicious,0.20004935059657156
CUST_03158,normal,0.09473726120667794
CUST_03159,normal,0.0513652693211301
CUST_03160,normal,0.06977638881613636
CUST_03161,normal,0.04809936454447769
CUST_03162,normal,0.0316600678679669
CUST_03163,normal,0.021103959030321983
CUST_03164,normal,0.07679984743959538
CUST_03165,normal,0.05810848364762708
CUST_03166,normal,0.10567398409812788
CUST_03167,occasional_refunder,0.08486985017510025
CUST_03168,normal,0.049290665037195314
CUST_03169,normal,0.09171870854248064
CUST_03170,normal,0.04878627246610391
CUST_03171,normal,0.03066627291991135
CUST_03172,normal,0.016478633914890902
CUST_03173,normal,0.026976615927793535
CUST_03174,normal,0.03377270412897617
CUST_03175,normal,0.08942714582654829
CUST_03176,normal,0.011632184270701082
CUST_03177,normal,0.05706623440473699
CUST_03178,occasional_refunder,0.19194615100066198
CUST_03179,normal,0.0333012068583321
CUST_03180,normal,0.06130300637179438
CUST_03181,normal,0.04057969387078645
CUST_03182,normal,0.015689515354673795
CUST_03183,normal,0.05214006165831604
CUST_03184,normal,0.040218768617231886
CUST_03185,normal,0.04874113235602207
CUST_03186,normal,0.036254948662016284
CUST_03187,normal,0.07050812692214928
CUST_03188,normal,0.14731017903430155
CUST_03189,normal,0.03151021428180939
CUST_03190,normal,0.07428826260894085
CUST_03191,normal,0.012916123631926485
CUST_03192,occasional_refunder,0.22266579115968632
CUST_03193,suspicious,0.5713921929232859
CUST_03194,normal,0.09229352636601393
CUST_03195,normal,0.028258298799785954
CUST_03196,normal,0.027452930895283997
CUST_03197,suspicious,0.2251588343958293
CUST_03198,occasional_refunder,0.17865603773878114
CUST_03199,normal,0.0072927588235081635
CUST_03200,normal,0.08969188408206329
CUST_03201,normal,0.1680356885391588
CUST_03202,normal,0.14535252779680866
CUST_03203,normal,0.0285024959676856
CUST_03204,occasional_refunder,0.2643652565017817
CUST_03205,normal,0.09105819151858757
CUST_03206,normal,0.021207523274834116
CUST_03207,occasional_refunder,0.11969793930262332
CUST_03208,normal,0.05668355154292791
CUST_03209,normal,0.07248845665183198
CUST_03210,normal,0.01915339570355655
CUST_03211,normal,0.04061774354146025
CUST_03212,normal,0.03766529900450767
CUST_03213,normal,0.024879399306894923
CUST_03214,normal,0.06886070807347713
CUST_03215,normal,0.03035444506314612
CUST_03216,normal,0.15517221158826286
CUST_03217,normal,0.020221305575843986
CUST_03218,normal,0.11202842625035171
CUST_03219,normal,0.059729120769445705
CUST_03220,normal,0.0356644180285337
CUST_03221,normal,0.037380499993314435
CUST_03222,normal,0.013941299414236932
CUST_03223,normal,0.07352418148798562
CUST_03224,normal,0.05001082336429651
CUST_03225,normal,0.10474546677028217
CUST_03226,occasional_refunder,0.3329921225554522
CUST_03227,normal,0.010625428332311442
CUST_03228,normal,0.03433281410741946
CUST_03229,normal,0.1122955043092821
CUST_03230,normal,0.04956901713549047
CUST_03231,normal,0.0597840481918475
CUST_03232,normal,0.04635340668448285
CUST_03233,normal,0.013442020480937273
CUST_03234,normal,0.08136339933185174
CUST_03235,normal,0.04576201629479823
CUST_03236,normal,0.09396770009829217
CUST_03237,normal,0.0517008453469617
CUST_03238,suspicious,0.3339768573908201
CUST_03239,normal,0.08554380615930138
CUST_03240,normal,0.015099593724442396
CUST_03241,normal,0.06173933399818202
CUST_03242,normal,0.030457661003306605
CUST_03243,normal,0.061676558345803205
CUST_03244,normal,0.04152674532209792
CUST_03245,normal,0.0684113031336856
CUST_03246,normal,0.030094401735651245
CUST_03247,normal,0.04932872522679212
CUST_03248,normal,0.022219328874499303
CUST_03249,occasional_refunder,0.17793164542556297
CUST_03250,normal,0.013660172790486032
CUST_03251,normal,0.1300125259566829
CUST_03252,normal,0.07751077191405875
CUST_03253,normal,0.07729774154770279
CUST_03254,normal,0.04382933576865366
CUST_03255,normal,0.1458479803929975
CUST_03256,normal,0.12310607326860983
CUST_03257,normal,0.04350185651446594
CUST_03258,normal,0.06594268411116595
CUST_03259,normal,0.010555460000253376
CUST_03260,occasional_refunder,0.16834646294075875
CUST_03261,normal,0.052195708900355214
CUST_03262,normal,0.015663205706544458
CUST_03263,normal,0.06406532795857366
CUST_03264,normal,0.0474862739966166
CUST_03265,normal,0.022030147649602688
CUST_03266,normal,0.03409313931530454
CUST_03267,normal,0.05870047570429936
CUST_03268,normal,0.039468844495552824
CUST_03269,normal,0.05374439673437201
CUST_03270,normal,0.03260826268651057
CUST_03271,normal,0.04745735996421138
CUST_03272,normal,0.05521951357328462
CUST_03273,normal,0.023754037977296024
CUST_03274,normal,0.08182419580367076
CUST_03275,normal,0.0271368169356151
CUST_03276,normal,0.060532515565188176
CUST_03277,normal,0.12515006201412585
CUST_03278,normal,0.031450353264330634
CUST_03279,normal,0.05637717246441004
CUST_03280,normal,0.09500967369687802
CUST_03281,normal,0.06854116065534145
CUST_03282,normal,0.047583550361530294
CUST_03283,normal,0.019676043285363792
CUST_03284,occasional_refunder,0.23754597264531002
CUST_03285,normal,0.06150545075860269
CUST_03286,normal,0.033380030389776064
CUST_03287,normal,0.06328160224393727
CUST_03288,normal,0.1032568019916221
CUST_03289,occasional_refunder,0.20031231781933687
CUST_03290,normal,0.07741302992797675
CUST_03291,normal,0.03704425907867773
CUST_03292,occasional_refunder,0.2299855903717894
CUST_03293,normal,0.01227379076075555
CUST_03294,normal,0.08398787863471531
CUST_03295,suspicious,0.32726780542971323
CUST_03296,normal,0.0580361182202858
CUST_03297,normal,0.022942055845575553
CUST_03298,normal,0.002782716576930889
CUST_03299,normal,0.08764620106632101
CUST_03300,normal,0.03140051049200895
CUST_03301,normal,0.12471821613556183
CUST_03302,aggressive_abuser,0.6766364077285922
CUST_03303,normal,0.06512989757345941
CUST_03304,normal,0.10193204716617611
CUST_03305,normal,0.07537757942086831
CUST_03306,normal,0.04896933704881909
CUST_03307,normal,0.02161469454025134
CUST_03308,normal,0.018894642963029257
CUST_03309,normal,0.017932662541684248
CUST_03310,normal,0.07851165805782681
CUST_03311,normal,0.13402014614853147
CUST_03312,normal,0.03390164649578083
CUST_03313,normal,0.08396294528133676
CUST_03314,normal,0.029411097797380586
CUST_03315,normal,0.045744225040061946
CUST_03316,normal,0.028380945333428897
CUST_03317,normal,0.03891381570940271
CUST_03318,normal,0.09765625096855833
CUST_03319,normal,0.010877880909299559
CUST_03320,normal,0.0642500746811148
CUST_03321,normal,0.022242074625560274
CUST_03322,normal,0.04654207321548924
CUST_03323,normal,0.0785182907009129
CUST_03324,normal,0.07645678783316767
CUST_03325,normal,0.02057153644656604
CUST_03326,normal,0.014093239648917287
CUST_03327,normal,0.003144339789023814
CUST_03328,normal,0.014423172121213043
CUST_03329,normal,0.09335807146088373
CUST_03330,normal,0.06709404633217432
CUST_03331,normal,0.06028559822073402
CUST_03332,normal,0.00634293077937657
CUST_03333,normal,0.04425420192910941
CUST_03334,normal,0.011578645422192894
CUST_03335,occasional_refunder,0.10900488843550578
CUST_03336,normal,0.06969599788003634
CUST_03337,occasional_refunder,0.30195538408743205
CUST_03338,normal,0.08658616523018214
CUST_03339,normal,0.18283989291921193
CUST_03340,normal,0.04928579442182974
CUST_03341,occasional_refunder,0.11600283158441771
CUST_03342,normal,0.05736993503522977
CUST_03343,normal,0.03478302986527441
CUST_03344,normal,0.046919254968721125
CUST_03345,normal,0.022593103017569418
CUST_03346,normal,0.04337302982079976
CUST_03347,normal,0.04061226743836162
CUST_03348,normal,0.0640234461884973
CUST_03349,normal,0.06535230071685835
CUST_03350,normal,0.05825844682891905
CUST_03351,normal,0.021515171472382036
CUST_03352,normal,0.027133764209289212
CUST_03353,occasional_refunder,0.13087588848721957
CUST_03354,normal,0.056021980535555224
CUST_03355,normal,0.01238440755006098
CUST_03356,normal,0.027463756268014023
CUST_03357,normal,0.034087896997495835
CUST_03358,normal,0.01731685735650956
CUST_03359,normal,0.15270492401417812
CUST_03360,normal,0.016492019042920174
CUST_03361,normal,0.15505226920808296
CUST_03362,normal,0.02726617763070076
CUST_03363,normal,0.07629241486448184
CUST_03364,normal,0.12512476537767095
CUST_03365,suspicious,0.1583051829191054
CUST_03366,normal,0.029391306917175144
CUST_03367,normal,0.005123809037430376
CUST_03368,normal,0.05919283660041552
CUST_03369,normal,0.06528771608698104
CUST_03370,normal,0.06826955640165347
CUST_03371,normal,0.011012628962781209
CUST_03372,normal,0.05854833238539372
CUST_03373,normal,0.05937563510630332
CUST_03374,normal,0.10958636206149175
CUST_03375,normal,0.038892827807085466
CUST_03376,normal,0.11479639647121095
CUST_03377,normal,0.040999113883235586
CUST_03378,normal,0.0214149072278812
CUST_03379,normal,0.11951329797741861
CUST_03380,normal,0.10092348799225624
CUST_03381,normal,0.025946691695557033
CUST_03382,normal,0.024799648253121493
CUST_03383,normal,0.03448141082367479
CUST_03384,normal,0.013220155582820815
CUST_03385,normal,0.03604449357302079
CUST_03386,occasional_refunder,0.04446213823170777
CUST_03387,normal,0.04572674205530326
CUST_03388,normal,0.040408011683028544
CUST_03389,normal,0.12375300915011282
CUST_03390,normal,0.04320678332900847
CUST_03391,normal,0.035222349367307844
CUST_03392,occasional_refunder,0.11688681116076263
CUST_03393,occasional_refunder,0.35089687487743987
CUST_03394,normal,0.01754051863499956
CUST_03395,occasional_refunder,0.031659275397499215
CUST_03396,aggressive_abuser,0.7240794211986435
CUST_03397,normal,0.040104008484023505
CUST_03398,normal,0.025384816903172784
CUST_03399,normal,0.02522610142979007
CUST_03400,normal,0.04988263817937039
CUST_03401,normal,0.0892543754102216
CUST_03402,normal,0.05619660845915594
CUST_03403,aggressive_abuser,0.6576867361150578
CUST_03404,normal,0.08761631393617673
CUST_03405,normal,0.018117579875295005
CUST_03406,normal,0.004956041948929899
CUST_03407,occasional_refunder,0.2327971147497875
CUST_03408,aggressive_abuser,0.5955845985071961
CUST_03409,normal,0.11002026852675532
CUST_03410,normal,0.011652872297528833
CUST_03411,normal,0.048589595982662256
CUST_03412,normal,0.029639841038710844
CUST_03413,normal,0.046392973855522046
CUST_03414,normal,0.08534497413515472
CUST_03415,normal,0.06621362260824509
CUST_03416,normal,0.03676545223347344
CUST_03417,normal,0.015157555778597941
CUST_03418,normal,0.04302394210829889
CUST_03419,normal,0.08651653188264054
CUST_03420,normal,0.03944616900915293
CUST_03421,normal,0.0074101352980198735
CUST_03422,normal,0.030588937209869455
CUST_03423,normal,0.06281736661106493
CUST_03424,normal,0.1339018170458178
CUST_03425,normal,0.1274087131260649
CUST_03426,normal,0.06521887709029747
CUST_03427,normal,0.033014384930786726
CUST_03428,normal,0.0317718733712823
CUST_03429,occasional_refunder,0.13601056001304765
CUST_03430,normal,0.051278012876150754
CUST_03431,normal,0.03222412386546703
CUST_03432,aggressive_abuser,0.5437881685190401
CUST_03433,normal,0.06353867031221415
CUST_03434,normal,0.026826057809912204
CUST_03435,normal,0.08008203964120526
CUST_03436,normal,0.07130832881572842
CUST_03437,normal,0.10602329678782008
CUST_03438,normal,0.1132632780393205
CUST_03439,occasional_refunder,0.06414347020724721
CUST_03440,occasional_refunder,0.07691880918276162
CUST_03441,normal,0.11495590258285515
CUST_03442,normal,0.08501523201517687
CUST_03443,normal,0.016543580642210443
CUST_03444,aggressive_abuser,0.8208103706489775
CUST_03445,suspicious,0.20315039235171786
CUST_03446,normal,0.021931042450695173
CUST_03447,normal,0.047644209691243444
CUST_03448,normal,0.06608588211177216
CUST_03449,normal,0.02456663604180401
CUST_03450,normal,0.06332772246661153
CUST_03451,normal,0.007011311341012834
CUST_03452,normal,0.1784905968215506
CUST_03453,normal,0.022586602380685807
CUST_03454,normal,0.04820843847820183
CUST_03455,suspicious,0.3734261416708167
CUST_03456,normal,0.04955541006175154
CUST_03457,normal,0.010926827595774102
CUST_03458,normal,0.0053912738390413965
CUST_03459,normal,0.029277979350919404
CUST_03460,normal,0.056279691643340235
CUST_03461,normal,0.048552369755738053
CUST_03462,normal,0.07776274058282619
CUST_03463,normal,0.06286357485140678
CUST_03464,normal,0.012791238694836837
CUST_03465,normal,0.045977401258036475
CUST_03466,normal,0.044128428595500806
CUST_03467,normal,0.016071852782627846
CUST_03468,normal,0.07494983582764107
CUST_03469,normal,0.042470237500912264
CUST_03470,normal,0.013701721416030738
CUST_03471,normal,0.14726512242699766
CUST_03472,normal,0.04601226331259884
CUST_03473,normal,0.05301942156400648
CUST_03474,normal,0.04447378997266657
CUST_03475,normal,0.01747520327548627
CUST_03476,normal,0.01629677530000309
CUST_03477,suspicious,0.1429389193909663
CUST_03478,normal,0.0581396944219137
CUST_03479,normal,0.028997707157292316
CUST_03480,normal,0.0182186139644738
CUST_03481,normal,0.005912386693057095
CUST_03482,normal,0.019401429388451606
CUST_03483,normal,0.03371020708762487
CUST_03484,occasional_refunder,0.10965078114130719
CUST_03485,normal,0.06612532081515995
CUST_03486,normal,0.019794012650143456
CUST_03487,normal,0.024781879035689763
CUST_03488,normal,0.09083776609310408
CUST_03489,normal,0.022486619180578964
CUST_03490,normal,0.11367832284263966
CUST_03491,normal,0.03412478997899292
CUST_03492,normal,0.04354298336813732
CUST_03493,occasional_refunder,0.27858891711151773
CUST_03494,occasional_refunder,0.16879608822971934
CUST_03495,normal,0.007615970300907173
CUST_03496,normal,0.04568870989000474
CUST_03497,occasional_refunder,0.1802952806779543
CUST_03498,occasional_refunder,0.043625825850278105
CUST_03499,normal,0.011752798477136365
CUST_03500,normal,0.12785007576492857
CUST_03501,normal,0.0388887362058983
CUST_03502,normal,0.01832796396834109
CUST_03503,aggressive_abuser,0.5343050453558907
CUST_03504,normal,0.0538695475357326
CUST_03505,occasional_refunder,0.18101235772752614
CUST_03506,normal,0.019689236339690122
CUST_03507,suspicious,0.4483864948460609
CUST_03508,normal,0.059309259295977794
CUST_03509,normal,0.04751979737020378
CUST_03510,normal,0.0420820086455438
CUST_03511,normal,0.04034847266820327
CUST_03512,normal,0.039208898798799095
CUST_03513,suspicious,0.2789552406818902
CUST_03514,normal,0.06056500395462319
CUST_03515,normal,0.02987404646840566
CUST_03516,suspicious,0.3751534404216428
CUST_03517,normal,0.08840805758145415
CUST_03518,normal,0.07068490226460512
CUST_03519,normal,0.05869034110044057
CUST_03520,normal,0.15659578655536033
CUST_03521,normal,0.036021495798977406
CUST_03522,normal,0.034679472715875355
CUST_03523,normal,0.006278110235286123
CUST_03524,normal,0.03130084349584987
CUST_03525,normal,0.05280028721434874
CUST_03526,normal,0.14359845341350175
CUST_03527,suspicious,0.3734831901693224
CUST_03528,normal,0.023648752439362136
CUST_03529,suspicious,0.342925421924502
CUST_03530,normal,0.14245627430375113
CUST_03531,normal,0.08533739486024912
CUST_03532,normal,0.09533129573665658
CUST_03533,normal,0.05213011748070122
CUST_03534,normal,0.11590390793522672
CUST_03535,normal,0.01078128287562827
CUST_03536,normal,0.13922204262230034
CUST_03537,normal,0.023213989798709367
CUST_03538,normal,0.06816554891572897
CUST_03539,normal,0.03737723701840644
CUST_03540,normal,0.07961694856512384
CUST_03541,normal,0.07009172850157779
CUST_03542,normal,0.09113616062330264
CUST_03543,normal,0.011243130933537427
CUST_03544,normal,0.02033801221796461
CUST_03545,occasional_refunder,0.15425264452638435
CUST_03546,normal,0.021915600906715377
CUST_03547,normal,0.08368435742123669
CUST_03548,normal,0.01392904060409478
CUST_03549,normal,0.00926728923677152
CUST_03550,normal,0.03981230598030929
CUST_03551,normal,0.10301841628063135
CUST_03552,normal,0.01968996282586907
CUST_03553,normal,0.008252001415820212
CUST_03554,normal,0.06421753673833899
CUST_03555,normal,0.10676834697112639
CUST_03556,normal,0.12823719076594708
CUST_03557,normal,0.02018633063666464
CUST_03558,normal,0.07941356272768887
CUST_03559,normal,0.015024900380520241
CUST_03560,normal,0.10162839055432434
CUST_03561,normal,0.02633849948927462
CUST_03562,normal,0.04522456453406269
CUST_03563,normal,0.060855067956877
CUST_03564,normal,0.046567549408487105
CUST_03565,normal,0.0232907661390607
CUST_03566,normal,0.17792306266821373
CUST_03567,normal,0.017372769442148824
CUST_03568,normal,0.11601881858871817
CUST_03569,normal,0.07012038526369438
CUST_03570,occasional_refunder,0.11975152909822451
CUST_03571,normal,0.012968424900339408
CUST_03572,normal,0.027037988819768998
CUST_03573,normal,0.016699590557036306
CUST_03574,aggressive_abuser,0.5570384781602864
CUST_03575,occasional_refunder,0.06692421113311083
CUST_03576,normal,0.012724130116107558
CUST_03577,normal,0.038040297796940584
CUST_03578,normal,0.10933273504622672
CUST_03579,normal,0.031102104392687627
CUST_03580,normal,0.03193759054671084
CUST_03581,normal,0.011729488098302022
CUST_03582,normal,0.050017143490249445
CUST_03583,normal,0.03784029528851148
CUST_03584,occasional_refunder,0.17274309724595552
CUST_03585,normal,0.06441468806277925
CUST_03586,normal,0.023672748080735904
CUST_03587,normal,0.08154925352797877
CUST_03588,normal,0.03239079584597166
CUST_03589,normal,0.1038108955867905
CUST_03590,normal,0.017915456123074526
CUST_03591,suspicious,0.45685670997332545
CUST_03592,normal,0.008222090751378374
CUST_03593,normal,0.03382646857227547
CUST_03594,normal,0.05587475876098215
CUST_03595,normal,0.03409683382590816
CUST_03596,normal,0.09639494855539564
CUST_03597,normal,0.060062304685832804
CUST_03598,normal,0.06171920897299554
CUST_03599,normal,0.032588685270394706
CUST_03600,normal,0.050786953488347546
CUST_03601,normal,0.03188379685661162
CUST_03602,normal,0.0280184651260677
CUST_03603,normal,0.06755935332442142
CUST_03604,normal,0.0513931277799868
CUST_03605,normal,0.016027421494564393
CUST_03606,normal,0.06531372073543905
CUST_03607,normal,0.035039664205922
CUST_03608,normal,0.1352749948677482
CUST_03609,occasional_refunder,0.2800717160172939
CUST_03610,suspicious,0.494585443264899
CUST_03611,normal,0.11808070843465986
CUST_03612,normal,0.011050052530019531
CUST_03613,normal,0.02939042873645699
CUST_03614,normal,0.052298707394845836
CUST_03615,normal,0.08155340392230034
CUST_03616,normal,0.07711995367463811
CUST_03617,normal,0.06828953491436068
CUST_03618,normal,0.07635650788291658
CUST_03619,normal,0.08072187245448191
CUST_03620,normal,0.037607077050722276
CUST_03621,normal,0.08827041209813012
CUST_03622,normal,0.03771909276088249
CUST_03623,normal,0.0996831068691839
CUST_03624,occasional_refunder,0.17844808317148927
CUST_03625,normal,0.0831709278022971
CUST_03626,normal,0.037578519654044566
CUST_03627,normal,0.031291154815463976
CUST_03628,occasional_refunder,0.030724999078927995
CUST_03629,normal,0.025910615933216523
CUST_03630,normal,0.01998374886420798
CUST_03631,normal,0.034163147342008336
CUST_03632,normal,0.06324515770273524
CUST_03633,normal,0.08686161547461946
CUST_03634,normal,0.08110480714926967
CUST_03635,normal,0.048325294504777426
CUST_03636,normal,0.01767408045109767
CUST_03637,occasional_refunder,0.1832309164237271
CUST_03638,normal,0.04125988178072267
CUST_03639,normal,0.032829362413641164
CUST_03640,normal,0.08657025773861315
CUST_03641,normal,0.014698020190596631
CUST_03642,occasional_refunder,0.1442682554043708
CUST_03643,normal,0.018113029931016166
CUST_03644,normal,0.02306994655912025
CUST_03645,normal,0.01888030605239623
CUST_03646,normal,0.039559365899552786
CUST_03647,normal,0.13766560207463577
CUST_03648,normal,0.07838400989658631
CUST_03649,normal,0.015567835961376095
CUST_03650,aggressive_abuser,0.5650460533626634
CUST_03651,normal,0.03601352527784698
CUST_03652,normal,0.0037723960973511184
CUST_03653,normal,0.12597982906705596
CUST_03654,normal,0.11631195378647428
CUST_03655,normal,0.027774727647559214
CUST_03656,normal,0.0752054695845888
CUST_03657,normal,0.055534243980651994
CUST_03658,normal,0.04549653181889495
CUST_03659,normal,0.1999427335502591
CUST_03660,occasional_refunder,0.18631596904645453
CUST_03661,normal,0.0215565288241577
CUST_03662,normal,0.02661370803360702
CUST_03663,normal,0.0387491807943456
CUST_03664,normal,0.06516178794195976
CUST_03665,normal,0.017626860124600744
CUST_03666,normal,0.06568208182999113
CUST_03667,normal,0.05319477015502507
CUST_03668,normal,0.00562555975058047
CUST_03669,normal,0.013500932086193332
CUST_03670,normal,0.0173782097248485
CUST_03671,normal,0.03238901944100688
CUST_03672,normal,0.02964412305389023
CUST_03673,normal,0.019331927892489147
CUST_03674,normal,0.09054014551430643
CUST_03675,normal,0.10197817445387682
CUST_03676,normal,0.05272519702950949
CUST_03677,normal,0.04789866697855286
CUST_03678,normal,0.04793577285813266
CUST_03679,normal,0.129883563193521
CUST_03680,normal,0.024518851084784098
CUST_03681,normal,0.12519299618616514
CUST_03682,normal,0.04058111923211683
CUST_03683,normal,0.021758868878508062
CUST_03684,normal,0.02855547714944879
CUST_03685,normal,0.01239492405063113
CUST_03686,normal,0.009023649825576066
CUST_03687,occasional_refunder,0.12482027206783122
CUST_03688,normal,0.051256225781773045
CUST_03689,normal,0.08539314512637872
CUST_03690,normal,0.022544036512405375
CUST_03691,normal,0.035690159032990776
CUST_03692,normal,0.04266702421412882
CUST_03693,normal,0.07440699905175552
CUST_03694,normal,0.02879391187800986
CUST_03695,normal,0.04093641758686613
CUST_03696,normal,0.042336790878946186
CUST_03697,suspicious,0.3749978732801736
CUST_03698,normal,0.0748880681058983
CUST_03699,suspicious,0.3527815964222853
CUST_03700,normal,0.012830709606285217
CUST_03701,normal,0.06669327156191748
CUST_03702,normal,0.034470685650783046
CUST_03703,normal,0.03414477404506743
CUST_03704,normal,0.049500810952266036
CUST_03705,suspicious,0.533703274083833
CUST_03706,occasional_refunder,0.08810464628794985
CUST_03707,normal,0.03912028506725905
CUST_03708,normal,0.06460251064246343
CUST_03709,normal,0.06637009539669697
CUST_03710,suspicious,0.28901657592298513
CUST_03711,normal,0.05675247017682039
CUST_03712,normal,0.023009617323212717
CUST_03713,normal,0.023790997993005734
CUST_03714,normal,0.04282880703050425
CUST_03715,aggressive_abuser,0.4582856157877922
CUST_03716,normal,0.07601044853891226
CUST_03717,normal,0.058151057527015826
CUST_03718,normal,0.042561931998542635
CUST_03719,normal,0.01079831171067947
CUST_03720,normal,0.04275247941993431
CUST_03721,normal,0.012090011370562913
CUST_03722,normal,0.09291541318372457
CUST_03723,suspicious,0.3932316820240741
CUST_03724,normal,0.04823223496865644
CUST_03725,normal,0.007710221913335601
CUST_03726,occasional_refunder,0.16099848134179712
CUST_03727,normal,0.06798948448571769
CUST_03728,normal,0.01873538750379264
CUST_03729,normal,0.09463677730153934
CUST_03730,normal,0.02653209355373413
CUST_03731,normal,0.050443871908747114
CUST_03732,suspicious,0.560549114384813
CUST_03733,normal,0.03682306678086527
CUST_03734,normal,0.009644472110155197
CUST_03735,normal,0.07069195233204477
CUST_03736,normal,0.06338393386957414
CUST_03737,normal,0.11528081045100896
CUST_03738,normal,0.036653853704139705
CUST_03739,normal,0.06813016326883362
CUST_03740,normal,0.08425270496054484
CUST_03741,occasional_refunder,0.06413322215553179
CUST_03742,normal,0.03869439423497272
CUST_03743,normal,0.018038351233183956
CUST_03744,normal,0.11185545209827598
CUST_03745,normal,0.06543834534764355
CUST_03746,normal,0.055087568823826406
CUST_03747,normal,0.08550685625664417
CUST_03748,normal,0.0053821862228913804
CUST_03749,normal,0.14165387232287402
CUST_03750,occasional_refunder,0.10497651637187827
CUST_03751,occasional_refunder,0.2629669187628394
CUST_03752,occasional_refunder,0.2931108587490848
CUST_03753,normal,0.011561768370594843
CUST_03754,normal,0.05899601051515322
CUST_03755,normal,0.03111563840408454
CUST_03756,normal,0.047474486760185376
CUST_03757,normal,0.02632649183930656
CUST_03758,normal,0.00912281599706232
CUST_03759,normal,0.06588072605057528
CUST_03760,normal,0.11604459212079288
CUST_03761,normal,0.04365019840870346
CUST_03762,normal,0.00646621753167937
CUST_03763,normal,0.055053398131968134
CUST_03764,normal,0.10002015688402413
CUST_03765,normal,0.08537625675832015
CUST_03766,normal,0.035045317049404605
CUST_03767,normal,0.02458778097129739
CUST_03768,normal,0.05915490930137009
CUST_03769,normal,0.09836417299211858
CUST_03770,normal,0.10134854108747289
CUST_03771,normal,0.06427071264734341
CUST_03772,occasional_refunder,0.15220357940693627
CUST_03773,normal,0.01644650949062451
CUST_03774,normal,0.015093595430311618
CUST_03775,normal,0.05442376469176247
CUST_03776,suspicious,0.3526155658741108
CUST_03777,normal,0.11178101939843073
CUST_03778,normal,0.07940305084771757
CUST_03779,normal,0.020083466169356266
CUST_03780,occasional_refunder,0.26772089191541554
CUST_03781,normal,0.07240180670868736
CUST_03782,normal,0.05638877402258919
CUST_03783,normal,0.0727562807741506
CUST_03784,normal,0.0930260205508675
CUST_03785,normal,0.04478579202201608
CUST_03786,normal,0.05447127640243417
CUST_03787,normal,0.06837114259869487
CUST_03788,normal,0.09178137578813109
CUST_03789,normal,0.027562947053444017
CUST_03790,suspicious,0.4281591439014467
CUST_03791,normal,0.013923900124865907
CUST_03792,normal,0.008899818247128079
CUST_03793,normal,0.029133807470249896
CUST_03794,normal,0.03933755519983182
CUST_03795,normal,0.06256077056910352
CUST_03796,normal,0.02167907422308947
CUST_03797,normal,0.0373144279840905
CUST_03798,normal,0.0696066306384683
CUST_03799,normal,0.056925210829494775
CUST_03800,normal,0.03900462010080448
CUST_03801,normal,0.008077785284407613
CUST_03802,suspicious,0.40467974419331204
CUST_03803,normal,0.06941242272155244
CUST_03804,aggressive_abuser,0.72788144817627
CUST_03805,normal,0.10687577648006369
CUST_03806,suspicious,0.4849446530370062
CUST_03807,normal,0.07382136604288714
CUST_03808,normal,0.014885502353500604
CUST_03809,normal,0.11904810265121316
CUST_03810,normal,0.09902871700601588
CUST_03811,normal,0.08889136597038311
CUST_03812,normal,0.05409836547540769
CUST_03813,normal,0.03188038371651683
CUST_03814,normal,0.019430826725836833
CUST_03815,normal,0.013474660430867265
CUST_03816,normal,0.047999706334312595
CUST_03817,normal,0.045872622987301395
CUST_03818,normal,0.0841166118035478
CUST_03819,normal,0.10578687937845563
CUST_03820,normal,0.07921108507763504
CUST_03821,normal,0.03655438014732671
CUST_03822,normal,0.07458810679644365
CUST_03823,normal,0.10443791626306237
CUST_03824,normal,0.01779530279490738
CUST_03825,normal,0.027982791945099877
CUST_03826,normal,0.14445076807726706
CUST_03827,normal,0.08548773309188419
CUST_03828,normal,0.15720974437881882
CUST_03829,normal,0.029598113520059987
CUST_03830,normal,0.017084838314892107
CUST_03831,normal,0.0339044802408599
CUST_03832,normal,0.1126114231939507
CUST_03833,normal,0.10865850974333993
CUST_03834,normal,0.039401800616141805
CUST_03835,normal,0.09072457798867659
CUST_03836,normal,0.12393236567790668
CUST_03837,suspicious,0.4189639938142893
CUST_03838,normal,0.02188242627580406
CUST_03839,suspicious,0.4021249265037217
CUST_03840,normal,0.006378108699179031
CUST_03841,normal,0.039177978916022344
CUST_03842,normal,0.051291755780893115
CUST_03843,normal,0.019759250714501894
CUST_03844,normal,0.03022431013444318
CUST_03845,normal,0.0236601399118745
CUST_03846,normal,0.01729519512639306
CUST_03847,suspicious,0.5843020249860642
CUST_03848,normal,0.08909762192282673
CUST_03849,normal,0.030940936169903076
CUST_03850,normal,0.0675506668447364
CUST_03851,normal,0.0442431113491506
CUST_03852,normal,0.03398674415556297
CUST_03853,normal,0.03163701261436748
CUST_03854,suspicious,0.3913977391476295
CUST_03855,normal,0.0070797327725327834
CUST_03856,normal,0.04781174803594711
CUST_03857,normal,0.06298180719080339
CUST_03858,normal,0.031675212399328696
CUST_03859,normal,0.031130191040746873
CUST_03860,normal,0.03932654067591091
CUST_03861,normal,0.15124954385819148
CUST_03862,normal,0.03170815750018086
CUST_03863,normal,0.0613241168054265
CUST_03864,normal,0.018625063640579607
CUST_03865,normal,0.04696326984457746
CUST_03866,normal,0.05664919790067569
CUST_03867,normal,0.043292066388286074
CUST_03868,normal,0.01295315014145478
CUST_03869,normal,0.06432010622965253
CUST_03870,normal,0.03912851837503375
CUST_03871,normal,0.0025018786488944945
CUST_03872,normal,0.02175479755670243
CUST_03873,normal,0.1040275757386295
CUST_03874,normal,0.03498086690362753
CUST_03875,normal,0.07696278569271917
CUST_03876,normal,0.057247607903601526
CUST_03877,normal,0.03301413794411058
CUST_03878,occasional_refunder,0.09894282288029503
CUST_03879,normal,0.12010423232773883
CUST_03880,normal,0.12954527402149302
CUST_03881,normal,0.07705677002651368
CUST_03882,normal,0.053608889424375646
CUST_03883,suspicious,0.23182588263648826
CUST_03884,normal,0.04131884827129308
CUST_03885,occasional_refunder,0.16197699429012466
CUST_03886,suspicious,0.2653060042934945
CUST_03887,occasional_refunder,0.3287008934163635
CUST_03888,normal,0.07586618005236703
CUST_03889,normal,0.08327188966557225
CUST_03890,normal,0.06112674946821097
CUST_03891,normal,0.06397347550275148
CUST_03892,normal,0.03319517432330835
CUST_03893,normal,0.07721395450602588
CUST_03894,normal,0.03347549202772286
CUST_03895,normal,0.06533496715278543
CUST_03896,normal,0.024486010111123276
CUST_03897,normal,0.053248244885007415
CUST_03898,normal,0.04350764928531295
CUST_03899,normal,0.014579176863245714
CUST_03900,normal,0.12701904125335964
CUST_03901,normal,0.03701076930774518
CUST_03902,normal,0.055357030611188476
CUST_03903,occasional_refunder,0.26636575263803736
CUST_03904,normal,0.12061403244043113
CUST_03905,normal,0.08230575670223908
CUST_03906,normal,0.018621238843175635
CUST_03907,normal,0.03590864277792959
CUST_03908,normal,0.03254982157159094
CUST_03909,normal,0.0910214945840626
CUST_03910,normal,0.1351994671546222
CUST_03911,normal,0.08045097477886898
CUST_03912,normal,0.005193774714977061
CUST_03913,normal,0.10864404241521822
CUST_03914,suspicious,0.4659338788393794
CUST_03915,suspicious,0.33291888027564864
CUST_03916,normal,0.04890428826510558
CUST_03917,normal,0.05225260052221269
CUST_03918,normal,0.09821823371715309
CUST_03919,normal,0.11069418011519334
CUST_03920,normal,0.01128606081658338
CUST_03921,suspicious,0.402331024784987
CUST_03922,normal,0.015890367426180597
CUST_03923,normal,0.09264219485659747
CUST_03924,normal,0.08640256199761782
CUST_03925,aggressive_abuser,0.5251736492036307
CUST_03926,normal,0.027156264336981803
CUST_03927,normal,0.04165225044105876
CUST_03928,normal,0.031508501934354255
CUST_03929,normal,0.0474075559633385
CUST_03930,normal,0.017435917385103642
CUST_03931,suspicious,0.2816550542752334
CUST_03932,normal,0.09534292557272267
CUST_03933,normal,0.03037384913828966
CUST_03934,normal,0.028893968296510343
CUST_03935,normal,0.01127812467111722
CUST_03936,normal,0.09435666433290629
CUST_03937,normal,0.038846001694477
CUST_03938,normal,0.05448531276904902
CUST_03939,normal,0.018387832478493626
CUST_03940,normal,0.030347206313706375
CUST_03941,normal,0.10886876799727052
CUST_03942,occasional_refunder,0.059366217833265726
CUST_03943,normal,0.024980292408546347
CUST_03944,normal,0.08095462733101749
CUST_03945,normal,0.021741349376103933
CUST_03946,normal,0.07543780915050252
CUST_03947,normal,0.036605412542902865
CUST_03948,normal,0.013915123165942518
CUST_03949,normal,0.11437997171733717
CUST_03950,normal,0.0854503142944882
CUST_03951,normal,0.1169310378766758
CUST_03952,normal,0.08647240633659543
CUST_03953,suspicious,0.2529381629314978
CUST_03954,normal,0.057427657337827544
CUST_03955,normal,0.06908960622808352
CUST_03956,occasional_refunder,0.13757075315703537
CUST_03957,occasional_refunder,0.1998945631397816
CUST_03958,normal,0.008125103579259767
CUST_03959,normal,0.048539436993106914
CUST_03960,normal,0.03972769840274973
CUST_03961,normal,0.018554630395694573
CUST_03962,normal,0.05766096562338256
CUST_03963,normal,0.029174071990646474
CUST_03964,normal,0.014306454581393806
CUST_03965,normal,0.04238834695497601
CUST_03966,normal,0.009062296972719826
CUST_03967,normal,0.08224450316533223
CUST_03968,normal,0.043738338779125356
CUST_03969,normal,0.048462579098808654
CUST_03970,normal,0.03231324437592575
CUST_03971,suspicious,0.34187662099818217
CUST_03972,normal,0.03031455644149082
CUST_03973,normal,0.023030107632838914
CUST_03974,normal,0.017314497381716528
CUST_03975,normal,0.09476978298566945
CUST_03976,occasional_refunder,0.06179308991465409
CUST_03977,normal,0.05435047090749011
CUST_03978,normal,0.12825292546686878
CUST_03979,normal,0.015360553586033944
CUST_03980,normal,0.019451009201939387
CUST_03981,normal,0.05954156487972697
CUST_03982,normal,0.055175111759598286
CUST_03983,normal,0.044230014639324515
CUST_03984,normal,0.08795494431614258
CUST_03985,normal,0.07511791398217811
CUST_03986,suspicious,0.4194332625264106
CUST_03987,normal,0.2067580340206872
CUST_03988,normal,0.0417720303669077
CUST_03989,normal,0.07337580060251535
CUST_03990,occasional_refunder,0.29381390577752586
CUST_03991,normal,0.06125133247773347
CUST_03992,normal,0.025807402994401818
CUST_03993,normal,0.026840528108056535
CUST_03994,normal,0.04309552240591842
CUST_03995,normal,0.04042459840548021
CUST_03996,normal,0.10681797680663989
CUST_03997,normal,0.028628664618627495
CUST_03998,normal,0.023265187157221853
CUST_03999,normal,0.012844861318608642
CUST_04000,normal,0.13855031254470793
CUST_04001,normal,0.050006324909858235
CUST_04002,normal,0.011991072230059761
CUST_04003,normal,0.047901974521126704
CUST_04004,normal,0.029582438676706773
CUST_04005,normal,0.10290201698136886
CUST_04006,normal,0.00013169713434784593
CUST_04007,normal,0.022471393201174247
CUST_04008,normal,0.01750052696938815
CUST_04009,normal,0.04354850960957305
CUST_04010,normal,0.051606331225301484
CUST_04011,normal,0.07517794472934199
CUST_04012,normal,0.07023318519176665
CUST_04013,normal,0.03476378213834665
CUST_04014,normal,0.009497596068253688
CUST_04015,normal,0.02261828043243913
CUST_04016,normal,0.030026783357137876
CUST_04017,occasional_refunder,0.040396396074327705
CUST_04018,occasional_refunder,0.05512902330994302
CUST_04019,normal,0.0038738487373859948
CUST_04020,normal,0.008645839803576699
CUST_04021,normal,0.023744760047429547
CUST_04022,normal,0.03662467090565463
CUST_04023,normal,0.009484410430945708
CUST_04024,normal,0.08304122592863193
CUST_04025,normal,0.054388690756591335
CUST_04026,normal,0.07790377522615505
CUST_04027,normal,0.09094369497907463
CUST_04028,normal,0.04184830227206257
CUST_04029,normal,0.0597004499622971
CUST_04030,normal,0.045106668851531244
CUST_04031,normal,0.05598786382785558
CUST_04032,normal,0.02413530238830015
CUST_04033,normal,0.013972803245164814
CUST_04034,aggressive_abuser,0.5100382514580533
CUST_04035,normal,0.01957964669598384
CUST_04036,aggressive_abuser,0.6876873496819913
CUST_04037,suspicious,0.353885361413814
CUST_04038,normal,0.034343588692409464
CUST_04039,normal,0.06967361724696297
CUST_04040,normal,0.018612945223287297
CUST_04041,occasional_refunder,0.0327983460089175
CUST_04042,normal,0.05201202171976207
CUST_04043,normal,0.03189554926573696
CUST_04044,normal,0.056434044745500976
CUST_04045,normal,0.08847696638924518
CUST_04046,normal,0.13801504804445225
CUST_04047,normal,0.0960547090893176
CUST_04048,normal,0.044850814029805855
CUST_04049,normal,0.018212158646359954
CUST_04050,normal,0.07735056892879746
CUST_04051,suspicious,0.2670971894764013
CUST_04052,normal,0.040046410304792036
CUST_04053,normal,0.1265787449566301
CUST_04054,normal,0.21053808120768794
CUST_04055,normal,0.07653966307071032
CUST_04056,normal,0.029734168746609724
CUST_04057,normal,0.03675571405039952
CUST_04058,normal,0.05343071813539907
CUST_04059,occasional_refunder,0.07163868002869796
CUST_04060,aggressive_abuser,0.6460730635891622
CUST_04061,normal,0.035832069048015266
CUST_04062,normal,0.036166905729297455
CUST_04063,normal,0.08404378490712536
CUST_04064,normal,0.10385030657369357
CUST_04065,occasional_refunder,0.3301002000029459
CUST_04066,normal,0.03638424741104358
CUST_04067,normal,0.06207162485735903
CUST_04068,suspicious,0.5488160756582459
CUST_04069,normal,0.037905902252640684
CUST_04070,normal,0.07440101627108615
CUST_04071,normal,0.028777098844252374
CUST_04072,normal,0.05831828213231426
CUST_04073,normal,0.048997395613887294
CUST_04074,normal,0.09707212935210965
CUST_04075,normal,0.06907530656088785
CUST_04076,normal,0.09295093078240975
CUST_04077,normal,0.07620126035472688
CUST_04078,normal,0.04113173265971492
CUST_04079,normal,0.01995008824609532
CUST_04080,normal,0.01066688221367298
CUST_04081,normal,0.08797989168845702
CUST_04082,normal,0.10708233094069758
CUST_04083,normal,0.025454735144058663
CUST_04084,normal,0.11237685300220876
CUST_04085,normal,0.03696986166871961
CUST_04086,normal,0.08003143602467085
CUST_04087,normal,0.07319081610412155
CUST_04088,normal,0.010173630916952545
CUST_04089,normal,0.06049386415384763
CUST_04090,normal,0.02496129547577875
CUST_04091,normal,0.017738328132360662
CUST_04092,normal,0.057264515285217525
CUST_04093,normal,0.016679830484977527
CUST_04094,occasional_refunder,0.17661689125755606
CUST_04095,normal,0.061115477757494145
CUST_04096,normal,0.07770116777884553
CUST_04097,normal,0.02524544198194473
CUST_04098,normal,0.04204674975317781
CUST_04099,normal,0.09664046054947437
CUST_04100,normal,0.02499223111464778
CUST_04101,normal,0.06791554757072367
CUST_04102,normal,0.0577450844000876
CUST_04103,normal,0.05770382336516471
CUST_04104,normal,0.07829142308687341
CUST_04105,normal,0.07894183816283494
CUST_04106,normal,0.07530091365449042
CUST_04107,suspicious,0.22407553697939356
CUST_04108,normal,0.03325012110670359
CUST_04109,occasional_refunder,0.11307617830792473
CUST_04110,normal,0.06997003376050069
CUST_04111,normal,0.03500443337017184
CUST_04112,normal,0.005983313286208536
CUST_04113,normal,0.10419043142012575
CUST_04114,normal,0.011070846506219895
CUST_04115,normal,0.026122548488857266
CUST_04116,normal,0.06982194313602719
CUST_04117,occasional_refunder,0.14594774396105276
CUST_04118,normal,0.05783131152049963
CUST_04119,normal,0.1455341770292559
CUST_04120,normal,0.035510522312739434
CUST_04121,normal,0.1258310409320133
CUST_04122,normal,0.04915883572062494
CUST_04123,normal,0.08312501860600686
CUST_04124,occasional_refunder,0.06374627779469713
CUST_04125,normal,0.03025837856506038
CUST_04126,normal,0.09256329063479449
CUST_04127,normal,0.024121118111494488
CUST_04128,suspicious,0.6844734479224391
CUST_04129,normal,0.06969447890464353
CUST_04130,normal,0.04537306143153567
CUST_04131,normal,0.04848744594648207
CUST_04132,normal,0.014608738538036905
CUST_04133,normal,0.05682974537054928
CUST_04134,normal,0.006471027392933186
CUST_04135,normal,0.1065072904081802
CUST_04136,normal,0.027431371514459266
CUST_04137,normal,0.0732703125970755
CUST_04138,normal,0.10699654384416014
CUST_04139,normal,0.054199352942240375
CUST_04140,normal,0.08733667311107846
CUST_04141,normal,0.05734710465627215
CUST_04142,normal,0.024691490149905557
CUST_04143,normal,0.06442459329415201
CUST_04144,normal,0.06325173308817802
CUST_04145,occasional_refunder,0.19133724899528287
CUST_04146,normal,0.01987165657181064
CUST_04147,normal,0.15426256178266853
CUST_04148,normal,0.04866753045920353
CUST_04149,normal,0.06290124627455565
CUST_04150,normal,0.020105042167374024
CUST_04151,normal,0.01819734323121743
CUST_04152,normal,0.030066393306968232
CUST_04153,normal,0.1603134576846649
CUST_04154,normal,0.012027666119443396
CUST_04155,normal,0.05918717903365036
CUST_04156,normal,0.041788948890535735
CUST_04157,normal,0.03243422506458462
CUST_04158,normal,0.07176633369814431
CUST_04159,suspicious,0.32374950156465854
CUST_04160,normal,0.01643313238395593
CUST_04161,normal,0.05678824631619952
CUST_04162,normal,0.09343888859143507
CUST_04163,normal,0.04154218664646836
CUST_04164,normal,0.048608990871302236
CUST_04165,normal,0.10760410793090629
CUST_04166,normal,0.036605342121785664
CUST_04167,normal,0.046816571074518594
CUST_04168,normal,0.07547702038057595
CUST_04169,normal,0.04176461953549977
CUST_04170,normal,0.0628064186027297
CUST_04171,normal,0.03937053546149607
CUST_04172,aggressive_abuser,0.5682052053433708
CUST_04173,normal,0.03570104963786879
CUST_04174,normal,0.01911216341721185
CUST_04175,occasional_refunder,0.21190472266726568
CUST_04176,aggressive_abuser,0.5606976302259901
CUST_04177,normal,0.14359276629767484
CUST_04178,normal,0.035133195432137124
CUST_04179,normal,0.14882972043484655
CUST_04180,normal,0.12097880748395276
CUST_04181,normal,0.062424911443921885
CUST_04182,normal,0.05826849889978571
CUST_04183,normal,0.04676940639386262
CUST_04184,normal,0.04332805123284878
CUST_04185,normal,0.03977763846993523
CUST_04186,normal,0.01404435229663981
CUST_04187,normal,0.016908041389200996
CUST_04188,normal,0.1538837060875311
CUST_04189,normal,0.01148351123088322
CUST_04190,normal,0.02292352903339483
CUST_04191,normal,0.10525156895131722
CUST_04192,occasional_refunder,0.1499569573675211
CUST_04193,normal,0.10582256052749803
CUST_04194,normal,0.06758336506770397
CUST_04195,normal,0.029697909411029115
CUST_04196,normal,0.03761426806377239
CUST_04197,normal,0.009198812050333084
CUST_04198,normal,0.055912969379610614
CUST_04199,normal,0.06480649654720558
CUST_04200,normal,0.002178955986483477
CUST_04201,normal,0.015644025396987424
CUST_04202,normal,0.008848724098297924
CUST_04203,normal,0.07891519456001858
CUST_04204,suspicious,0.5498896605613778
CUST_04205,normal,0.02351204925659715
CUST_04206,normal,0.0010944917175825474
CUST_04207,normal,0.06279592361352573
CUST_04208,normal,0.07900968605460901
CUST_04209,normal,0.07420259655556956
CUST_04210,normal,0.055686065199999656
CUST_04211,normal,0.048807409291915536
CUST_04212,normal,0.019683172118854668
CUST_04213,normal,0.061928271393614086
CUST_04214,normal,0.08878786347862255
CUST_04215,normal,0.15366881253756068
CUST_04216,normal,0.03797730509935764
CUST_04217,normal,0.049289846862763824
CUST_04218,normal,0.007564250109230947
CUST_04219,normal,0.04058693715158238
CUST_04220,normal,0.012332516911942745
CUST_04221,normal,0.037783749519313854
CUST_04222,normal,0.0750585661626977
CUST_04223,occasional_refunder,0.2013284663243905
CUST_04224,normal,0.08112211818485109
CUST_04225,normal,0.06914139496377765
CUST_04226,normal,0.08930967525765365
CUST_04227,normal,0.04704715448767003
CUST_04228,normal,0.03443421081484855
CUST_04229,normal,0.012316647071609906
CUST_04230,normal,0.08632056719833717
CUST_04231,normal,0.023644658955705618
CUST_04232,normal,0.0746365084185715
CUST_04233,normal,0.09571755491357917
CUST_04234,occasional_refunder,0.10260750450885525
CUST_04235,normal,0.05253059464017299
CUST_04236,normal,0.11443226821420661
CUST_04237,normal,0.00800734118263524
CUST_04238,normal,0.03415999008363325
CUST_04239,normal,0.025563084068446332
CUST_04240,normal,0.04690802595373238
CUST_04241,normal,0.05653628799284288
CUST_04242,normal,0.0682328110976361
CUST_04243,normal,0.005570445009583832
CUST_04244,normal,0.07151120090614063
CUST_04245,normal,0.009001619421218899
CUST_04246,suspicious,0.6451873585785117
CUST_04247,normal,0.13276264326620713
CUST_04248,normal,0.03933162799479991
CUST_04249,normal,0.015397763009843345
CUST_04250,suspicious,0.3115473664401545
CUST_04251,normal,0.014865769345500511
CUST_04252,normal,0.060497270051308345
CUST_04253,normal,0.05498228486922284
CUST_04254,normal,0.07869166447167751
CUST_04255,normal,0.016914761014806684
CUST_04256,normal,0.03695641481842107
CUST_04257,aggressive_abuser,0.4855627241791264
CUST_04258,normal,0.03384999946754215
CUST_04259,normal,0.05990763732744694
CUST_04260,normal,0.08543156032925758
CUST_04261,normal,0.0718086930420401
CUST_04262,occasional_refunder,0.2392138134681989
CUST_04263,normal,0.0851205564750367
CUST_04264,normal,0.036434266715909054
CUST_04265,normal,0.14308835924538502
CUST_04266,normal,0.07466158722110898
CUST_04267,normal,0.010541360710851797
CUST_04268,normal,0.1055998830851275
CUST_04269,normal,0.014115308528789932
CUST_04270,suspicious,0.3316716674908866
CUST_04271,normal,0.12051947222033084
CUST_04272,suspicious,0.3465929740390051
CUST_04273,normal,0.020623463648339075
CUST_04274,normal,0.021675685427756133
CUST_04275,normal,0.09015294022684468
CUST_04276,normal,0.026755926469300115
CUST_04277,normal,0.028719013880782643
CUST_04278,normal,0.1596221291746215
CUST_04279,normal,0.07543192409304762
CUST_04280,normal,0.01682564902649605
CUST_04281,normal,0.0992067279195172
CUST_04282,normal,0.05686206448482615
CUST_04283,normal,0.11048987756761595
CUST_04284,normal,0.04994200904707232
CUST_04285,normal,0.06522072134167803
CUST_04286,normal,0.09987481398867784
CUST_04287,occasional_refunder,0.26505981466869616
CUST_04288,normal,0.07236565224364422
CUST_04289,normal,0.029190982774780022
CUST_04290,normal,0.0532354804262393
CUST_04291,normal,0.06463565225818432
CUST_04292,normal,0.022748340456183378
CUST_04293,normal,0.03489789145709976
CUST_04294,occasional_refunder,0.24130385811372548
CUST_04295,normal,0.05968440430398478
CUST_04296,normal,0.03806796401650497
CUST_04297,normal,0.02370136849626146
CUST_04298,normal,0.130458370899784
CUST_04299,normal,0.08422676724858681
CUST_04300,normal,0.027248146399747385
CUST_04301,normal,0.16283694337181986
CUST_04302,suspicious,0.4807442859998361
CUST_04303,normal,0.02538789078527189
CUST_04304,normal,0.043109279265892336
CUST_04305,normal,0.02770620854355268
CUST_04306,normal,0.05325425939966026
CUST_04307,normal,0.023079077103113188
CUST_04308,normal,0.05065041558069484
CUST_04309,normal,0.08027214693181431
CUST_04310,normal,0.01750396730676008
CUST_04311,normal,0.04568578613018859
CUST_04312,suspicious,0.3165637302273949
CUST_04313,normal,0.051968585744866416
CUST_04314,occasional_refunder,0.08809921377241633
CUST_04315,suspicious,0.2880719901844385
CUST_04316,normal,0.02309807744398079
CUST_04317,normal,0.050237527184608714
CUST_04318,normal,0.036609339906267364
CUST_04319,normal,0.12989112837805775
CUST_04320,normal,0.12382695115845585
CUST_04321,normal,0.052588499972068346
CUST_04322,suspicious,0.4757935462378528
CUST_04323,normal,0.04105022981925125
CUST_04324,normal,0.02666513235958647
CUST_04325,normal,0.021990700454263462
CUST_04326,suspicious,0.3921144260855758
CUST_04327,normal,0.031690763395303724
CUST_04328,aggressive_abuser,0.5960231037657012
CUST_04329,normal,0.05073975834690867
CUST_04330,normal,0.025991307225386794
CUST_04331,normal,0.08718185615675443
CUST_04332,normal,0.05369024273692802
CUST_04333,normal,0.05671966183904021
CUST_04334,normal,0.009717169744677026
CUST_04335,normal,0.04872043850730484
CUST_04336,normal,0.1285300192736086
CUST_04337,normal,0.024703168500287913
CUST_04338,occasional_refunder,0.17165901559204957
CUST_04339,normal,0.0570515558269837
CUST_04340,normal,0.04586851823810034
CUST_04341,normal,0.04524062579574503
CUST_04342,normal,0.013917405630470645
CUST_04343,normal,0.0796043150755783
CUST_04344,normal,0.031729489223086
CUST_04345,normal,0.060046047501410675
CUST_04346,normal,0.08610965822610306
CUST_04347,normal,0.02104115994285275
CUST_04348,normal,0.036262354427804754
CUST_04349,normal,0.13091035865766978
CUST_04350,normal,0.06311358960906302
CUST_04351,normal,0.04944293256438633
CUST_04352,normal,0.03589347994153806
CUST_04353,normal,0.04454347833466713
CUST_04354,suspicious,0.2251038203685847
CUST_04355,normal,0.05781527112202258
CUST_04356,normal,0.06338391802172158
CUST_04357,normal,0.027340172885948026
CUST_04358,normal,0.014660557235121384
CUST_04359,normal,0.03477279623308026
CUST_04360,normal,0.026482547665368766
CUST_04361,normal,0.0463674436820005
CUST_04362,normal,0.008921144163253321
CUST_04363,normal,0.012476227453425163
CUST_04364,normal,0.08010921224885417
CUST_04365,normal,0.04286458880178741
CUST_04366,normal,0.0514863336631307
CUST_04367,normal,0.021518947297994015
CUST_04368,normal,0.08969685505417599
CUST_04369,normal,0.07680072855239495
CUST_04370,normal,0.03992113885746511
CUST_04371,normal,0.06575244755178551
CUST_04372,normal,0.022629583534864054
CUST_04373,normal,0.029178917718089635
CUST_04374,normal,0.062374061676008424
CUST_04375,normal,0.036137921635922256
CUST_04376,normal,0.01051672746548019
CUST_04377,normal,0.0482238855735042
CUST_04378,normal,0.03906492691464711
CUST_04379,normal,0.06215647238317805
CUST_04380,normal,0.05522300471976867
CUST_04381,normal,0.022169109058471803
CUST_04382,normal,0.043724344213126605
CUST_04383,normal,0.0649532241165197
CUST_04384,normal,0.10665629810507121
CUST_04385,occasional_refunder,0.2483538445749885
CUST_04386,normal,0.08713547359119587
CUST_04387,suspicious,0.5443379118408304
CUST_04388,normal,0.09421008270731822
CUST_04389,normal,0.047896424527668686
CUST_04390,normal,0.05859889682356161
CUST_04391,normal,0.018543108828839104
CUST_04392,normal,0.015258496254145175
CUST_04393,normal,0.061246557767065064
CUST_04394,normal,0.0643396577118334
CUST_04395,suspicious,0.41952084684402746
CUST_04396,normal,0.08944824069700535
CUST_04397,normal,0.007841627731835084
CUST_04398,normal,0.05811126855410916
CUST_04399,normal,0.01991271832016275
CUST_04400,normal,0.07021837876943345
CUST_04401,normal,0.009649116458451297
CUST_04402,normal,0.05325735879371747
CUST_04403,normal,0.1203850458980145
CUST_04404,normal,0.04019502728393566
CUST_04405,aggressive_abuser,0.6688665651032932
CUST_04406,normal,0.11257118642449299
CUST_04407,suspicious,0.44394725518781225
CUST_04408,normal,0.042608168552105544
CUST_04409,normal,0.053382364959482606
CUST_04410,normal,0.06931916067753144
CUST_04411,normal,0.06753283384413447
CUST_04412,normal,0.08739373964890496
CUST_04413,normal,0.05398614962486997
CUST_04414,normal,0.03278197764731408
CUST_04415,normal,0.03828297655981844
CUST_04416,normal,0.1420307451334859
CUST_04417,normal,0.048806862220577875
CUST_04418,normal,0.06202701854971225
CUST_04419,normal,0.07954821335109383
CUST_04420,normal,0.04279631962005332
CUST_04421,normal,0.07999444820711414
CUST_04422,suspicious,0.4483929313702049
CUST_04423,normal,0.15311942915057347
CUST_04424,normal,0.01729518983218573
CUST_04425,normal,0.012155658646778244
CUST_04426,normal,0.04591523042606002
CUST_04427,normal,0.04490071433107235
CUST_04428,normal,0.005911612038469108
CUST_04429,normal,0.03962877095274355
CUST_04430,normal,0.007363827032448566
CUST_04431,normal,0.03658719984954947
CUST_04432,normal,0.06648571301116413
CUST_04433,normal,0.013908705387093875
CUST_04434,occasional_refunder,0.19423442336811653
CUST_04435,normal,0.02664004671576081
CUST_04436,normal,0.05591576033172469
CUST_04437,normal,0.0648928983749478
CUST_04438,normal,0.03586050409311473
CUST_04439,aggressive_abuser,0.7709979802615536
CUST_04440,normal,0.057953983085492995
CUST_04441,occasional_refunder,0.24403712612304929
CUST_04442,normal,0.006479257461497719
CUST_04443,normal,0.1338829987697474
CUST_04444,normal,0.061672958389606534
CUST_04445,normal,0.022206362885401572
CUST_04446,suspicious,0.24685662555052537
CUST_04447,normal,0.023603073596412907
CUST_04448,normal,0.06527530788273954
CUST_04449,normal,0.040820192195681775
CUST_04450,normal,0.07852397079552624
CUST_04451,normal,0.015185755555360737
CUST_04452,normal,0.0704323000388698
CUST_04453,normal,0.08755222755984969
CUST_04454,normal,0.06962022265623798
CUST_04455,occasional_refunder,0.12406405342346855
CUST_04456,normal,0.02316246642370046
CUST_04457,normal,0.08716935127755915
CUST_04458,normal,0.03615915521899242
CUST_04459,normal,0.0472688249125935
CUST_04460,normal,0.034508751509298226
CUST_04461,normal,0.08062116857109786
CUST_04462,normal,0.09514948080542968
CUST_04463,aggressive_abuser,0.36339884219665797
CUST_04464,normal,0.08587433506519812
CUST_04465,normal,0.008333363154206535
CUST_04466,normal,0.04758499299255187
CUST_04467,normal,0.05626887979373274
CUST_04468,normal,0.03789507318643791
CUST_04469,suspicious,0.15077066698751174
CUST_04470,occasional_refunder,0.2915144000470094
CUST_04471,occasional_refunder,0.2386541063608792
CUST_04472,aggressive_abuser,0.6135181148540896
CUST_04473,normal,0.07224323555890527
CUST_04474,normal,0.0715505811441585
CUST_04475,normal,0.021670169046401726
CUST_04476,normal,0.018730437884409562
CUST_04477,normal,0.04926910929830625
CUST_04478,normal,0.16049300783835768
CUST_04479,normal,0.055042578992993696
CUST_04480,normal,0.03451654392202784
CUST_04481,normal,0.05228901163376758
CUST_04482,normal,0.05975497472276987
CUST_04483,normal,0.008086213791437652
CUST_04484,normal,0.012163539940324425
CUST_04485,normal,0.073089988466604
CUST_04486,normal,0.09023828577975593
CUST_04487,normal,0.045280292065140934
CUST_04488,normal,0.039973434728086336
CUST_04489,normal,0.013140312602484914
CUST_04490,normal,0.029831029672483505
CUST_04491,normal,0.06942232590084003
CUST_04492,normal,0.04443407033120713
CUST_04493,normal,0.08159124796670186
CUST_04494,normal,0.0705551416076832
CUST_04495,normal,0.060946484601734636
CUST_04496,normal,0.023734418673067515
CUST_04497,normal,0.049561525123639684
CUST_04498,normal,0.04335356038739936
CUST_04499,normal,0.03412754492983841
CUST_04500,normal,0.035576270713411746
CUST_04501,normal,0.03801999359836386
CUST_04502,normal,0.10622589107495181
CUST_04503,normal,0.04310619313528312
CUST_04504,normal,0.21910069273706106
CUST_04505,normal,0.08591191013821046
CUST_04506,normal,0.02236041036757281
CUST_04507,normal,0.02673224243111288
CUST_04508,normal,0.12655289177624202
CUST_04509,normal,0.011112893675330495
CUST_04510,suspicious,0.3744889723587687
CUST_04511,normal,0.030490633201396364
CUST_04512,normal,0.054350786870799674
CUST_04513,normal,0.06331215669544121
CUST_04514,normal,0.023475265206374316
CUST_04515,normal,0.035613558155388296
CUST_04516,normal,0.05925842724022668
CUST_04517,normal,0.06345662193618798
CUST_04518,occasional_refunder,0.25278377243212496
CUST_04519,normal,0.011337382163280058
CUST_04520,normal,0.08167225225746108
CUST_04521,occasional_refunder,0.13164307095288919
CUST_04522,normal,0.06756877554159163
CUST_04523,occasional_refunder,0.09779348663810493
CUST_04524,normal,0.07256106505465672
CUST_04525,normal,0.015407094267627474
CUST_04526,normal,0.06533883815561835
CUST_04527,normal,0.07274455418092869
CUST_04528,occasional_refunder,0.12319272918511118
CUST_04529,normal,0.14814865841943797
CUST_04530,normal,0.08488696713716942
CUST_04531,normal,0.027877885907798553
CUST_04532,normal,0.05209603573750249
CUST_04533,normal,0.03084864475472862
CUST_04534,normal,0.05343981059230474
CUST_04535,normal,0.05592196715762729
CUST_04536,normal,0.026069167295779096
CUST_04537,normal,0.014176562838416083
CUST_04538,normal,0.005943853138573667
CUST_04539,normal,0.08625328967472624
CUST_04540,normal,0.06413818881041446
CUST_04541,normal,0.042274718860063905
CUST_04542,normal,0.04240577725534104
CUST_04543,normal,0.02482958226443082
CUST_04544,normal,0.012003865764009462
CUST_04545,normal,0.1254592221567613
CUST_04546,normal,0.022810137223498488
CUST_04547,normal,0.07694047687069722
CUST_04548,normal,0.026381326469303728
CUST_04549,normal,0.026266258641827224
CUST_04550,normal,0.06421973868004809
CUST_04551,suspicious,0.53493355750175
CUST_04552,normal,0.010873000086930658
CUST_04553,normal,0.0662100809417403
CUST_04554,occasional_refunder,0.17574349400866524
CUST_04555,normal,0.10292294461173254
CUST_04556,normal,0.1928702898774916
CUST_04557,normal,0.1268703335949701
CUST_04558,normal,0.1059913163190862
CUST_04559,suspicious,0.4253268993918733
CUST_04560,aggressive_abuser,0.8440281760425165
CUST_04561,normal,0.08568071728733317
CUST_04562,normal,0.1285888001658424
CUST_04563,occasional_refunder,0.09764834344674261
CUST_04564,normal,0.046683196371913635
CUST_04565,normal,0.07166913832303265
CUST_04566,occasional_refunder,0.10157214668454866
CUST_04567,normal,0.1089977042582563
CUST_04568,normal,0.06319403007837762
CUST_04569,normal,0.07621831690545598
CUST_04570,occasional_refunder,0.22976318377776742
CUST_04571,normal,0.022547641602777602
CUST_04572,normal,0.08256575849757528
CUST_04573,normal,0.002148395625591048
CUST_04574,normal,0.004789181955997496
CUST_04575,normal,0.07911693572065984
CUST_04576,normal,0.03380881462325778
CUST_04577,normal,0.032677045036684005
CUST_04578,normal,0.021683647382561587
CUST_04579,suspicious,0.42273577639688636
CUST_04580,normal,0.09149284730182987
CUST_04581,suspicious,0.36341600077704767
CUST_04582,normal,0.03654156769918334
CUST_04583,normal,0.05163542136101367
CUST_04584,normal,0.02894188850409192
CUST_04585,normal,0.03284175383407686
CUST_04586,suspicious,0.19154685456691836
CUST_04587,normal,0.11866634550961766
CUST_04588,normal,0.06554389523739587
CUST_04589,normal,0.071625670798392
CUST_04590,normal,0.05273174644112963
CUST_04591,normal,0.15117573054295333
CUST_04592,normal,0.004248617909412797
CUST_04593,normal,0.01606811469033045
CUST_04594,normal,0.07911399802461745
CUST_04595,normal,0.15211367833262687
CUST_04596,normal,0.041701416280745286
CUST_04597,normal,0.10905655302060575
CUST_04598,normal,0.06318855241053768
CUST_04599,normal,0.139229776203137
CUST_04600,normal,0.06656042185726113
CUST_04601,normal,0.062343768353168474
CUST_04602,normal,0.044878728057807384
CUST_04603,occasional_refunder,0.22982764125160127
CUST_04604,normal,0.00788083634959925
CUST_04605,normal,0.027039191471016
CUST_04606,occasional_refunder,0.14336310382183193
CUST_04607,normal,0.101206615578258
CUST_04608,normal,0.07338720164275646
CUST_04609,suspicious,0.4836143607971799
CUST_04610,normal,0.10713088406946106
CUST_04611,normal,0.09493847911059833
CUST_04612,normal,0.07656651120069907
CUST_04613,normal,0.06836460038757539
CUST_04614,normal,0.07876370021331092
CUST_04615,normal,0.1295322617946615
CUST_04616,normal,0.041867883606352414
CUST_04617,normal,0.024916018028455705
CUST_04618,occasional_refunder,0.047101977056677874
CUST_04619,normal,0.06574020101132269
CUST_04620,occasional_refunder,0.11147061564432278
CUST_04621,occasional_refunder,0.1586224555029948
CUST_04622,normal,0.014934072266850413
CUST_04623,normal,0.021078331022784943
CUST_04624,normal,0.07582468138473275
CUST_04625,suspicious,0.22669554787870447
CUST_04626,normal,0.01740708564568219
CUST_04627,normal,0.09171614021570497
CUST_04628,normal,0.058347398795501465
CUST_04629,normal,0.071396645310377
CUST_04630,normal,0.054146411911377625
CUST_04631,normal,0.014966720402911528
CUST_04632,normal,0.07768484406186105
CUST_04633,normal,0.02355108080440805
CUST_04634,occasional_refunder,0.09268327061275661
CUST_04635,normal,0.06279571645905589
CUST_04636,suspicious,0.4862621582539492
CUST_04637,normal,0.04015791068936264
CUST_04638,normal,0.022158975578210362
CUST_04639,normal,0.021458805394572445
CUST_04640,normal,0.033668143389201384
CUST_04641,suspicious,0.43979209171280054
CUST_04642,normal,0.03311111688751202
CUST_04643,occasional_refunder,0.462547914603464
CUST_04644,normal,0.08454206356727313
CUST_04645,normal,0.0559914195739899
CUST_04646,normal,0.02602785223094442
CUST_04647,normal,0.0208775954894124
CUST_04648,normal,0.10200498425810979
CUST_04649,occasional_refunder,0.17970318645100317
CUST_04650,normal,0.013792315598204692
CUST_04651,normal,0.07103398757030978
CUST_04652,normal,0.009004010042196815
CUST_04653,normal,0.032371919665638814
CUST_04654,normal,0.07733424153521026
CUST_04655,normal,0.039483984412140315
CUST_04656,normal,0.1075345214900992
CUST_04657,normal,0.06539552897321378
CUST_04658,normal,0.052362884112565934
CUST_04659,normal,0.010246553052544075
CUST_04660,normal,0.03253571740205693
CUST_04661,normal,0.021782307434726984
CUST_04662,normal,0.042732756730327996
CUST_04663,normal,0.06747508174041518
CUST_04664,normal,0.06486882560642054
CUST_04665,normal,0.026559364530356976
CUST_04666,normal,0.02979929431630928
CUST_04667,normal,0.02095221303377049
CUST_04668,normal,0.020524054094922563
CUST_04669,normal,0.05728804689378193
CUST_04670,normal,0.05765587858695519
CUST_04671,normal,0.03512793204343136
CUST_04672,occasional_refunder,0.22015111959541284
CUST_04673,normal,0.04443434566264902
CUST_04674,normal,0.10651920296121097
CUST_04675,normal,0.06900097877473889
CUST_04676,occasional_refunder,0.19193241019620286
CUST_04677,normal,0.05353044281829986
CUST_04678,suspicious,0.47760721577623255
CUST_04679,normal,0.018523705651920404
CUST_04680,normal,0.06855093827857327
CUST_04681,normal,0.02582930220145151
CUST_04682,normal,0.0835609685358821
CUST_04683,suspicious,0.45710263768297393
CUST_04684,normal,0.09078618824771062
CUST_04685,normal,0.013648410543847628
CUST_04686,normal,0.1161931715987848
CUST_04687,normal,0.032249696337987244
CUST_04688,normal,0.05479218042948943
CUST_04689,normal,0.07227886711806564
CUST_04690,suspicious,0.4951943127678125
CUST_04691,normal,0.05063932992562473
CUST_04692,normal,0.01315985901063476
CUST_04693,normal,0.04906548629675184
CUST_04694,normal,0.04129351922812319
CUST_04695,normal,0.04546560579713608
CUST_04696,occasional_refunder,0.04226066576681635
CUST_04697,normal,0.18252468322913723
CUST_04698,normal,0.03118927794264252
CUST_04699,normal,0.019619539191825474
CUST_04700,aggressive_abuser,0.6336330329629773
CUST_04701,normal,0.07773232025523757
CUST_04702,normal,0.10424620602386202
CUST_04703,normal,0.015100885980864221
CUST_04704,normal,0.10991027964371575
CUST_04705,normal,0.03711285090738165
CUST_04706,normal,0.06239951178779985
CUST_04707,normal,0.03131486828942489
CUST_04708,normal,0.09289324578797697
CUST_04709,normal,0.038720842202643914
CUST_04710,normal,0.04116102000911157
CUST_04711,normal,0.10562668057018497
CUST_04712,normal,0.11229242976441994
CUST_04713,normal,0.08584000881734331
CUST_04714,normal,0.05207976199043609
CUST_04715,normal,0.05249738041515255
CUST_04716,normal,0.12031533752295077
CUST_04717,normal,0.1012186033922836
CUST_04718,aggressive_abuser,0.65520609519952
CUST_04719,normal,0.012710369091166376
CUST_04720,occasional_refunder,0.06213699880547262
CUST_04721,normal,0.13425497510877224
CUST_04722,normal,0.034566543775075766
CUST_04723,normal,0.0331132682225754
CUST_04724,normal,0.0325130707304691
CUST_04725,normal,0.1391557689028769
CUST_04726,normal,0.12622709330549373
CUST_04727,occasional_refunder,0.15489382966937135
CUST_04728,normal,0.07255196125249391
CUST_04729,normal,0.06980696840986873
CUST_04730,normal,0.03265394233353296
CUST_04731,normal,0.06565224218908844
CUST_04732,normal,0.031795798669112786
CUST_04733,normal,0.08860585062291422
CUST_04734,occasional_refunder,0.14940020597474646
CUST_04735,normal,0.05164735501268476
CUST_04736,normal,0.042136115367160436
CUST_04737,normal,0.04836998470935342
CUST_04738,normal,0.07784193495608209
CUST_04739,normal,0.033882482893275126
CUST_04740,normal,0.08952125009636779
CUST_04741,normal,0.07470526939936278
CUST_04742,normal,0.10325979631560683
CUST_04743,normal,0.054081275122601635
CUST_04744,aggressive_abuser,0.6727534909750817
CUST_04745,normal,0.0782333740247842
CUST_04746,normal,0.018834391371624577
CUST_04747,normal,0.02266290816440095
CUST_04748,normal,0.019163021119296627
CUST_04749,normal,0.0641377864299676
CUST_04750,normal,0.0352264796670305
CUST_04751,normal,0.027226602098601723
CUST_04752,normal,0.04807312320377988
CUST_04753,normal,0.02635802478096173
CUST_04754,normal,0.01714563207207423
CUST_04755,occasional_refunder,0.11293034620695949
CUST_04756,occasional_refunder,0.1213293640894612
CUST_04757,normal,0.05850693569282377
CUST_04758,normal,0.019437158149634117
CUST_04759,normal,0.061211177701397175
CUST_04760,aggressive_abuser,0.5089332024625136
CUST_04761,normal,0.08119434286132317
CUST_04762,aggressive_abuser,0.4945168643802565
CUST_04763,normal,0.02453344361736781
CUST_04764,normal,0.0977935684613707
CUST_04765,normal,0.01909291956538247
CUST_04766,aggressive_abuser,0.7158560906740359
CUST_04767,occasional_refunder,0.3099164616783833
CUST_04768,normal,0.04554442326891664
CUST_04769,normal,0.025384853895330916
CUST_04770,normal,0.020728069453952044
CUST_04771,normal,0.04758261284269881
CUST_04772,normal,0.04553001161478354
CUST_04773,normal,0.006139843880480132
CUST_04774,normal,0.04628635117981119
CUST_04775,normal,0.055291095392650876
CUST_04776,normal,0.030075750281176872
CUST_04777,normal,0.08090556866158456
CUST_04778,normal,0.0029026691949927404
CUST_04779,normal,0.050012009998483625
CUST_04780,normal,0.06914986602507162
CUST_04781,normal,0.08177023000836214
CUST_04782,normal,0.03945352074398156
CUST_04783,normal,0.031136439081468785
CUST_04784,normal,0.04535076930047035
CUST_04785,normal,0.0188838231196012
CUST_04786,normal,0.02926400549205977
CUST_04787,occasional_refunder,0.11057124152668359
CUST_04788,occasional_refunder,0.18895425051045484
CUST_04789,normal,0.009232423758320767
CUST_04790,normal,0.06577837347157536
CUST_04791,normal,0.013655374930382802
CUST_04792,suspicious,0.5728056627656146
CUST_04793,normal,0.05480828865709775
CUST_04794,normal,0.00753484396619303
CUST_04795,normal,0.0581039331614934
CUST_04796,normal,0.11109166453384763
CUST_04797,normal,0.05766550087168626
CUST_04798,normal,0.024063058532235303
CUST_04799,normal,0.049344646685040926
CUST_04800,normal,0.10018231302174999
CUST_04801,normal,0.1275511654456578
CUST_04802,normal,0.07381515457077195
CUST_04803,occasional_refunder,0.23741694371525915
CUST_04804,normal,0.06283164566080793
CUST_04805,normal,0.021088452303697526
CUST_04806,normal,0.0649287613641946
CUST_04807,normal,0.031126357753869474
CUST_04808,suspicious,0.5288019292141872
CUST_04809,normal,0.02518313630756714
CUST_04810,occasional_refunder,0.1702814146554673
CUST_04811,normal,0.09836252816879457
CUST_04812,normal,0.04199326666634918
CUST_04813,normal,0.11763477944129326
CUST_04814,normal,0.06335219729114466
CUST_04815,normal,0.15704117748194343
CUST_04816,suspicious,0.35895092074625845
CUST_04817,occasional_refunder,0.06232727175572324
CUST_04818,normal,0.02102169682825184
CUST_04819,occasional_refunder,0.06178539421788417
CUST_04820,normal,0.04143504917001158
CUST_04821,normal,0.045188201261394445
CUST_04822,normal,0.09155940480185608
CUST_04823,normal,0.06595153516387633
CUST_04824,normal,0.04999130777217257
CUST_04825,normal,0.18699207086343095
CUST_04826,normal,0.048262424744166185
CUST_04827,normal,0.05824512281387153
CUST_04828,normal,0.023752636171328046
CUST_04829,normal,0.06515160449144891
CUST_04830,normal,0.013274307216990171
CUST_04831,normal,0.006922312338217791
CUST_04832,normal,0.040610137818333975
CUST_04833,normal,0.026135320667403695
CUST_04834,normal,0.03867220813592241
CUST_04835,normal,0.04656495406314847
CUST_04836,normal,0.02007543842307581
CUST_04837,normal,0.02428110765071889
CUST_04838,normal,0.03214385306095171
CUST_04839,normal,0.047122949596035905
CUST_04840,normal,0.001724510416803223
CUST_04841,suspicious,0.30333800986119114
CUST_04842,suspicious,0.43469956609721433
CUST_04843,normal,0.10096144718033001
CUST_04844,normal,0.023765403711049165
CUST_04845,normal,0.05514246413388507
CUST_04846,normal,0.049241225373882765
CUST_04847,suspicious,0.5186513214651054
CUST_04848,normal,0.010098874915793362
CUST_04849,normal,0.029095806455448583
CUST_04850,normal,0.054553933831436516
CUST_04851,suspicious,0.3352138932262173
CUST_04852,normal,0.020328215183314378
CUST_04853,normal,0.04890904890270578
CUST_04854,normal,0.07963801179680324
CUST_04855,normal,0.20774792923380067
CUST_04856,normal,0.0901920918695271
CUST_04857,normal,0.0570589804993617
CUST_04858,suspicious,0.3796234665533463
CUST_04859,occasional_refunder,0.23984774732907146
CUST_04860,occasional_refunder,0.13351464215173756
CUST_04861,normal,0.10084554579597815
CUST_04862,normal,0.02535702843880444
CUST_04863,normal,0.018836217558067917
CUST_04864,normal,0.03805253999607013
CUST_04865,normal,0.02144294442736443
CUST_04866,normal,0.05162082516352296
CUST_04867,normal,0.0356585569661682
CUST_04868,normal,0.05309226368189035
CUST_04869,normal,0.06053045023194868
CUST_04870,normal,0.0051447602773482355
CUST_04871,normal,0.05009176034903271
CUST_04872,normal,0.12881520768947827
CUST_04873,normal,0.04966114726379628
CUST_04874,normal,0.017311147805739766
CUST_04875,normal,0.134206536979797
CUST_04876,normal,0.04815660377310252
CUST_04877,normal,0.07978668624946063
CUST_04878,normal,0.053941822411156415
CUST_04879,normal,0.05091718236563012
CUST_04880,normal,0.028218250467405694
CUST_04881,normal,0.019059107784835536
CUST_04882,normal,0.024129941146536497
CUST_04883,normal,0.02483445597298253
CUST_04884,normal,0.03914866874074461
CUST_04885,normal,0.02787901435192618
CUST_04886,occasional_refunder,0.20138092302136243
CUST_04887,normal,0.03759490483013765
CUST_04888,normal,0.010157780444943683
CUST_04889,normal,0.024392410779714366
CUST_04890,normal,0.023269296770971695
CUST_04891,normal,0.027745736098524588
CUST_04892,normal,0.1275872046036551
CUST_04893,normal,0.10636516535231491
CUST_04894,normal,0.044116477139288644
CUST_04895,normal,0.10077781363088284
CUST_04896,normal,0.012466114211864427
CUST_04897,normal,0.07851676941874436
CUST_04898,normal,0.02718396969831925
CUST_04899,normal,0.016109430024938476
CUST_04900,occasional_refunder,0.18053461326807305
CUST_04901,normal,0.09987950883939321
CUST_04902,normal,0.024973097300328692
CUST_04903,normal,0.08810182211148829
CUST_04904,normal,0.06143952424080612
CUST_04905,occasional_refunder,0.1769981523981507
CUST_04906,normal,0.020068318545429537
CUST_04907,suspicious,0.3953209815985006
CUST_04908,normal,0.03455845196622587
CUST_04909,normal,0.038360500055103365
CUST_04910,normal,0.04104320141571481
CUST_04911,occasional_refunder,0.1723755664171632
CUST_04912,normal,0.055354026803972105
CUST_04913,normal,0.02894138767125112
CUST_04914,normal,0.03338991712890335
CUST_04915,normal,0.05451903405478058
CUST_04916,occasional_refunder,0.13185265676738817
CUST_04917,normal,0.06482274243570636
CUST_04918,normal,0.01235631474501727
CUST_04919,normal,0.06550849515734086
CUST_04920,normal,0.018918099176832945
CUST_04921,suspicious,0.2822197150409844
CUST_04922,normal,0.04571899182474709
CUST_04923,normal,0.025737215750397367
CUST_04924,occasional_refunder,0.05779522113543904
CUST_04925,normal,0.06822226300716078
CUST_04926,normal,0.0103551364975802
CUST_04927,normal,0.023196005722323176
CUST_04928,normal,0.022663488813619036
CUST_04929,normal,0.05723033602707807
CUST_04930,occasional_refunder,0.08209109441664016
CUST_04931,normal,0.017740464409155547
CUST_04932,normal,0.021122103944272923
CUST_04933,suspicious,0.4121469190671873
CUST_04934,normal,0.05307579350629649
CUST_04935,normal,0.04178010730441099
CUST_04936,normal,0.016959427432416654
CUST_04937,occasional_refunder,0.32844095350047503
CUST_04938,normal,0.06135190611208784
CUST_04939,normal,0.057722704755514206
CUST_04940,normal,0.056780835827734064
CUST_04941,normal,0.025639645178483213
CUST_04942,normal,0.0064147947146967164
CUST_04943,normal,0.05071764619444415
CUST_04944,normal,0.07254469088754276
CUST_04945,normal,0.09488017914736596
CUST_04946,suspicious,0.3166663406479554
CUST_04947,normal,0.04939326980375364
CUST_04948,normal,0.02210044988934704
CUST_04949,normal,0.012820529177112553
CUST_04950,normal,0.109780878004116
CUST_04951,normal,0.08420524348551368
CUST_04952,normal,0.01170039298861536
CUST_04953,normal,0.04724417711541312
CUST_04954,normal,0.07120846614919679
CUST_04955,normal,0.06853448761960075
CUST_04956,normal,0.10129596877307347
CUST_04957,normal,0.014159950659914858
CUST_04958,normal,0.01564075280030213
CUST_04959,normal,0.022705511013639365
CUST_04960,normal,0.03916400973138054
CUST_04961,normal,0.025834136066530008
CUST_04962,normal,0.05969735971584434
CUST_04963,normal,0.0009023776103421525
CUST_04964,normal,0.007804212217566805
CUST_04965,normal,0.09061131294317905
CUST_04966,normal,0.06654058145890167
CUST_04967,suspicious,0.27561318401808
CUST_04968,normal,0.03534281474696353
CUST_04969,suspicious,0.6366015582568318
CUST_04970,normal,0.04979662779787448
CUST_04971,normal,0.04751562831779297
CUST_04972,occasional_refunder,0.25291407811772626
CUST_04973,normal,0.018027599048733273
CUST_04974,normal,0.05028845175780065
CUST_04975,normal,0.05356888154189549
CUST_04976,normal,0.0647449788646456
CUST_04977,normal,0.1371572640983707
CUST_04978,normal,0.006102763058791392
CUST_04979,normal,0.05849629617606026
CUST_04980,normal,0.028591691845496293
CUST_04981,suspicious,0.40523101569331826
CUST_04982,normal,0.1010895992219824
CUST_04983,normal,0.05526510911874784
CUST_04984,normal,0.02520350064855833
CUST_04985,normal,0.04598090749051176
CUST_04986,normal,0.011593876573451836
CUST_04987,normal,0.017184637549842258
CUST_04988,normal,0.01788647554178136
CUST_04989,normal,0.062012721500994135
CUST_04990,normal,0.06511204107095887
CUST_04991,suspicious,0.5401173297726406
CUST_04992,normal,0.028167800458341715
CUST_04993,normal,0.07398599959266945
CUST_04994,normal,0.016946432011722284
CUST_04995,normal,0.08213196361364596
CUST_04996,occasional_refunder,0.2958915441059862
CUST_04997,normal,0.03834389986974895
CUST_04998,normal,0.016130365042987354
CUST_04999,normal,0.021620398438633035
CUST_05000,normal,0.016905440630041586
CUST_05001,normal,0.05229668963149894
CUST_05002,normal,0.12303788952711982
CUST_05003,normal,0.011877078106054538
CUST_05004,normal,0.07397874320630057
CUST_05005,occasional_refunder,0.08528096669223371
CUST_05006,normal,0.05381389033756719
CUST_05007,normal,0.057569343588492056
CUST_05008,normal,0.050277849053890024
CUST_05009,normal,0.06471400810260887
CUST_05010,normal,0.07273409218941368
CUST_05011,normal,0.10117120221649399
CUST_05012,normal,0.09475158827428468
CUST_05013,normal,0.06285402828934468
CUST_05014,normal,0.10650377058904288
CUST_05015,normal,0.09850742695709594
CUST_05016,normal,0.0655289239264917
CUST_05017,normal,0.07171112999607852
CUST_05018,normal,0.06329984446771186
CUST_05019,normal,0.17851394492240139
CUST_05020,occasional_refunder,0.1600684905216013
CUST_05021,normal,0.031017918883305334
CUST_05022,normal,0.05249701877346117
CUST_05023,suspicious,0.5181344224247275
CUST_05024,normal,0.06114777383348234
CUST_05025,suspicious,0.22169951624056858
CUST_05026,normal,0.06648876118465351
CUST_05027,normal,0.027186869348732094
CUST_05028,normal,0.1717165170224069
CUST_05029,normal,0.010641993986520297
CUST_05030,normal,0.02961842312139395
CUST_05031,normal,0.09351808745231208
CUST_05032,normal,0.07416693537315887
CUST_05033,normal,0.07870480388444055
CUST_05034,normal,0.024344040616158146
CUST_05035,normal,0.07868772626890572
CUST_05036,normal,0.01712151885441243
CUST_05037,normal,0.06385616666788907
CUST_05038,suspicious,0.3592928097558488
CUST_05039,normal,0.002288718372259976
CUST_05040,occasional_refunder,0.20613043852734644
CUST_05041,normal,0.018959705667368477
CUST_05042,normal,0.04893599862862183
CUST_05043,normal,0.06813525517982058
CUST_05044,normal,0.052849049861554136
CUST_05045,normal,0.06015823553864284
CUST_05046,normal,0.0442579347773731
CUST_05047,normal,0.08721681477900149
CUST_05048,normal,0.03710338292231074
CUST_05049,normal,0.07540267959644202
CUST_05050,normal,0.014150699662662936
CUST_05051,normal,0.020614804305114413
CUST_05052,normal,0.05355596353874302
CUST_05053,normal,0.05948288144964964
CUST_05054,normal,0.04179581936625352
CUST_05055,normal,0.09865831734908578
CUST_05056,normal,0.14827378199381785
CUST_05057,normal,0.01803655975525655
CUST_05058,normal,0.05364193115699521
CUST_05059,normal,0.03750912431870369
CUST_05060,normal,0.03481205649823237
CUST_05061,suspicious,0.47610376536080734
CUST_05062,occasional_refunder,0.2784341036015672
CUST_05063,normal,0.04833320045779913
CUST_05064,normal,0.024619370366767854
CUST_05065,normal,0.027723164184748374
CUST_05066,normal,0.09053974737554288
CUST_05067,normal,0.06285993714018599
CUST_05068,normal,0.06539932071651959
CUST_05069,occasional_refunder,0.22574387113608071
CUST_05070,normal,0.05686630668428095
CUST_05071,normal,0.03389721336507108
CUST_05072,normal,0.07560771544126466
CUST_05073,normal,0.12872774799620545
CUST_05074,normal,0.015332100478197802
CUST_05075,suspicious,0.47809625432706393
CUST_05076,normal,0.02300637475003847
CUST_05077,normal,0.026234248891818638
CUST_05078,normal,0.0377947894062788
CUST_05079,normal,0.022204505962496627
CUST_05080,normal,0.08483481788442546
CUST_05081,normal,0.0715127431749064
CUST_05082,normal,0.08055175493914057
CUST_05083,normal,0.09447063747691405
CUST_05084,normal,0.028841005535189423
CUST_05085,normal,0.05627379288018699
CUST_05086,normal,0.05373570979122702
CUST_05087,normal,0.01989016138131009
CUST_05088,normal,0.04967096950047783
CUST_05089,normal,0.03903822367284691
CUST_05090,normal,0.07279007678743833
CUST_05091,normal,0.041019343431297074
CUST_05092,normal,0.06806518542331694
CUST_05093,normal,0.029283031194385932
CUST_05094,normal,0.09010644546636319
CUST_05095,normal,0.058371032543844785
CUST_05096,normal,0.12131201299535331
CUST_05097,normal,0.07995774311426852
CUST_05098,normal,0.0782181031586726
CUST_05099,normal,0.09599375011127366
CUST_05100,normal,0.15510766695706382
CUST_05101,normal,0.029518824016228316
CUST_05102,normal,0.05686061281864915
CUST_05103,normal,0.053345513292338734
CUST_05104,normal,0.05640070130518639
CUST_05105,normal,0.09151334279014607
CUST_05106,normal,0.031509680136038595
CUST_05107,normal,0.032888178644760825
CUST_05108,normal,0.009236746780752732
CUST_05109,normal,0.0631752147642241
CUST_05110,suspicious,0.2550672025783673
CUST_05111,suspicious,0.3049884724794982
CUST_05112,occasional_refunder,0.07502646642675327
CUST_05113,normal,0.12610574155738521
CUST_05114,normal,0.05141288110775338
CUST_05115,normal,0.040865965174909195
CUST_05116,normal,0.13465759144741904
CUST_05117,normal,0.042240739801061404
CUST_05118,normal,0.025339477645569843
CUST_05119,normal,0.04458214888360886
CUST_05120,normal,0.018510720121762074
CUST_05121,normal,0.054610661808039807
CUST_05122,occasional_refunder,0.21533023921434752
CUST_05123,normal,0.07743160944324112
CUST_05124,normal,0.08017263303306456
CUST_05125,occasional_refunder,0.06724920907100036
CUST_05126,normal,0.15800060539799426
CUST_05127,normal,0.03628642313591004
CUST_05128,normal,0.0352196836895717
CUST_05129,normal,0.05682842210078441
CUST_05130,normal,0.013100907039902056
CUST_05131,normal,0.03699147318138794
CUST_05132,normal,0.03411358004120918
CUST_05133,normal,0.02793952890298884
CUST_05134,normal,0.1364963789995517
CUST_05135,suspicious,0.33335468142184854
CUST_05136,normal,0.06550411591621218
CUST_05137,normal,0.05954455751842887
CUST_05138,normal,0.1440599757738441
CUST_05139,normal,0.10168337189144336
CUST_05140,suspicious,0.25211372573190716
CUST_05141,normal,0.03356463470434981
CUST_05142,normal,0.023199516138800717
CUST_05143,normal,0.1780433775134121
CUST_05144,normal,0.08437500979343134
CUST_05145,normal,0.0769727746345036
CUST_05146,occasional_refunder,0.07944880213816617
CUST_05147,normal,0.04601814480452682
CUST_05148,occasional_refunder,0.07585876618738233
CUST_05149,normal,0.05886445832712076
CUST_05150,normal,0.03423597938854308
CUST_05151,normal,0.051268729209404285
CUST_05152,normal,0.05802482627993405
CUST_05153,occasional_refunder,0.1760521409216237
CUST_05154,normal,0.06509015202613691
CUST_05155,normal,0.02645373500153519
CUST_05156,normal,0.08446852103091948
CUST_05157,normal,0.017980013591799057
CUST_05158,normal,0.043042302845302395
CUST_05159,normal,0.008441603463788723
CUST_05160,normal,0.08248285298915467
CUST_05161,normal,0.058764804136471956
CUST_05162,normal,0.08325051790813195
CUST_05163,normal,0.041434683836166594
CUST_05164,normal,0.04883404375522055
CUST_05165,normal,0.022360192739490435
CUST_05166,aggressive_abuser,0.7962186831619871
CUST_05167,normal,0.1113576818165237
CUST_05168,normal,0.11954198187179799
CUST_05169,normal,0.0064042988529140815
CUST_05170,normal,0.06475999690594865
CUST_05171,normal,0.0936841565737364
CUST_05172,normal,0.018696967151136574
CUST_05173,normal,0.06611860514814843
CUST_05174,normal,0.058107677470333116
CUST_05175,normal,0.040268356265734495
CUST_05176,normal,0.010140183456944112
CUST_05177,occasional_refunder,0.25430133671458705
CUST_05178,normal,0.054206250959690123
CUST_05179,normal,0.18753061310549635
CUST_05180,occasional_refunder,0.1918244534734658
CUST_05181,normal,0.10974755728399227
CUST_05182,normal,0.03640410402150461
CUST_05183,normal,0.08035994496250097
CUST_05184,suspicious,0.5200510554815607
CUST_05185,normal,0.018642544911057067
CUST_05186,suspicious,0.26385935627491675
CUST_05187,normal,0.03193888220840531
CUST_05188,normal,0.09834484850988175
CUST_05189,suspicious,0.6120066851020475
CUST_05190,normal,0.01703248459553075
CUST_05191,normal,0.033818133778707245
CUST_05192,normal,0.09898082467824065
CUST_05193,normal,0.12933618656340323
CUST_05194,occasional_refunder,0.09403624692792766
CUST_05195,normal,0.05374986029362204
CUST_05196,normal,0.0006212220204948777
CUST_05197,normal,0.07695390500998579
CUST_05198,normal,0.10180827139474355
CUST_05199,normal,0.016813352494776872
CUST_05200,normal,0.08809490251881236
CUST_05201,normal,0.05606129212790181
CUST_05202,aggressive_abuser,0.592602755782726
CUST_05203,normal,0.04382653631043218
CUST_05204,normal,0.029497224875539768
CUST_05205,suspicious,0.1916478851724631
CUST_05206,normal,0.08755438221243556
CUST_05207,normal,0.0708911951095321
CUST_05208,normal,0.05463884783585262
CUST_05209,occasional_refunder,0.24025375635452437
CUST_05210,normal,0.016569467657957238
CUST_05211,suspicious,0.647462299487653
CUST_05212,normal,0.08155928886136081
CUST_05213,normal,0.014420825003803376
CUST_05214,normal,0.07831967513134273
CUST_05215,normal,0.16361412811189435
CUST_05216,normal,0.1217318375524484
CUST_05217,normal,0.09512738131917312
CUST_05218,normal,0.06265402534625233
CUST_05219,normal,0.059720992533691994
CUST_05220,normal,0.049219859924414834
CUST_05221,normal,0.04262090567311966
CUST_05222,normal,0.0723803940972933
CUST_05223,normal,0.07399643157882406
CUST_05224,normal,0.02641150359572306
CUST_05225,normal,0.08690607764006866
CUST_05226,normal,0.049514163348392294
CUST_05227,normal,0.06681233855079335
CUST_05228,occasional_refunder,0.07324325912028841
CUST_05229,normal,0.054210038675363136
CUST_05230,normal,0.0623030108379007
CUST_05231,normal,0.0243586633757013
CUST_05232,normal,0.03888856818323771
CUST_05233,normal,0.01923723988115537
CUST_05234,normal,0.052301794056147516
CUST_05235,normal,0.10003368301485221
CUST_05236,normal,0.04014393871516866
CUST_05237,normal,0.02498292213033696
CUST_05238,normal,0.070711935548925
CUST_05239,normal,0.022084780758326667
CUST_05240,normal,0.07540280899380392
CUST_05241,suspicious,0.40098619716354106
CUST_05242,normal,0.0667545870285869
CUST_05243,normal,0.025966373718715727
CUST_05244,occasional_refunder,0.201349765293031
CUST_05245,normal,0.03809494439232079
CUST_05246,normal,0.053790777192918256
CUST_05247,normal,0.020963693350151996
CUST_05248,occasional_refunder,0.1718024878952138
CUST_05249,normal,0.04363695385419141
CUST_05250,normal,0.029646843466926205
CUST_05251,normal,0.03156202949786983
CUST_05252,suspicious,0.2794329393288932
CUST_05253,normal,0.003921799404519935
CUST_05254,normal,0.07183318194733183
CUST_05255,occasional_refunder,0.10059671321883852
CUST_05256,normal,0.08084026349409917
CUST_05257,normal,0.07644970699539061
CUST_05258,normal,0.0411984960350028
CUST_05259,normal,0.017931104292803868
CUST_05260,occasional_refunder,0.1259190265031152
CUST_05261,normal,0.1154303201047604
CUST_05262,normal,0.05710713536703644
CUST_05263,normal,0.04262903199671139
CUST_05264,normal,0.02672248671138367
CUST_05265,suspicious,0.3958810051113097
CUST_05266,normal,0.04572330047658713
CUST_05267,normal,0.10054744013754464
CUST_05268,normal,0.023258677607623676
CUST_05269,occasional_refunder,0.17291870445699675
CUST_05270,normal,0.09190378396760845
CUST_05271,normal,0.020667152367200767
CUST_05272,normal,0.008737000147021756
CUST_05273,normal,0.035213412748528766
CUST_05274,normal,0.04022791933460088
CUST_05275,normal,0.03153141579739178
CUST_05276,normal,0.07616256245429061
CUST_05277,normal,0.08670532945243577
CUST_05278,normal,0.05739487502211835
CUST_05279,suspicious,0.4565448621086074
CUST_05280,normal,0.05400105397992675
CUST_05281,aggressive_abuser,0.7151716568586665
CUST_05282,normal,0.01974854765163174
CUST_05283,normal,0.050991632478948765
CUST_05284,occasional_refunder,0.21262521651825775
CUST_05285,normal,0.08168449501025808
CUST_05286,normal,0.0993339219818254
CUST_05287,aggressive_abuser,0.5772164044891872
CUST_05288,normal,0.03309998486208871
CUST_05289,normal,0.07171870463318974
CUST_05290,normal,0.04487036776808312
CUST_05291,normal,0.01857437643507072
CUST_05292,normal,0.03132232730903825
CUST_05293,normal,0.05027750009473917
CUST_05294,normal,0.009593508388307222
CUST_05295,normal,0.0705952147076377
CUST_05296,normal,0.02808888695607656
CUST_05297,normal,0.052733198839217246
CUST_05298,normal,0.04160520310170258
CUST_05299,normal,0.01083751220225281
CUST_05300,normal,0.04404618809840309
CUST_05301,normal,0.037506243017764625
CUST_05302,normal,0.048231869588337445
CUST_05303,normal,0.043921078134547056
CUST_05304,occasional_refunder,0.15603641053008865
CUST_05305,normal,0.04507456621597392
CUST_05306,normal,0.0628651762368393
CUST_05307,normal,0.012691392058069847
CUST_05308,normal,0.06441120608600878
CUST_05309,occasional_refunder,0.18287662553793843
CUST_05310,occasional_refunder,0.24355596478512648
CUST_05311,normal,0.09434899092113395
CUST_05312,normal,0.023708989262440385
CUST_05313,occasional_refunder,0.14421952310649588
CUST_05314,suspicious,0.12941830165745474
CUST_05315,normal,0.08210111511734261
CUST_05316,normal,0.07653882184086173
CUST_05317,normal,0.002561289404585574
CUST_05318,suspicious,0.3484643609750787
CUST_05319,normal,0.0014081007612444323
CUST_05320,normal,0.03417437079430632
CUST_05321,normal,0.012427253914976667
CUST_05322,normal,0.15023804800181356
CUST_05323,normal,0.026297635805315998
CUST_05324,aggressive_abuser,0.6475346567765414
CUST_05325,normal,0.01196302755814499
CUST_05326,normal,0.036929327321022665
CUST_05327,normal,0.028139571932887592
CUST_05328,normal,0.07227015192332838
CUST_05329,normal,0.036973108430596195
CUST_05330,normal,0.0529699673059383
CUST_05331,normal,0.020807612815373612
CUST_05332,normal,0.04557944414078922
CUST_05333,normal,0.027061768228757613
CUST_05334,normal,0.026012547045339524
CUST_05335,suspicious,0.6731936284507284
CUST_05336,suspicious,0.4055174971378984
CUST_05337,normal,0.07723613549673768
CUST_05338,normal,0.015751712601407668
CUST_05339,occasional_refunder,0.09523837462803914
CUST_05340,normal,0.08249780030246086
CUST_05341,normal,0.02092173443513659
CUST_05342,suspicious,0.27810236746536293
CUST_05343,normal,0.055688871122949284
CUST_05344,normal,0.023715935248734988
CUST_05345,suspicious,0.32314373677729924
CUST_05346,normal,0.16004491072025548
CUST_05347,normal,0.03985450702159745
CUST_05348,normal,0.06796050568560949
CUST_05349,normal,0.1026227304129887
CUST_05350,normal,0.06193075739701534
CUST_05351,normal,0.014633706969441043
CUST_05352,aggressive_abuser,0.595250382432171
CUST_05353,normal,0.0075440611866093325
CUST_05354,normal,0.0016842104956331261
CUST_05355,normal,0.041423304472020916
CUST_05356,normal,0.018423322312533037
CUST_05357,normal,0.10500603876618007
CUST_05358,suspicious,0.6709926825135051
CUST_05359,normal,0.17550773045854384
CUST_05360,normal,0.09655217246088088
CUST_05361,normal,0.10898650491105494
CUST_05362,normal,0.013350597634049785
CUST_05363,normal,0.031131306322002332
CUST_05364,normal,0.10529746642856712
CUST_05365,normal,0.05314097868436223
CUST_05366,aggressive_abuser,0.5182129573148374
CUST_05367,normal,0.053437728914913725
CUST_05368,normal,0.06974080824726646
CUST_05369,normal,0.014975366277730136
CUST_05370,normal,0.07566782892413336
CUST_05371,normal,0.05257244191030353
CUST_05372,normal,0.08290926654719429
CUST_05373,normal,0.021981899695298637
CUST_05374,normal,0.017814517370291306
CUST_05375,normal,0.04085496288121729
CUST_05376,normal,0.03522458742926013
CUST_05377,normal,0.01901837396925096
CUST_05378,normal,0.05636365996756424
CUST_05379,normal,0.0967845215371914
CUST_05380,normal,0.09342287984750779
CUST_05381,normal,0.019479879280712424
CUST_05382,normal,0.015162986432528896
CUST_05383,normal,0.07622179215206741
CUST_05384,normal,0.05354530353644348
CUST_05385,normal,0.10874693359565255
CUST_05386,normal,0.023083143585508014
CUST_05387,normal,0.07693865829891595
CUST_05388,suspicious,0.48785107566719405
CUST_05389,normal,0.047434970203571084
CUST_05390,occasional_refunder,0.07754026658607174
CUST_05391,normal,0.11835010052279425
CUST_05392,normal,0.03720118252559481
CUST_05393,occasional_refunder,0.13117759939647694
CUST_05394,normal,0.015604599802572276
CUST_05395,normal,0.04110394669418774
CUST_05396,normal,0.03805910284495928
CUST_05397,normal,0.03168087371358853
CUST_05398,normal,0.06974371269858336
CUST_05399,normal,0.03444513294949795
CUST_05400,occasional_refunder,0.19412929425602743
CUST_05401,normal,0.144278093267228
CUST_05402,suspicious,0.2356481264650699
CUST_05403,suspicious,0.3631567085597743
CUST_05404,normal,0.02904852648949282
CUST_05405,normal,0.07378864491835811
CUST_05406,occasional_refunder,0.07776705987583805
CUST_05407,suspicious,0.6317105410150543
CUST_05408,normal,0.02648877875582874
CUST_05409,normal,0.04329409137711832
CUST_05410,normal,0.04285343794520727
CUST_05411,normal,0.034469069499610254
CUST_05412,normal,0.022750285381442983
CUST_05413,normal,0.029386170013993733
CUST_05414,normal,0.10154827103366222
CUST_05415,normal,0.08191114263265768
CUST_05416,normal,0.15121481807117734
CUST_05417,normal,0.25579220263893704
CUST_05418,normal,0.061462562677653744
CUST_05419,normal,0.07561191396710465
CUST_05420,normal,0.06997597430893776
CUST_05421,normal,0.004837809439854371
CUST_05422,normal,0.020422776576183056
CUST_05423,suspicious,0.29134085097792156
CUST_05424,normal,0.006713634536791564
CUST_05425,normal,0.048905874017906865
CUST_05426,normal,0.03921400265329488
CUST_05427,aggressive_abuser,0.6963832958265672
CUST_05428,normal,0.0751263045066148
CUST_05429,normal,0.019767159059993183
CUST_05430,normal,0.08962999819317603
CUST_05431,normal,0.06759932156698914
CUST_05432,normal,0.04067626678224013
CUST_05433,normal,0.04603463732653462
CUST_05434,normal,0.015913405472329115
CUST_05435,normal,0.02127410507097582
CUST_05436,normal,0.017899451296081868
CUST_05437,normal,0.030847213088134963
CUST_05438,normal,0.024031181461965468
CUST_05439,normal,0.060183116339958015
CUST_05440,normal,0.04601216753616588
CUST_05441,normal,0.006555635419937497
CUST_05442,normal,0.04014793142086309
CUST_05443,normal,0.05816655153880082
CUST_05444,suspicious,0.4746538773437941
CUST_05445,normal,0.19966723792723393
CUST_05446,normal,0.0769171842146101
CUST_05447,normal,0.05181313247645971
CUST_05448,normal,0.059977620745455276
CUST_05449,normal,0.008630221129693291
CUST_05450,normal,0.07069439940384356
CUST_05451,normal,0.07780391924631955
CUST_05452,normal,0.014639744436958679
CUST_05453,normal,0.09721573156278271
CUST_05454,normal,0.00583014090683755
CUST_05455,normal,0.029882742594393878
CUST_05456,normal,0.11086889482760048
CUST_05457,normal,0.024709049016507657
CUST_05458,normal,0.041378839499227486
CUST_05459,suspicious,0.47572663523714587
CUST_05460,suspicious,0.34988956611797417
CUST_05461,normal,0.08116325229804956
CUST_05462,normal,0.033681711838703644
CUST_05463,normal,0.027048517521142693
CUST_05464,normal,0.004580975905350381
CUST_05465,normal,0.010261726280565249
CUST_05466,normal,0.03154961070353727
CUST_05467,normal,0.018380360324972783
CUST_05468,occasional_refunder,0.1423796005426348
CUST_05469,normal,0.037225871781885064
CUST_05470,normal,0.03312526967425143
CUST_05471,normal,0.12118147121403242
CUST_05472,normal,0.05353359989552073
CUST_05473,normal,0.004043849608247812
CUST_05474,normal,0.056044669862586556
CUST_05475,normal,0.058718563216880446
CUST_05476,normal,0.03676531919804834
CUST_05477,normal,0.044868833985884
CUST_05478,normal,0.01684892640672008
CUST_05479,normal,0.0607171968837943
CUST_05480,normal,0.034724819727038815
CUST_05481,normal,0.014089637830738924
CUST_05482,normal,0.023093929075270855
CUST_05483,normal,0.024499088603136678
CUST_05484,normal,0.009730071984679158
CUST_05485,normal,0.07765495771030302
CUST_05486,aggressive_abuser,0.5556450000907691
CUST_05487,normal,0.03168759806647777
CUST_05488,normal,0.007993716528735319
CUST_05489,normal,0.01218653162911639
CUST_05490,occasional_refunder,0.12091441799787074
CUST_05491,normal,0.042420710620560693
CUST_05492,normal,0.027022983467496278
CUST_05493,normal,0.01182028693400932
CUST_05494,normal,0.05365227939486151
CUST_05495,normal,0.05592978983357388
CUST_05496,normal,0.07567994555863193
CUST_05497,normal,0.05580237226646202
CUST_05498,occasional_refunder,0.1603256241312709
CUST_05499,normal,0.06878620335928064
CUST_05500,normal,0.07086218519203696
CUST_05501,normal,0.0629642317243727
CUST_05502,normal,0.1004541990378092
CUST_05503,normal,0.012094114310498283
CUST_05504,normal,0.015980643655334487
CUST_05505,normal,0.09763951268745545
CUST_05506,normal,0.06318244247281807
CUST_05507,normal,0.10160894376930481
CUST_05508,normal,0.026624245770382582
CUST_05509,normal,0.02874760747853875
CUST_05510,normal,0.11489807951416452
CUST_05511,normal,0.012271157244997362
CUST_05512,occasional_refunder,0.3487261116839824
CUST_05513,occasional_refunder,0.016867499568249074
CUST_05514,normal,0.12918173511489375
CUST_05515,normal,0.01009793000424217
CUST_05516,normal,0.06433221802337691
CUST_05517,normal,0.007346510897551326
CUST_05518,normal,0.07801536957183657
CUST_05519,normal,0.07370494890903835
CUST_05520,normal,0.00691140475367508
CUST_05521,normal,0.062434932933828916
CUST_05522,normal,0.04076033530524662
CUST_05523,normal,0.058125708395441254
CUST_05524,normal,0.06545011471091075
CUST_05525,normal,0.12490618116781975
CUST_05526,normal,0.009495217499197605
CUST_05527,normal,0.0483828221388717
CUST_05528,normal,0.019542769489312502
CUST_05529,normal,0.07807898461713371
CUST_05530,normal,0.03270220980806853
CUST_05531,normal,0.05807345274549815
CUST_05532,normal,0.013408372931102796
CUST_05533,normal,0.0450720359884157
CUST_05534,normal,0.03175187042424367
CUST_05535,normal,0.024345340799272124
CUST_05536,normal,0.031827876587530654
CUST_05537,normal,0.07781692401281744
CUST_05538,occasional_refunder,0.2610397062869121
CUST_05539,normal,0.07911263162294228
CUST_05540,normal,0.0917944124083903
CUST_05541,normal,0.013817033917510513
CUST_05542,normal,0.07189424699159119
CUST_05543,occasional_refunder,0.22426399097801197
CUST_05544,normal,0.01967197324460696
CUST_05545,normal,0.05021100678556296
CUST_05546,normal,0.009299788869956171
CUST_05547,normal,0.15968518036897564
CUST_05548,normal,0.03971648775050285
CUST_05549,normal,0.048675907193506035
CUST_05550,normal,0.06651023181313682
CUST_05551,normal,0.04222206608238655
CUST_05552,normal,0.03379771372720183
CUST_05553,suspicious,0.40203297339326555
CUST_05554,normal,0.013157345254726751
CUST_05555,normal,0.029856565490902785
CUST_05556,normal,0.06601036050403636
CUST_05557,normal,0.19226347435572788
CUST_05558,normal,0.025584533466908636
CUST_05559,normal,0.042226800074268094
CUST_05560,normal,0.06655168635975893
CUST_05561,normal,0.04706911323167577
CUST_05562,aggressive_abuser,0.6391810910561289
CUST_05563,normal,0.039000510802226655
CUST_05564,normal,0.019113055250736602
CUST_05565,suspicious,0.5561285273191751
CUST_05566,normal,0.1332513974110013
CUST_05567,normal,0.08684066156841959
CUST_05568,normal,0.0458771800137815
CUST_05569,normal,0.06872085640541707
CUST_05570,suspicious,0.3245018108593763
CUST_05571,suspicious,0.3832029633506346
CUST_05572,normal,0.04481497085862385
CUST_05573,normal,0.02124151142378697
CUST_05574,normal,0.02347856953043738
CUST_05575,normal,0.0275475651454492
CUST_05576,normal,0.037106881256437074
CUST_05577,normal,0.03348992556623533
CUST_05578,aggressive_abuser,0.8244859134068795
CUST_05579,occasional_refunder,0.14851994174243383
CUST_05580,normal,0.017633834977073763
CUST_05581,normal,0.0394775534886767
CUST_05582,normal,0.010199690956933858
CUST_05583,normal,0.04397852327355178
CUST_05584,normal,0.10291772336046538
CUST_05585,normal,0.042117144009198686
CUST_05586,normal,0.04011049371369702
CUST_05587,normal,0.02491144670834351
CUST_05588,normal,0.05951374733477588
CUST_05589,occasional_refunder,0.17451016815328174
CUST_05590,normal,0.07705060241462665
CUST_05591,normal,0.11830300000728278
CUST_05592,normal,0.013873751076802195
CUST_05593,normal,0.019639252921971682
CUST_05594,suspicious,0.4492155800223624
CUST_05595,normal,0.016340338690012612
CUST_05596,normal,0.05008748752501178
CUST_05597,normal,0.044008053796131825
CUST_05598,normal,0.020428818332867357
CUST_05599,normal,0.05280154759825196
CUST_05600,normal,0.05108152814881798
CUST_05601,normal,0.036746994734551015
CUST_05602,normal,0.028472734192891373
CUST_05603,normal,0.003729687430741508
CUST_05604,normal,0.09098390650283275
CUST_05605,normal,0.00956890365013606
CUST_05606,normal,0.0841103354479886
CUST_05607,occasional_refunder,0.1030494824960907
CUST_05608,occasional_refunder,0.19068273634263952
CUST_05609,normal,0.058764072345816036
CUST_05610,normal,0.06717437364120776
CUST_05611,normal,0.01924746389092856
CUST_05612,normal,0.04292151411661849
CUST_05613,normal,0.019242579542434808
CUST_05614,normal,0.006924489493925167
CUST_05615,normal,0.0675872395754814
CUST_05616,normal,0.07931607582829832
CUST_05617,occasional_refunder,0.14028130030123412
CUST_05618,normal,0.046013782377298515
CUST_05619,normal,0.060842919554629483
CUST_05620,normal,0.019134295544695624
CUST_05621,normal,0.06199680055583253
CUST_05622,occasional_refunder,0.29164441332891594
CUST_05623,normal,0.01743026332387375
CUST_05624,normal,0.02528195595754706
CUST_05625,normal,0.08857333278420973
CUST_05626,normal,0.007803036493746442
CUST_05627,normal,0.11628172171805974
CUST_05628,normal,0.009568676270669532
CUST_05629,normal,0.062313141213754385
CUST_05630,normal,0.021579102815179912
CUST_05631,normal,0.09112125231653702
CUST_05632,normal,0.04152016324177809
CUST_05633,normal,0.047395869988092316
CUST_05634,normal,0.1451573759733593
CUST_05635,normal,0.04789165822157076
CUST_05636,normal,0.041780286410719986
CUST_05637,normal,0.02907985621879505
CUST_05638,normal,0.0820033078816423
CUST_05639,normal,0.02174454292550863
CUST_05640,normal,0.02176250423634446
CUST_05641,normal,0.03243957313643668
CUST_05642,normal,0.057217740377971574
CUST_05643,normal,0.03228265743245014
CUST_05644,normal,0.011115004541864247
CUST_05645,normal,0.013220232614538086
CUST_05646,normal,0.127632913085499
CUST_05647,normal,0.06100861311695878
CUST_05648,normal,0.12297569088284263
CUST_05649,normal,0.05581184159672772
CUST_05650,normal,0.014666098112977519
CUST_05651,normal,0.029176388446335834
CUST_05652,normal,0.06438029929789954
CUST_05653,normal,0.06517227769972893
CUST_05654,normal,0.0729767098651946
CUST_05655,normal,0.03686748015508325
CUST_05656,normal,0.029504791560961106
CUST_05657,normal,0.08788248846722996
CUST_05658,occasional_refunder,0.1324421262302017
CUST_05659,suspicious,0.2949844713302007
CUST_05660,normal,0.052006378371262964
CUST_05661,normal,0.03242172075887307
CUST_05662,normal,0.006847422342559227
CUST_05663,normal,0.05658575765164932
CUST_05664,normal,0.0430121339238958
CUST_05665,normal,0.03429354290703814
CUST_05666,normal,0.16725923420860822
CUST_05667,normal,0.09594672426967235
CUST_05668,normal,0.07183782193849293
CUST_05669,normal,0.05937615451019427
CUST_05670,normal,0.03214443974989834
CUST_05671,normal,0.02282240410169386
CUST_05672,normal,0.029904247099317643
CUST_05673,normal,0.025615422768915482
CUST_05674,normal,0.17368670985134377
CUST_05675,suspicious,0.7756846010850619
CUST_05676,normal,0.021661853252043353
CUST_05677,normal,0.04845555731311025
CUST_05678,normal,0.012332824079842857
CUST_05679,normal,0.13722678733048493
CUST_05680,normal,0.01874376433400552
CUST_05681,normal,0.027466723872103232
CUST_05682,normal,0.06844786624435412
CUST_05683,occasional_refunder,0.08047308984648557
CUST_05684,normal,0.08730434586663778
CUST_05685,normal,0.0150625176244888
CUST_05686,normal,0.016907117971789423
CUST_05687,normal,0.04317864986666853
CUST_05688,occasional_refunder,0.13699247205045076
CUST_05689,normal,0.04234981474515944
CUST_05690,normal,0.06404497599076954
CUST_05691,normal,0.039559124023114414
CUST_05692,normal,0.051443293260075684
CUST_05693,normal,0.0689986129912674
CUST_05694,normal,0.025112048193093796
CUST_05695,normal,0.07175964476982329
CUST_05696,normal,0.019036444829067422
CUST_05697,normal,0.049187668448625446
CUST_05698,normal,0.03512329305152511
CUST_05699,aggressive_abuser,0.6539517912054085
CUST_05700,normal,0.006347744844188009
CUST_05701,normal,0.006006692951138975
CUST_05702,normal,0.1984842785857315
CUST_05703,normal,0.02279913196094456
CUST_05704,normal,0.12137948639577073
CUST_05705,occasional_refunder,0.3290953070803142
CUST_05706,normal,0.0287300830583123
CUST_05707,occasional_refunder,0.17849788563952498
CUST_05708,normal,0.05981413390384446
CUST_05709,normal,0.042541476078660066
CUST_05710,occasional_refunder,0.12865558197616472
CUST_05711,normal,0.06018609390811786
CUST_05712,suspicious,0.40536456698861556
CUST_05713,normal,0.03899743640682779
CUST_05714,suspicious,0.5375906021518259
CUST_05715,normal,0.04055893598122521
CUST_05716,normal,0.111408535475798
CUST_05717,normal,0.03728922207661832
CUST_05718,normal,0.009714503063213916
CUST_05719,normal,0.06320553652478779
CUST_05720,normal,0.049844690882148567
CUST_05721,normal,0.07812118029395067
CUST_05722,normal,0.16097523534309235
CUST_05723,normal,0.031104556179190054
CUST_05724,normal,0.022814658369529204
CUST_05725,normal,0.04025734877306053
CUST_05726,normal,0.04477981184984405
CUST_05727,normal,0.02832008426838612
CUST_05728,normal,0.05349087760068153
CUST_05729,normal,0.04428897645449516
CUST_05730,occasional_refunder,0.1344211370201921
CUST_05731,normal,0.07799721907890471
CUST_05732,normal,0.04946816087173693
CUST_05733,normal,0.11716885651352457
CUST_05734,normal,0.057128481473214976
CUST_05735,normal,0.04583208400625506
CUST_05736,normal,0.01789429367126937
CUST_05737,normal,0.01964241450943494
CUST_05738,normal,0.05135852544761143
CUST_05739,normal,0.12588991566340657
CUST_05740,normal,0.01132888958274289
CUST_05741,occasional_refunder,0.23082974823572333
CUST_05742,normal,0.014965576346407512
CUST_05743,normal,0.10837285216194266
CUST_05744,aggressive_abuser,0.5011631965902741
CUST_05745,normal,0.053782935250824476
CUST_05746,normal,0.05107083485981908
CUST_05747,normal,0.02615221864828674
CUST_05748,suspicious,0.23796318291093468
CUST_05749,aggressive_abuser,0.7252314366491148
CUST_05750,normal,0.02242464987993694
CUST_05751,normal,0.015890831883845002
CUST_05752,normal,0.06068634966434214
CUST_05753,normal,0.05121300166129951
CUST_05754,normal,0.06658546975162771
CUST_05755,occasional_refunder,0.051755530296439145
CUST_05756,normal,0.03291529922902306
CUST_05757,normal,0.012616699658898391
CUST_05758,normal,0.0591791311935276
CUST_05759,normal,0.04509410218055467
CUST_05760,normal,0.11506145323379198
CUST_05761,normal,0.03670847478376421
CUST_05762,suspicious,0.25728936747159864
CUST_05763,suspicious,0.37578624578155173
CUST_05764,normal,0.019093849495496265
CUST_05765,occasional_refunder,0.23858787491636116
CUST_05766,normal,0.0785508258851376
CUST_05767,normal,0.04152394088036132
CUST_05768,normal,0.06659474835494313
CUST_05769,normal,0.0532414119700446
CUST_05770,occasional_refunder,0.10356674876598507
CUST_05771,normal,0.054288673107788045
CUST_05772,normal,0.01459375104502959
CUST_05773,normal,0.0375080925105339
CUST_05774,normal,0.02990604184754019
CUST_05775,normal,0.05039481605700154
CUST_05776,normal,0.04176553443817979
CUST_05777,normal,0.06042830032632686
CUST_05778,normal,0.03873378612471344
CUST_05779,normal,0.16355780393412978
CUST_05780,normal,0.06512169310463302
CUST_05781,normal,0.20841277190361143
CUST_05782,normal,0.06847910401770671
CUST_05783,normal,0.019111847581922217
CUST_05784,normal,0.06390615465522351
CUST_05785,normal,0.07746858194177651
CUST_05786,occasional_refunder,0.04732317769590936
CUST_05787,normal,0.05230838619647125
CUST_05788,normal,0.06280657387212683
CUST_05789,aggressive_abuser,0.7000099385611012
CUST_05790,normal,0.06291640352201429
CUST_05791,normal,0.07294172698610732
CUST_05792,normal,0.02651342007198182
CUST_05793,suspicious,0.4871373447504198
CUST_05794,occasional_refunder,0.10380883786557617
CUST_05795,normal,0.07003124658604527
CUST_05796,normal,0.06670939052358041
CUST_05797,normal,0.10156812117751683
CUST_05798,suspicious,0.21885301951667638
CUST_05799,suspicious,0.34172504895317635
CUST_05800,normal,0.02683382770935844
CUST_05801,normal,0.07841843048296217
CUST_05802,normal,0.08160925688191589
CUST_05803,normal,0.08972405525100367
CUST_05804,normal,0.029409712333261936
CUST_05805,normal,0.020969424627488867
CUST_05806,normal,0.057021196559219466
CUST_05807,normal,0.0583942365698437
CUST_05808,suspicious,0.23238617640367676
CUST_05809,normal,0.011589964224765766
CUST_05810,normal,0.034749373886735956
CUST_05811,normal,0.060407873466713814
CUST_05812,aggressive_abuser,0.5628597060586494
CUST_05813,normal,0.0897013083474513
CUST_05814,normal,0.05925567114661935
CUST_05815,normal,0.11332783797345092
CUST_05816,normal,0.06568989635271578
CUST_05817,normal,0.07090963095306554
CUST_05818,normal,0.030498625281190846
CUST_05819,occasional_refunder,0.162691584032149
CUST_05820,normal,0.046937651843184484
CUST_05821,normal,0.06923755994555601
CUST_05822,normal,0.04465124492261578
CUST_05823,normal,0.011414151614552349
CUST_05824,normal,0.045262472960999875
CUST_05825,normal,0.10723036061395869
CUST_05826,normal,0.01805618296375401
CUST_05827,normal,0.06318422226837396
CUST_05828,normal,0.02109946858356757
CUST_05829,normal,0.11077359555858107
CUST_05830,normal,0.0739787119168711
CUST_05831,aggressive_abuser,0.5954663436029273
CUST_05832,normal,0.03639243637590395
CUST_05833,normal,0.011980818228528188
CUST_05834,normal,0.053832292563187355
CUST_05835,normal,0.017942020100769805
CUST_05836,normal,0.0492627976844053
CUST_05837,occasional_refunder,0.3471299655358283
CUST_05838,normal,0.05399308496279735
CUST_05839,normal,0.008744651622984668
CUST_05840,normal,0.01837154929984885
CUST_05841,normal,0.02724343210801739
CUST_05842,normal,0.04337811668267265
CUST_05843,normal,0.07888756544712798
CUST_05844,normal,0.023899136279839823
CUST_05845,occasional_refunder,0.11505781176724719
CUST_05846,normal,0.016151448941240296
CUST_05847,normal,0.04371468915605171
CUST_05848,normal,0.01985303708059151
CUST_05849,normal,0.06395466206830246
CUST_05850,normal,0.014544368957947612
CUST_05851,normal,0.045041802707755124
CUST_05852,suspicious,0.21724312280162233
CUST_05853,normal,0.0014223567033690967
CUST_05854,occasional_refunder,0.09045456012363869
CUST_05855,normal,0.17956263317239105
CUST_05856,normal,0.08179820671169546
CUST_05857,normal,0.06673896871437744
CUST_05858,normal,0.02457775856346183
CUST_05859,normal,0.07833325908245675
CUST_05860,normal,0.0265537552723398
CUST_05861,normal,0.029178269036770524
CUST_05862,normal,0.06764175054404387
CUST_05863,normal,0.06845384834241978
CUST_05864,normal,0.05439003039005195
CUST_05865,normal,0.03027961593420834
CUST_05866,normal,0.18991325487233182
CUST_05867,normal,0.04810023853498577
CUST_05868,normal,0.037565553307182184
CUST_05869,normal,0.016731507234413183
CUST_05870,normal,0.02635062282249349
CUST_05871,normal,0.03406191999420712
CUST_05872,normal,0.008877316059797732
CUST_05873,normal,0.08654686412661489
CUST_05874,normal,0.04327330583698298
CUST_05875,normal,0.07161024527741164
CUST_05876,normal,0.04847161959108247
CUST_05877,occasional_refunder,0.13240476991894462
CUST_05878,normal,0.020396394656219705
CUST_05879,normal,0.07390342451551568
CUST_05880,normal,0.11257747811128099
CUST_05881,normal,0.11243466187126917
CUST_05882,normal,0.03553092598243366
CUST_05883,normal,0.1079892356054584
CUST_05884,aggressive_abuser,0.7082595279357893
CUST_05885,normal,0.02683715248860956
CUST_05886,normal,0.11777846699115457
CUST_05887,normal,0.06542936504631028
CUST_05888,occasional_refunder,0.12842491591790905
CUST_05889,normal,0.10831872714814003
CUST_05890,normal,0.05764484897748369
CUST_05891,normal,0.10491946804404398
CUST_05892,normal,0.08515653664814198
CUST_05893,normal,0.04773967795675193
CUST_05894,normal,0.02254117186512613
CUST_05895,normal,0.07702003140331731
CUST_05896,normal,0.10007036911737902
CUST_05897,occasional_refunder,0.14163575153570426
CUST_05898,normal,0.017913706050456623
CUST_05899,suspicious,0.5814167209561558
CUST_05900,normal,0.11703345311031477
CUST_05901,normal,0.04446681466054268
CUST_05902,normal,0.12790243882030863
CUST_05903,normal,0.010494592458279287
CUST_05904,normal,0.03759058721367379
CUST_05905,normal,0.012654559689767515
CUST_05906,normal,0.0884987704886064
CUST_05907,normal,0.061490816291755714
CUST_05908,normal,0.034461063021576616
CUST_05909,normal,0.05716319353218766
CUST_05910,normal,0.08111893588973092
CUST_05911,normal,0.09239659088151066
CUST_05912,occasional_refunder,0.13325149572378095
CUST_05913,normal,0.012820693490647031
CUST_05914,normal,0.02963566590849204
CUST_05915,normal,0.0828035652273002
CUST_05916,normal,0.0738505265819548
CUST_05917,aggressive_abuser,0.3635428258814064
CUST_05918,normal,0.09644895891246384
CUST_05919,normal,0.0900225668520945
CUST_05920,normal,0.03622460858412738
CUST_05921,normal,0.02629892681552713
CUST_05922,suspicious,0.44453381280350424
CUST_05923,normal,0.07173145922278737
CUST_05924,normal,0.00441487950696186
CUST_05925,normal,0.09358623267062405
CUST_05926,normal,0.016600986575824993
CUST_05927,normal,0.04525257831485267
CUST_05928,normal,0.08186044744650833
CUST_05929,normal,0.11742682051767774
CUST_05930,occasional_refunder,0.058428535435852205
CUST_05931,normal,0.03135023184250183
CUST_05932,normal,0.025203995152158275
CUST_05933,normal,0.0707109422155304
CUST_05934,aggressive_abuser,0.7769721528355207
CUST_05935,normal,0.01549403324909524
CUST_05936,normal,0.020198542162271148
CUST_05937,normal,0.014154702945237472
CUST_05938,normal,0.031292799008582464
CUST_05939,normal,0.06621019383119127
CUST_05940,normal,0.070371321746106
CUST_05941,normal,0.027279323483678983
CUST_05942,normal,0.015466970937851581
CUST_05943,normal,0.008200409304061625
CUST_05944,occasional_refunder,0.12400067987844839
CUST_05945,suspicious,0.6296901111484952
CUST_05946,normal,0.12165745269377921
CUST_05947,normal,0.01832104721258745
CUST_05948,normal,0.04283114973784463
CUST_05949,normal,0.05519551920340504
CUST_05950,normal,0.021147206001079465
CUST_05951,normal,0.04565191498907634
CUST_05952,normal,0.023608460541529912
CUST_05953,normal,0.016219021160996334
CUST_05954,normal,0.010413350487644248
CUST_05955,normal,0.12914050100221278
CUST_05956,normal,0.0510600681611905
CUST_05957,normal,0.07528996539332958
CUST_05958,normal,0.02397893783800366
CUST_05959,normal,0.011168297393073666
CUST_05960,normal,0.016070165270388608
CUST_05961,normal,0.07048510478194203
CUST_05962,suspicious,0.5522746469631772
CUST_05963,normal,0.02700423039595779
CUST_05964,normal,0.06642617417437095
CUST_05965,normal,0.0709890002460203
CUST_05966,occasional_refunder,0.206258118749476
CUST_05967,occasional_refunder,0.1300289754320293
CUST_05968,normal,0.03978299538032298
CUST_05969,suspicious,0.5544771041034241
CUST_05970,normal,0.04382929669518754
CUST_05971,normal,0.05096907305633747
CUST_05972,normal,0.006069084701266008
CUST_05973,normal,0.02561184792769391
CUST_05974,normal,0.03885172269459382
CUST_05975,normal,0.035443664484369065
CUST_05976,suspicious,0.5026998389199075
CUST_05977,normal,0.04405839332402901
CUST_05978,normal,0.1675618700014383
CUST_05979,normal,0.05442567074620104
CUST_05980,normal,0.11360290972122526
CUST_05981,normal,0.03812410465604062
CUST_05982,normal,0.06073480359668311
CUST_05983,suspicious,0.559531219306235
CUST_05984,normal,0.02268191185241668
CUST_05985,normal,0.018185464045401847
CUST_05986,normal,0.0032299470928857502
CUST_05987,normal,0.07023083040789817
CUST_05988,suspicious,0.21083536989634602
CUST_05989,normal,0.08983793918658409
CUST_05990,normal,0.19505317008430362
CUST_05991,normal,0.051588876790262236
CUST_05992,normal,0.07044854732209613
CUST_05993,normal,0.023538848106881005
CUST_05994,normal,0.06829792956747131
CUST_05995,normal,0.06491911345184774
CUST_05996,normal,0.0716903581245302
CUST_05997,normal,0.02128553094045494
CUST_05998,normal,0.05747356132424117
CUST_05999,normal,0.07223351932248798
CUST_06000,normal,0.010284223588677184
CUST_06001,normal,0.07445089499149486
CUST_06002,normal,0.02998791155855948
CUST_06003,occasional_refunder,0.23423545485406239
CUST_06004,normal,0.02098292892820672
CUST_06005,normal,0.03639097219643652
CUST_06006,suspicious,0.22535545824789835
CUST_06007,normal,0.08298133137970587
CUST_06008,normal,0.08607038233455348
CUST_06009,normal,0.020203379252153503
CUST_06010,normal,0.0430123434986956
CUST_06011,normal,0.026700348734559298
CUST_06012,normal,0.028777941340514267
CUST_06013,suspicious,0.3020679618299694
CUST_06014,normal,0.03765374961419431
CUST_06015,normal,0.01214123439291925
CUST_06016,normal,0.05819707065684468
CUST_06017,normal,0.015258493419929606
CUST_06018,normal,0.07584663737034773
CUST_06019,normal,0.01959789206814115
CUST_06020,normal,0.011219505780819443
CUST_06021,normal,0.13272894033430174
CUST_06022,normal,0.057462599303205124
CUST_06023,occasional_refunder,0.20708403986236407
CUST_06024,normal,0.0688850252594845
CUST_06025,normal,0.006455331029088705
CUST_06026,normal,0.012960726839440122
CUST_06027,occasional_refunder,0.09364080092301172
CUST_06028,normal,0.06468806499709724
CUST_06029,normal,0.0541854004160408
CUST_06030,normal,0.05052529742430837
CUST_06031,normal,0.04968555039321257
CUST_06032,normal,0.08748496999280098
CUST_06033,normal,0.04580802302241095
CUST_06034,normal,0.02598260508521157
CUST_06035,normal,0.05906025605864325
CUST_06036,normal,0.03062473094195872
CUST_06037,normal,0.033145961100192634
CUST_06038,occasional_refunder,0.11459862803285857
CUST_06039,normal,0.005067671076340123
CUST_06040,occasional_refunder,0.0740832768619775
CUST_06041,normal,0.013713671656059646
CUST_06042,normal,0.050507239273952315
CUST_06043,normal,0.06924985039506304
CUST_06044,normal,0.07093245071505627
CUST_06045,normal,0.10069064388303191
CUST_06046,normal,0.0707357212966621
CUST_06047,normal,0.0647896644462022
CUST_06048,normal,0.041795927679232694
CUST_06049,normal,0.007722209553875563
CUST_06050,suspicious,0.45807420964730344
CUST_06051,normal,0.0699702282424344
CUST_06052,suspicious,0.3126615356979326
CUST_06053,normal,0.08778269268403464
CUST_06054,normal,0.04280360506559272
CUST_06055,normal,0.05925229734904358
CUST_06056,normal,0.05752760107293989
CUST_06057,normal,0.022595023861119872
CUST_06058,normal,0.020428082350545888
CUST_06059,normal,0.04167852591791104
CUST_06060,normal,0.08591820287038582
CUST_06061,normal,0.06681822138787281
CUST_06062,normal,0.09551667943652718
CUST_06063,normal,0.14313859927696373
CUST_06064,normal,0.005166090004405892
CUST_06065,normal,0.039368546708870585
CUST_06066,normal,0.01634547973405491
CUST_06067,normal,0.03655303058507164
CUST_06068,normal,0.009992216146694557
CUST_06069,normal,0.024635381058509546
CUST_06070,normal,0.05914868091972106
CUST_06071,suspicious,0.2906012604532889
CUST_06072,normal,0.05759921376637277
CUST_06073,normal,0.03537767964086343
CUST_06074,normal,0.03758065332377698
CUST_06075,normal,0.02114740379945292
CUST_06076,normal,0.06506984276138747
CUST_06077,normal,0.019169567489643068
CUST_06078,normal,0.04658309723806984
CUST_06079,normal,0.1546818846807428
CUST_06080,normal,0.10020647790282332
CUST_06081,normal,0.00925687887081241
CUST_06082,suspicious,0.47672067777561933
CUST_06083,normal,0.05297881175167912
CUST_06084,normal,0.0071204708158860265
CUST_06085,normal,0.027057187343593147
CUST_06086,normal,0.1025461152668401
CUST_06087,normal,0.037760001031321065
CUST_06088,normal,0.055900495870219356
CUST_06089,normal,0.1203711637647861
CUST_06090,normal,0.11836924555799458
CUST_06091,normal,0.045776679633807826
CUST_06092,normal,0.02454388479595837
CUST_06093,normal,0.026234759358886486
CUST_06094,normal,0.0576631930416341
CUST_06095,normal,0.1572173544006229
CUST_06096,normal,0.07821447298658138
CUST_06097,normal,0.02070076062803101
CUST_06098,normal,0.03897218111381636
CUST_06099,normal,0.14285337536784934
CUST_06100,occasional_refunder,0.1340025529509618
CUST_06101,normal,0.056003975491308214
CUST_06102,normal,0.05547921543457709
CUST_06103,normal,0.10895716910748579
CUST_06104,occasional_refunder,0.22564179899222056
CUST_06105,normal,0.05733537879154202
CUST_06106,normal,0.02185613875494034
CUST_06107,normal,0.017159188435257985
CUST_06108,normal,0.03700790900110578
CUST_06109,normal,0.009299922297965302
CUST_06110,suspicious,0.32630251959834977
CUST_06111,suspicious,0.37154882504243203
CUST_06112,normal,0.0843827240570153
CUST_06113,occasional_refunder,0.09993239708028905
CUST_06114,normal,0.03250617791687615
CUST_06115,normal,0.029715362045138718
CUST_06116,normal,0.10515113839922158
CUST_06117,normal,0.011897946634262425
CUST_06118,aggressive_abuser,0.8027908138969885
CUST_06119,normal,0.015397424668402762
CUST_06120,normal,0.07220348571293726
CUST_06121,normal,0.045529464771181964
CUST_06122,normal,0.04221565317615111
CUST_06123,normal,0.06235813389531389
CUST_06124,aggressive_abuser,0.5705949936787172
CUST_06125,normal,0.04596600704071686
CUST_06126,normal,0.002709162347759665
CUST_06127,normal,0.08040655544605926
CUST_06128,normal,0.043191822251601154
CUST_06129,normal,0.057336380550202376
CUST_06130,normal,0.037366958120469786
CUST_06131,normal,0.01823217434918656
CUST_06132,normal,0.042071666137123785
CUST_06133,normal,0.01766493440112542
CUST_06134,normal,0.12217227734387624
CUST_06135,normal,0.05886435613562884
CUST_06136,normal,0.062033299737411944
CUST_06137,normal,0.035937617624593875
CUST_06138,suspicious,0.5091355374542955
CUST_06139,normal,0.03129052618394839
CUST_06140,normal,0.08368885434174947
CUST_06141,normal,0.007719000184308965
CUST_06142,normal,0.06118147177660405
CUST_06143,normal,0.029932647407060878
CUST_06144,occasional_refunder,0.1569963612369306
CUST_06145,normal,0.054420418629506855
CUST_06146,normal,0.055519652406383804
CUST_06147,normal,0.048216459155155406
CUST_06148,normal,0.045621610841173506
CUST_06149,normal,0.058388022312207404
CUST_06150,suspicious,0.4399059020070598
CUST_06151,normal,0.04073412778343132
CUST_06152,normal,0.10688567894163431
CUST_06153,normal,0.012372084781835819
CUST_06154,normal,0.05267204430793116
CUST_06155,normal,0.08639287284447363
CUST_06156,normal,0.10377104962485825
CUST_06157,normal,0.025317298863776035
CUST_06158,normal,0.014742801924766033
CUST_06159,normal,0.13818719053769332
CUST_06160,normal,0.13381341444585132
CUST_06161,normal,0.054564735431330204
CUST_06162,normal,0.1043816218992384
CUST_06163,normal,0.037092660195705174
CUST_06164,normal,0.07414410376262305
CUST_06165,normal,0.08665043623310952
CUST_06166,normal,0.06891210419084777
CUST_06167,normal,0.03161353331007664
CUST_06168,aggressive_abuser,0.8414341320052822
CUST_06169,normal,0.029159005194854974
CUST_06170,normal,0.11332309616299055
CUST_06171,normal,0.08530495141930891
CUST_06172,normal,0.07135925801099116
CUST_06173,normal,0.04704144970675214
CUST_06174,normal,0.1399899677705268
CUST_06175,normal,0.04638864030316387
CUST_06176,normal,0.025825900385597674
CUST_06177,normal,0.08823743094469284
CUST_06178,normal,0.02246783172137646
CUST_06179,normal,0.020963160984417816
CUST_06180,normal,0.09733385339180146
CUST_06181,normal,0.013493959026597033
CUST_06182,normal,0.1119432931852362
CUST_06183,normal,0.029823774822227863
CUST_06184,suspicious,0.08416169272083555
CUST_06185,normal,0.03879098417254721
CUST_06186,normal,0.03706120021006401
CUST_06187,normal,0.04574399379174103
CUST_06188,normal,0.0902157240848479
CUST_06189,normal,0.009764155328834186
CUST_06190,normal,0.010623001487689255
CUST_06191,normal,0.05799461588952835
CUST_06192,normal,0.024044654540948767
CUST_06193,normal,0.12738265398185747
CUST_06194,suspicious,0.3246091932877199
CUST_06195,normal,0.04992853299430511
CUST_06196,normal,0.05501983665214063
CUST_06197,normal,0.029353779649505283
CUST_06198,normal,0.05677605053393974
CUST_06199,normal,0.037318854763638006
CUST_06200,normal,0.06840051718873316
CUST_06201,normal,0.05215713694205727
CUST_06202,normal,0.09653666528658912
CUST_06203,occasional_refunder,0.3716486736429998
CUST_06204,normal,0.018230195540594872
CUST_06205,normal,0.03332374269423061
CUST_06206,suspicious,0.24609030377594607
CUST_06207,normal,0.014824253764132433
CUST_06208,normal,0.03656799219812207
CUST_06209,normal,0.015274513286395565
CUST_06210,normal,0.07619689082982352
CUST_06211,normal,0.004871155023466805
CUST_06212,normal,0.029858207587210566
CUST_06213,normal,0.07132091084305042
CUST_06214,normal,0.06637441097723308
CUST_06215,normal,0.0803306155741377
CUST_06216,normal,0.03908214629361801
CUST_06217,normal,0.033083584343375
CUST_06218,normal,0.03170744704299713
CUST_06219,normal,0.08319648913597252
CUST_06220,normal,0.024044492194462225
CUST_06221,normal,0.059203862214123604
CUST_06222,normal,0.06254567186304237
CUST_06223,normal,0.026496895813024605
CUST_06224,normal,0.04053739047154418
CUST_06225,normal,0.08014436895298838
CUST_06226,normal,0.03199565293184448
CUST_06227,normal,0.04577487141370619
CUST_06228,aggressive_abuser,0.35506130116965395
CUST_06229,normal,0.01658723058735303
CUST_06230,normal,0.07221931461121378
CUST_06231,normal,0.0258282590785076
CUST_06232,occasional_refunder,0.17626880575669662
CUST_06233,normal,0.029794777382286124
CUST_06234,normal,0.014662951394202671
CUST_06235,normal,0.0097210036573952
CUST_06236,normal,0.06103575553460022
CUST_06237,normal,0.030722975986853345
CUST_06238,normal,0.03171558375003047
CUST_06239,occasional_refunder,0.11546957086817498
CUST_06240,occasional_refunder,0.018991228635388966
CUST_06241,occasional_refunder,0.15890455450213353
CUST_06242,normal,0.020324229607567423
CUST_06243,normal,0.11765264669148526
CUST_06244,normal,0.06165810789690912
CUST_06245,normal,0.02075965539660139
CUST_06246,normal,0.03205568716210096
CUST_06247,normal,0.08715817013542203
CUST_06248,normal,0.12289131045766616
CUST_06249,normal,0.0590929967001034
CUST_06250,normal,0.04604371533449334
CUST_06251,normal,0.03311564807100932
CUST_06252,normal,0.04819428904320274
CUST_06253,normal,0.03019453592169575
CUST_06254,normal,0.0721867903919617
CUST_06255,normal,0.010621556494374539
CUST_06256,normal,0.072436564199255
CUST_06257,normal,0.03422764134989296
CUST_06258,normal,0.09197178089352748
CUST_06259,normal,0.02780603188269451
CUST_06260,normal,0.09026489880698056
CUST_06261,normal,0.023896888815569863
CUST_06262,normal,0.01544652502530775
CUST_06263,normal,0.06010209474167807
CUST_06264,suspicious,0.7285900557555257
CUST_06265,normal,0.05319206361178444
CUST_06266,normal,0.010966382965245033
CUST_06267,suspicious,0.3768699348085354
CUST_06268,normal,0.07532540424880187
CUST_06269,normal,0.024234839492943847
CUST_06270,normal,0.11084700953610395
CUST_06271,normal,0.16619692336816486
CUST_06272,occasional_refunder,0.14868606674382465
CUST_06273,normal,0.05350570703994748
CUST_06274,normal,0.04633029566173491
CUST_06275,normal,0.04199076824958727
CUST_06276,normal,0.03597408193747336
CUST_06277,normal,0.03673595514924805
CUST_06278,normal,0.002091924188194188
CUST_06279,normal,0.030796055304273116
CUST_06280,normal,0.07469998598367245
CUST_06281,normal,0.02721527984772914
CUST_06282,normal,0.055359288880172754
CUST_06283,normal,0.06082352374441633
CUST_06284,normal,0.018281790917269856
CUST_06285,normal,0.03566866648932765
CUST_06286,normal,0.09744425487283404
CUST_06287,occasional_refunder,0.0921007721902169
CUST_06288,normal,0.031145812260654538
CUST_06289,suspicious,0.5286558867967964
CUST_06290,normal,0.07681994338184035
CUST_06291,normal,0.08375338723447269
CUST_06292,normal,0.13302802910472522
CUST_06293,suspicious,0.48567251864934297
CUST_06294,normal,0.09926708906668567
CUST_06295,occasional_refunder,0.23818252545084992
CUST_06296,occasional_refunder,0.2385216909819189
CUST_06297,normal,0.051019085446583505
CUST_06298,normal,0.005355715595891652
CUST_06299,normal,0.02635016607428403
CUST_06300,normal,0.03451702268644504
CUST_06301,normal,0.014325319307635427
CUST_06302,normal,0.08298415947570303
CUST_06303,normal,0.04372343348812828
CUST_06304,normal,0.04028159599922896
CUST_06305,normal,0.055159589017056664
CUST_06306,normal,0.05012059255336001
CUST_06307,normal,0.02711046839431642
CUST_06308,normal,0.022257303300736296
CUST_06309,normal,0.023719489780194516
CUST_06310,normal,0.07779914251196159
CUST_06311,normal,0.04975777384366104
CUST_06312,normal,0.019949934945875512
CUST_06313,normal,0.0029913795994863353
CUST_06314,normal,0.024087003837785
CUST_06315,normal,0.11262486874137408
CUST_06316,suspicious,0.35265058459064486
CUST_06317,normal,0.05822024058396621
CUST_06318,normal,0.009442420679269455
CUST_06319,normal,0.04056703447412366
CUST_06320,normal,0.04229423145172572
CUST_06321,normal,0.02295184057575086
CUST_06322,normal,0.05272266023020428
CUST_06323,normal,0.08780285987582077
CUST_06324,normal,0.030003632849429855
CUST_06325,normal,0.016983975350133483
CUST_06326,normal,0.014390959226298166
CUST_06327,suspicious,0.262377237531243
CUST_06328,normal,0.10324077741065932
CUST_06329,normal,0.05486022590745514
CUST_06330,normal,0.03677314871365774
CUST_06331,normal,0.030584697095018317
CUST_06332,normal,0.04978134366406012
CUST_06333,normal,0.03927889822130924
CUST_06334,normal,0.029502363310891958
CUST_06335,normal,0.06982945799012603
CUST_06336,normal,0.07637136689788399
CUST_06337,normal,0.053356166522217384
CUST_06338,normal,0.05551075500839923
CUST_06339,normal,0.006250063612146684
CUST_06340,normal,0.06883647702861583
CUST_06341,normal,0.11426825231540688
CUST_06342,normal,0.033848866446839015
CUST_06343,normal,0.005055343916456359
CUST_06344,normal,0.04235563158647354
CUST_06345,normal,0.05639103912668168
CUST_06346,normal,0.09092062350843709
CUST_06347,normal,0.02333768955823583
CUST_06348,suspicious,0.3130848895441437
CUST_06349,normal,0.07399749333350605
CUST_06350,normal,0.03123176015276226
CUST_06351,normal,0.0678411935506812
CUST_06352,normal,0.0335047357184031
CUST_06353,normal,0.023187031126586714
CUST_06354,normal,0.024441317717359374
CUST_06355,occasional_refunder,0.06732984909260195
CUST_06356,suspicious,0.4349653369430273
CUST_06357,normal,0.005652862672042767
CUST_06358,normal,0.02736117918978433
CUST_06359,suspicious,0.4290832584514871
CUST_06360,normal,0.06392336696202155
CUST_06361,normal,0.07983816436139474
CUST_06362,normal,0.02266976617614743
CUST_06363,normal,0.13601223754464667
CUST_06364,normal,0.07851473491710496
CUST_06365,normal,0.07403435879004994
CUST_06366,normal,0.14183811242427782
CUST_06367,normal,0.04610669381205384
CUST_06368,normal,0.05101015987050922
CUST_06369,normal,0.05746689747357481
CUST_06370,normal,0.029639914046537444
CUST_06371,normal,0.19650481623311644
CUST_06372,normal,0.048665345097661655
CUST_06373,suspicious,0.43874814405213386
CUST_06374,occasional_refunder,0.10531301916645608
CUST_06375,normal,0.006414515460755395
CUST_06376,normal,0.0459249911795199
CUST_06377,normal,0.052365882625687095
CUST_06378,normal,0.01484188978246331
CUST_06379,suspicious,0.37674175208867494
CUST_06380,occasional_refunder,0.059290535794515285
CUST_06381,normal,0.043613989690671116
CUST_06382,normal,0.038948648423873994
CUST_06383,normal,0.015164233015703563
CUST_06384,normal,0.013614597561410464
CUST_06385,normal,0.05936718537913801
CUST_06386,normal,0.03196393154878778
CUST_06387,normal,0.1209196665020299
CUST_06388,normal,0.07148970060737952
CUST_06389,normal,0.031107694314007325
CUST_06390,normal,0.14318868565278955
CUST_06391,normal,0.11028328717747747
CUST_06392,normal,0.05129457819473653
CUST_06393,normal,0.016444404726236105
CUST_06394,normal,0.05299350163796176
CUST_06395,aggressive_abuser,0.6911559605054098
CUST_06396,normal,0.031060443391381774
CUST_06397,normal,0.06959785633960938
CUST_06398,normal,0.027646402420135534
CUST_06399,normal,0.0821193963243704
CUST_06400,occasional_refunder,0.22920464401464852
CUST_06401,normal,0.02659509212942268
CUST_06402,occasional_refunder,0.2601398434413752
CUST_06403,normal,0.034715773739478116
CUST_06404,occasional_refunder,0.11307297792248622
CUST_06405,normal,0.05176735713790437
CUST_06406,occasional_refunder,0.32212028352858757
CUST_06407,normal,0.020995565004097244
CUST_06408,normal,0.04104748641054955
CUST_06409,normal,0.04117491039328687
CUST_06410,suspicious,0.44471189679293105
CUST_06411,normal,0.003690248081039199
CUST_06412,normal,0.017662951641603107
CUST_06413,occasional_refunder,0.15996928503459412
CUST_06414,normal,0.004189774486390632
CUST_06415,normal,0.1528688640349331
CUST_06416,normal,0.10217786926642457
CUST_06417,normal,0.03604111567125545
CUST_06418,occasional_refunder,0.09093499049170141
CUST_06419,normal,0.010216094856914416
CUST_06420,normal,0.059217989483076494
CUST_06421,aggressive_abuser,0.6843901775986317
CUST_06422,normal,0.023144538416964903
CUST_06423,normal,0.009064454498004424
CUST_06424,normal,0.04530509898273477
CUST_06425,normal,0.029220863436048048
CUST_06426,normal,0.038813195878033335
CUST_06427,suspicious,0.33701149144289105
CUST_06428,normal,0.05185822303176845
CUST_06429,normal,0.10005049071871464
CUST_06430,normal,0.13010822289532384
CUST_06431,normal,0.14931170782124928
CUST_06432,suspicious,0.38887569099584507
CUST_06433,occasional_refunder,0.04931858738722342
CUST_06434,normal,0.055881250698858465
CUST_06435,normal,0.07339285156810049
CUST_06436,normal,0.04999916335149711
CUST_06437,normal,0.05918496812945989
CUST_06438,normal,0.09763624205581002
CUST_06439,normal,0.09441065958484614
CUST_06440,normal,0.0813945602770865
CUST_06441,normal,0.04727119350914036
CUST_06442,normal,0.09749543974230755
CUST_06443,normal,0.0313894166512116
CUST_06444,normal,0.0833930618458585
CUST_06445,normal,0.058040159912735034
CUST_06446,normal,0.04365247409402556
CUST_06447,suspicious,0.2918154648068121
CUST_06448,normal,0.00922773526091862
CUST_06449,normal,0.02930881923614764
CUST_06450,normal,0.06628319578257284
CUST_06451,normal,0.06776337467390967
CUST_06452,aggressive_abuser,0.6778772781979013
CUST_06453,normal,0.015857074585898162
CUST_06454,normal,0.06287796099337985
CUST_06455,occasional_refunder,0.17194243468484702
CUST_06456,normal,0.015491823325420427
CUST_06457,normal,0.027421797609452563
CUST_06458,normal,0.12921245157564423
CUST_06459,normal,0.029157441533016835
CUST_06460,normal,0.08079513611213013
CUST_06461,normal,0.03030482274354752
CUST_06462,normal,0.07259120904708068
CUST_06463,suspicious,0.5278613738767769
CUST_06464,normal,0.07010851711043264
CUST_06465,normal,0.011653103274671018
CUST_06466,normal,0.07867900043933755
CUST_06467,normal,0.03525763087092646
CUST_06468,normal,0.11966158033311698
CUST_06469,suspicious,0.2528704416193545
CUST_06470,normal,0.025836492919171537
CUST_06471,normal,0.18891091605565782
CUST_06472,normal,0.024558928029257115
CUST_06473,normal,0.012945859028099855
CUST_06474,suspicious,0.4241478766357967
CUST_06475,normal,0.0638111557572537
CUST_06476,occasional_refunder,0.10868618705900086
CUST_06477,normal,0.07170091384703789
CUST_06478,normal,0.05056048710027586
CUST_06479,normal,0.06756212619053334
CUST_06480,normal,0.08675393367629315
CUST_06481,normal,0.08136923080819346
CUST_06482,normal,0.09271851491748397
CUST_06483,normal,0.0823651418552433
CUST_06484,normal,0.011486565185583308
CUST_06485,normal,0.04383212737377895
CUST_06486,normal,0.05633299705610479
CUST_06487,suspicious,0.3365312164510872
CUST_06488,normal,0.047633494878188805
CUST_06489,normal,0.0655148966185534
CUST_06490,normal,0.04680693993296513
CUST_06491,normal,0.04712364418773124
CUST_06492,normal,0.04403726676562439
CUST_06493,normal,0.08056376076581706
CUST_06494,normal,0.18153159915080583
CUST_06495,suspicious,0.4276787865980162
CUST_06496,normal,0.0391567167593844
CUST_06497,normal,0.024320140994391594
CUST_06498,normal,0.0728547269778303
CUST_06499,normal,0.022405861736347534
CUST_06500,normal,0.04097516514007906
CUST_06501,normal,0.05770554876314747
CUST_06502,normal,0.03852793495944021
CUST_06503,normal,0.1567169250600687
CUST_06504,normal,0.09636444769155122
CUST_06505,normal,0.03123371932301366
CUST_06506,normal,0.09310280703771248
CUST_06507,normal,0.03491262659047397
CUST_06508,occasional_refunder,0.07666212297448578
CUST_06509,normal,0.048770833810563796
CUST_06510,normal,0.057820277988669885
CUST_06511,normal,0.03529132190497592
CUST_06512,normal,0.04267872222689763
CUST_06513,normal,0.03965295302213023
CUST_06514,normal,0.06011221456031269
CUST_06515,normal,0.012381663071686925
CUST_06516,normal,0.11632716548958215
CUST_06517,normal,0.029215973697338783
CUST_06518,normal,0.10805094709188762
CUST_06519,suspicious,0.4674526799073626
CUST_06520,normal,0.11178032858681677
CUST_06521,normal,0.032286739860307286
CUST_06522,normal,0.02731960450540782
CUST_06523,normal,0.08677376649334714
CUST_06524,normal,0.08316045743410042
CUST_06525,normal,0.04648332205748259
CUST_06526,aggressive_abuser,0.7394464037514872
CUST_06527,normal,0.023509459805546935
CUST_06528,normal,0.04679066444207292
CUST_06529,normal,0.08767753172647971
CUST_06530,normal,0.03253747658208646
CUST_06531,normal,0.005622762173242025
CUST_06532,occasional_refunder,0.11357976983064913
CUST_06533,occasional_refunder,0.12005441119180253
CUST_06534,normal,0.0349707025503548
CUST_06535,normal,0.04457581692319749
CUST_06536,normal,0.03185930249082261
CUST_06537,normal,0.02887944924460965
CUST_06538,occasional_refunder,0.18994047751077597
CUST_06539,normal,0.021711786017861626
CUST_06540,normal,0.0514515998309528
CUST_06541,normal,0.11796380873459762
CUST_06542,normal,0.09521633551925116
CUST_06543,suspicious,0.26550370163126513
CUST_06544,normal,0.042088023321225396
CUST_06545,normal,0.06537140246020673
CUST_06546,normal,0.04811934336437492
CUST_06547,normal,0.04905162059987407
CUST_06548,normal,0.04165895724559598
CUST_06549,normal,0.048256185942918396
CUST_06550,normal,0.043391508707485246
CUST_06551,normal,0.04609567012557382
CUST_06552,normal,0.049281788922656077
CUST_06553,normal,0.025076860608627793
CUST_06554,normal,0.1000664691697541
CUST_06555,normal,0.006232292260639858
CUST_06556,normal,0.004269076733202842
CUST_06557,normal,0.015079984551798575
CUST_06558,normal,0.09503549640730682
CUST_06559,normal,0.02202780149598067
CUST_06560,suspicious,0.7537803300245779
CUST_06561,normal,0.008104070287159412
CUST_06562,normal,0.009276058397030686
CUST_06563,normal,0.036197287048628624
CUST_06564,normal,0.05103955186904042
CUST_06565,normal,0.03621909762060988
CUST_06566,normal,0.03352850354755087
CUST_06567,normal,0.13409574307296868
CUST_06568,normal,0.0816602349472866
CUST_06569,normal,0.03287092642834052
CUST_06570,normal,0.10431761324834564
CUST_06571,normal,0.0515694325889967
CUST_06572,normal,0.02417588776510647
CUST_06573,normal,0.07126816798973974
CUST_06574,occasional_refunder,0.12163204584631436
CUST_06575,normal,0.05172573136216729
CUST_06576,normal,0.030376745746262347
CUST_06577,occasional_refunder,0.2483407569712268
CUST_06578,normal,0.06390044539590088
CUST_06579,normal,0.05409482754805123
CUST_06580,normal,0.04633747604970431
CUST_06581,occasional_refunder,0.2678379750907286
CUST_06582,suspicious,0.2786362152827286
CUST_06583,normal,0.08117612585662529
CUST_06584,normal,0.012736938011646173
CUST_06585,normal,0.05206944771578992
CUST_06586,normal,0.04724609014947136
CUST_06587,normal,0.09919660859385243
CUST_06588,normal,0.08600814802283634
CUST_06589,normal,0.015880716608595188
CUST_06590,normal,0.03773676755413174
CUST_06591,normal,0.040259227294108337
CUST_06592,normal,0.023726548082653197
CUST_06593,normal,0.04422372509999031
CUST_06594,normal,0.002852955366532924
CUST_06595,normal,0.16765569125331406
CUST_06596,normal,0.06792679890964236
CUST_06597,normal,0.017344213797913666
CUST_06598,normal,0.026448344809351515
CUST_06599,occasional_refunder,0.15189856510728197
CUST_06600,normal,0.023430059190678105
CUST_06601,normal,0.034027589792606575
CUST_06602,normal,0.061390411410854155
CUST_06603,normal,0.0957928807203615
CUST_06604,normal,0.07943982239476292
CUST_06605,normal,0.09578403006513277
CUST_06606,normal,0.01797270010116394
CUST_06607,normal,0.024538953557456028
CUST_06608,normal,0.06148142439784902
CUST_06609,suspicious,0.2783621691548151
CUST_06610,normal,0.045622142190087596
CUST_06611,occasional_refunder,0.03823248550736185
CUST_06612,normal,0.0680071694481035
CUST_06613,normal,0.1621610131817986
CUST_06614,normal,0.09997691123631779
CUST_06615,normal,0.08641302252151656
CUST_06616,normal,0.07505152604720507
CUST_06617,normal,0.06073459158820693
CUST_06618,normal,0.09309985676205615
CUST_06619,normal,0.03408634272148792
CUST_06620,normal,0.08826424908864135
CUST_06621,normal,0.12421432943130928
CUST_06622,normal,0.06635332322035348
CUST_06623,normal,0.02640388777255558
CUST_06624,normal,0.04933139361165246
CUST_06625,normal,0.04478648953725163
CUST_06626,normal,0.08544097666101473
CUST_06627,normal,0.04835869391340178
CUST_06628,normal,0.029470054462962855
CUST_06629,normal,0.11247139700758008
CUST_06630,normal,0.1785370223089811
CUST_06631,normal,0.09699873173019022
CUST_06632,normal,0.007961944394500603
CUST_06633,normal,0.0871097268263573
CUST_06634,normal,0.011361226095456558
CUST_06635,normal,0.08992460316207339
CUST_06636,normal,0.09916824695722423
CUST_06637,occasional_refunder,0.1782287208138719
CUST_06638,normal,0.021782536408067144
CUST_06639,normal,0.1047425579408163
CUST_06640,normal,0.018725328364041432
CUST_06641,normal,0.019229657300665
CUST_06642,normal,0.13651991738095376
CUST_06643,normal,0.0169361491469523
CUST_06644,occasional_refunder,0.3953397678827117
CUST_06645,normal,0.06032749759471087
CUST_06646,normal,0.038553472990944616
CUST_06647,occasional_refunder,0.0606431439856022
CUST_06648,occasional_refunder,0.07468513149127755
CUST_06649,normal,0.10648321383889506
CUST_06650,occasional_refunder,0.4350806910196477
CUST_06651,normal,0.03255260039972159
CUST_06652,occasional_refunder,0.34464348506173376
CUST_06653,normal,0.06728794556545038
CUST_06654,normal,0.045831253710680864
CUST_06655,normal,0.06424810045183017
CUST_06656,normal,0.0683411305407645
CUST_06657,normal,0.026466183079791022
CUST_06658,normal,0.03669962557941112
CUST_06659,normal,0.04217315678588014
CUST_06660,normal,0.030357465595440003
CUST_06661,normal,0.12229293526989406
CUST_06662,normal,0.05843264505375534
CUST_06663,normal,0.010042805641772942
CUST_06664,normal,0.015531401200934327
CUST_06665,occasional_refunder,0.0749599128912577
CUST_06666,normal,0.025786176222042434
CUST_06667,normal,0.09139646818788211
CUST_06668,normal,0.05610186860627604
CUST_06669,normal,0.00980741302023702
CUST_06670,normal,0.022621493092465732
CUST_06671,normal,0.1931163854445159
CUST_06672,normal,0.007894445234087591
CUST_06673,normal,0.06114393222688635
CUST_06674,normal,0.008366131378373174
CUST_06675,normal,0.019755591466778185
CUST_06676,occasional_refunder,0.30289188353897856
CUST_06677,normal,0.03328208827033558
CUST_06678,normal,0.005802661744170188
CUST_06679,normal,0.01684759928103766
CUST_06680,normal,0.012181333581719361
CUST_06681,normal,0.12286523283595288
CUST_06682,normal,0.029648431640319224
CUST_06683,occasional_refunder,0.1632702374896413
CUST_06684,normal,0.040264413465810375
CUST_06685,normal,0.09252432535301029
CUST_06686,normal,0.08389622463560145
CUST_06687,normal,0.11320270694668148
CUST_06688,normal,0.01853466469043101
CUST_06689,normal,0.016764043714496996
CUST_06690,normal,0.02996335940330625
CUST_06691,normal,0.08897697476792481
CUST_06692,normal,0.12501413152151583
CUST_06693,normal,0.061509749130801636
CUST_06694,normal,0.044952546580880735
CUST_06695,normal,0.026644548346103032
CUST_06696,normal,0.06189004711105063
CUST_06697,normal,0.0059182801022004605
CUST_06698,normal,0.09252895896434735
CUST_06699,normal,0.05921897301974128
CUST_06700,normal,0.028477380518748378
CUST_06701,normal,0.05497080899596568
CUST_06702,normal,0.037885197383030866
CUST_06703,normal,0.019335458527494704
CUST_06704,normal,0.10817052451103686
CUST_06705,normal,0.057138499933345493
CUST_06706,normal,0.01060107983526239
CUST_06707,occasional_refunder,0.13073302452908284
CUST_06708,normal,0.04716041748688727
CUST_06709,normal,0.08863591724982244
CUST_06710,occasional_refunder,0.11290168152883266
CUST_06711,normal,0.08559960114109082
CUST_06712,normal,0.14028897070672494
CUST_06713,normal,0.01650174526584518
CUST_06714,normal,0.057678802783448974
CUST_06715,occasional_refunder,0.07766245388467412
CUST_06716,normal,0.06873561312787689
CUST_06717,normal,0.021048318429764568
CUST_06718,normal,0.08545709952603138
CUST_06719,normal,0.035453621231428895
CUST_06720,normal,0.018975548704450885
CUST_06721,normal,0.05004732737870848
CUST_06722,normal,0.029569456534133832
CUST_06723,normal,0.0077070872901723085
CUST_06724,normal,0.01639644691622328
CUST_06725,normal,0.021913002003560087
CUST_06726,normal,0.10121496090351566
CUST_06727,normal,0.060660025242681034
CUST_06728,normal,0.1165807188934334
CUST_06729,suspicious,0.28221135756042337
CUST_06730,normal,0.03285443933599426
CUST_06731,normal,0.11996540770130468
CUST_06732,normal,0.021072323191192854
CUST_06733,suspicious,0.37415553716232913
CUST_06734,normal,0.08974878185318468
CUST_06735,normal,0.08910901890331177
CUST_06736,normal,0.025274803325113553
CUST_06737,suspicious,0.46144159538778773
CUST_06738,normal,0.020446928857071313
CUST_06739,normal,0.11778374713072123
CUST_06740,suspicious,0.2823145522081398
CUST_06741,normal,0.04946818108560565
CUST_06742,normal,0.02345654475724765
CUST_06743,normal,0.09665609668424079
CUST_06744,occasional_refunder,0.2311266278619211
CUST_06745,normal,0.07039832537941572
CUST_06746,aggressive_abuser,0.5671648602799328
CUST_06747,normal,0.07269422421677431
CUST_06748,normal,0.015195942051938064
CUST_06749,aggressive_abuser,0.3264501886878964
CUST_06750,normal,0.0695361089633394
CUST_06751,normal,0.05638833425794084
CUST_06752,normal,0.1105151488964769
CUST_06753,normal,0.006512066057742887
CUST_06754,normal,0.012914623844152802
CUST_06755,normal,0.034839644965559614
CUST_06756,normal,0.019108535546258913
CUST_06757,normal,0.058175413869897274
CUST_06758,normal,0.05441654410964595
CUST_06759,aggressive_abuser,0.6699783456855637
CUST_06760,normal,0.12569203061797785
CUST_06761,normal,0.07979799837960687
CUST_06762,normal,0.043887738748246426
CUST_06763,normal,0.05613766582968975
CUST_06764,normal,0.07428249667509197
CUST_06765,normal,0.0009825542115554672
CUST_06766,occasional_refunder,0.21171176133602085
CUST_06767,suspicious,0.45839145048760055
CUST_06768,normal,0.10224712757170731
CUST_06769,occasional_refunder,0.25401665180812744
CUST_06770,normal,0.031059002858342063
CUST_06771,normal,0.020165580979565487
CUST_06772,occasional_refunder,0.05405288315448414
CUST_06773,normal,0.02686984656663397
CUST_06774,normal,0.06633946224975004
CUST_06775,normal,0.03821316497812494
CUST_06776,normal,0.0408936771670117
CUST_06777,normal,0.012855841322589072
CUST_06778,normal,0.008545722774609372
CUST_06779,aggressive_abuser,0.781461830519321
CUST_06780,normal,0.03199887213933374
CUST_06781,normal,0.034687794308731625
CUST_06782,normal,0.004072179010127472
CUST_06783,normal,0.04317723639876488
CUST_06784,normal,0.04705273079462582
CUST_06785,normal,0.028397459098225337
CUST_06786,occasional_refunder,0.13519515963943438
CUST_06787,suspicious,0.45044114967709326
CUST_06788,normal,0.033121307426019854
CUST_06789,normal,0.017407921457448426
CUST_06790,normal,0.05825043773981972
CUST_06791,normal,0.05872610599708674
CUST_06792,normal,0.06521959539539798
CUST_06793,normal,0.10149478478096083
CUST_06794,normal,0.046681445719500815
CUST_06795,normal,0.21149934150402006
CUST_06796,normal,0.03585580662882354
CUST_06797,suspicious,0.3902165545253332
CUST_06798,normal,0.024751586685542424
CUST_06799,normal,0.02272453080359586
CUST_06800,normal,0.0730351994024081
CUST_06801,normal,0.05212340775749067
CUST_06802,normal,0.04323046998314248
CUST_06803,normal,0.14163703726375984
CUST_06804,normal,0.08739318525946856
CUST_06805,normal,0.07628065003266779
CUST_06806,normal,0.03229892442077233
CUST_06807,normal,0.012051162375168362
CUST_06808,normal,0.0533228813956275
CUST_06809,normal,0.010763455133208259
CUST_06810,normal,0.0354717025690251
CUST_06811,normal,0.018189694186579435
CUST_06812,normal,0.067586866483119
CUST_06813,normal,0.01950301768294845
CUST_06814,normal,0.051267040590883724
CUST_06815,normal,0.0574600581329702
CUST_06816,normal,0.005080162949861744
CUST_06817,normal,0.012869860984856846
CUST_06818,suspicious,0.480086743153846
CUST_06819,occasional_refunder,0.17636898016837466
CUST_06820,normal,0.07503523801924902
CUST_06821,normal,0.048857203275344104
CUST_06822,normal,0.19059074558283268
CUST_06823,suspicious,0.26500956940237175
CUST_06824,suspicious,0.7065160589430683
CUST_06825,normal,0.013449748355773684
CUST_06826,normal,0.0814755598719776
CUST_06827,normal,0.060185180858974785
CUST_06828,normal,0.049124674673170415
CUST_06829,normal,0.05867281459085322
CUST_06830,normal,0.017613524907567474
CUST_06831,suspicious,0.4236732259950628
CUST_06832,normal,0.021982893979973377
CUST_06833,normal,0.022072112669791127
CUST_06834,occasional_refunder,0.14596650565645972
CUST_06835,occasional_refunder,0.16903975764860438
CUST_06836,normal,0.028349408663311433
CUST_06837,normal,0.006537197935839847
CUST_06838,normal,0.04848664783868783
CUST_06839,normal,0.1137121252398956
CUST_06840,suspicious,0.5349810024592655
CUST_06841,occasional_refunder,0.18854478596637045
CUST_06842,normal,0.09096747114508537
CUST_06843,normal,0.08762373996067992
CUST_06844,normal,0.04878446557145347
CUST_06845,occasional_refunder,0.27115890128725595
CUST_06846,normal,0.025215760624399484
CUST_06847,normal,0.054388206572742064
CUST_06848,normal,0.21521694405409098
CUST_06849,normal,0.06153265527858915
CUST_06850,normal,0.04359884394585405
CUST_06851,normal,0.03576163747282343
CUST_06852,suspicious,0.5674901963092833
CUST_06853,occasional_refunder,0.11370257187912623
CUST_06854,normal,0.07165442374383094
CUST_06855,normal,0.008484381135914614
CUST_06856,normal,0.022864203625193355
CUST_06857,normal,0.20730256656417337
CUST_06858,normal,0.07785776176167417
CUST_06859,occasional_refunder,0.12820833262384282
CUST_06860,normal,0.02006922010375927
CUST_06861,normal,0.0678072288405536
CUST_06862,occasional_refunder,0.2554955763582424
CUST_06863,suspicious,0.1448435196050001
CUST_06864,normal,0.0281034422676402
CUST_06865,normal,0.024952271704128323
CUST_06866,normal,0.07056417525132111
CUST_06867,normal,0.018520093815720638
CUST_06868,normal,0.03410072023450533
CUST_06869,normal,0.021164437981470954
CUST_06870,suspicious,0.38532100536792496
CUST_06871,normal,0.006289285528163477
CUST_06872,normal,0.06286462464645244
CUST_06873,normal,0.04383293569143518
CUST_06874,normal,0.016991573983520965
CUST_06875,occasional_refunder,0.09597900477507847
CUST_06876,normal,0.03691730956047764
CUST_06877,normal,0.0322018839784066
CUST_06878,normal,0.05442382349174809
CUST_06879,normal,0.05114827762845518
CUST_06880,normal,0.006758152403680501
CUST_06881,normal,0.010873663708709085
CUST_06882,normal,0.015734765332492812
CUST_06883,normal,0.027821980489922172
CUST_06884,normal,0.048225374558109824
CUST_06885,suspicious,0.5521926536326898
CUST_06886,suspicious,0.4045871295196861
CUST_06887,normal,0.04334142271843065
CUST_06888,normal,0.1210760146732969
CUST_06889,normal,0.05904085617834514
CUST_06890,normal,0.0790196850096307
CUST_06891,normal,0.02758864364685548
CUST_06892,occasional_refunder,0.23159052922925374
CUST_06893,suspicious,0.22814979488001896
CUST_06894,normal,0.03893656862289595
CUST_06895,normal,0.005833166830423245
CUST_06896,occasional_refunder,0.13362808745685661
CUST_06897,normal,0.07612980573306379
CUST_06898,normal,0.014973460141343249
CUST_06899,normal,0.08556754660994945
CUST_06900,normal,0.06189602844997045
CUST_06901,normal,0.013110320563063547
CUST_06902,normal,0.026658370850136316
CUST_06903,normal,0.12353014028615089
CUST_06904,normal,0.020204877578974337
CUST_06905,normal,0.03606011891399518
CUST_06906,normal,0.020036425304835046
CUST_06907,normal,0.006975854183169924
CUST_06908,normal,0.026860098810252368
CUST_06909,normal,0.05635890066757411
CUST_06910,normal,0.03885980904872539
CUST_06911,normal,0.05189306475174906
CUST_06912,suspicious,0.4190274853646082
CUST_06913,normal,0.09509883666332379
CUST_06914,normal,0.11330041097091739
CUST_06915,normal,0.006017448593162476
CUST_06916,normal,0.03489824131083102
CUST_06917,normal,0.061155188422307875
CUST_06918,occasional_refunder,0.15628730711720887
CUST_06919,normal,0.009845972833417985
CUST_06920,normal,0.021753018604992045
CUST_06921,suspicious,0.5082570997880157
CUST_06922,normal,0.006775442444159733
CUST_06923,normal,0.0054539438465377316
CUST_06924,normal,0.07213799476366588
CUST_06925,normal,0.007481486406792333
CUST_06926,normal,0.10803679128657401
CUST_06927,normal,0.03248757957581536
CUST_06928,normal,0.03931962374756451
CUST_06929,normal,0.015210631726421198
CUST_06930,normal,0.04611142122678381
CUST_06931,normal,0.040648318616502435
CUST_06932,normal,0.04999825400921706
CUST_06933,normal,0.10275453110091312
CUST_06934,normal,0.09750536461718695
CUST_06935,suspicious,0.28943196670376664
CUST_06936,normal,0.024274993204660297
CUST_06937,normal,0.1536688817405642
CUST_06938,normal,0.009919005390288407
CUST_06939,normal,0.031913157346880536
CUST_06940,normal,0.01307326783502677
CUST_06941,normal,0.043836806410056564
CUST_06942,occasional_refunder,0.1686596129875054
CUST_06943,normal,0.036364035484143666
CUST_06944,normal,0.14204818826703022
CUST_06945,normal,0.05047953826056424
CUST_06946,normal,0.06450859289959919
CUST_06947,normal,0.053417603959763374
CUST_06948,normal,0.009189727039619264
CUST_06949,occasional_refunder,0.2048078142630942
CUST_06950,normal,0.09306332195920672
CUST_06951,normal,0.025275115418884206
CUST_06952,normal,0.03947971708590074
CUST_06953,normal,0.0430019674679294
CUST_06954,normal,0.02099947061820376
CUST_06955,normal,0.049132948228268955
CUST_06956,normal,0.09598436687021553
CUST_06957,normal,0.08062076138901199
CUST_06958,normal,0.13345746801267394
CUST_06959,normal,0.05660780451482688
CUST_06960,suspicious,0.5327295038847083
CUST_06961,normal,0.03815968323343388
CUST_06962,normal,0.04983314979679974
CUST_06963,suspicious,0.5343685126744793
CUST_06964,normal,0.043732020626657334
CUST_06965,normal,0.0905892534333998
CUST_06966,normal,0.0092099033773219
CUST_06967,normal,0.09798238888281818
CUST_06968,normal,0.057584654630320385
CUST_06969,normal,0.07970579455564507
CUST_06970,normal,0.05691227657443884
CUST_06971,normal,0.052750199856123406
CUST_06972,normal,0.05522097074949124
CUST_06973,normal,0.08393081345751237
CUST_06974,normal,0.02418475524652519
CUST_06975,normal,0.01907330493886705
CUST_06976,normal,0.08731411650685787
CUST_06977,normal,0.03152433611558684
CUST_06978,normal,0.013090654900912414
CUST_06979,normal,0.016224714903590173
CUST_06980,normal,0.06530321584142738
CUST_06981,normal,0.034056869077363904
CUST_06982,normal,0.010865710581121693
CUST_06983,suspicious,0.4449923955496255
CUST_06984,normal,0.023328930609686348
CUST_06985,normal,0.003233859944909392
CUST_06986,normal,0.019847888073294854
CUST_06987,normal,0.01613655967341635
CUST_06988,normal,0.0323668705988199
CUST_06989,normal,0.03070510615042246
CUST_06990,normal,0.030030197790122337
CUST_06991,suspicious,0.4995631262387772
CUST_06992,normal,0.05862189026213053
CUST_06993,normal,0.0495691558178709
CUST_06994,normal,0.10104492267003284
CUST_06995,occasional_refunder,0.18010920059458643
CUST_06996,normal,0.045306391118380106
CUST_06997,normal,0.07134146613469884
CUST_06998,occasional_refunder,0.1200639036752902
CUST_06999,normal,0.05362022492980786
CUST_07000,normal,0.012264164669002731
CUST_07001,normal,0.024351069203166136
CUST_07002,normal,0.0422778024389055
CUST_07003,normal,0.04702016355285901
CUST_07004,normal,0.0911599019329264
CUST_07005,normal,0.04884179636064068
CUST_07006,normal,0.03400970201650666
CUST_07007,normal,0.03954176893271596
CUST_07008,normal,0.04388797195706703
CUST_07009,normal,0.05216268526293872
CUST_07010,normal,0.030791508225178007
CUST_07011,normal,0.048237245348220915
CUST_07012,normal,0.05743492672745332
CUST_07013,normal,0.022070257106255115
CUST_07014,normal,0.036603782281311496
CUST_07015,normal,0.08836811739494808
CUST_07016,occasional_refunder,0.176922177561918
CUST_07017,normal,0.022614294805769465
CUST_07018,normal,0.03699972379969859
CUST_07019,normal,0.020084086038168615
CUST_07020,normal,0.010031449781591963
CUST_07021,normal,0.07125151886680464
CUST_07022,normal,0.017640991859987118
CUST_07023,suspicious,0.5129368582382878
CUST_07024,normal,0.10678736828875533
CUST_07025,normal,0.06290093995365582
CUST_07026,normal,0.01736066458745306
CUST_07027,normal,0.039769222874435045
CUST_07028,aggressive_abuser,0.6060342377113979
CUST_07029,normal,0.016961202814295567
CUST_07030,normal,0.057583708308073106
CUST_07031,normal,0.09111920411308778
CUST_07032,normal,0.049793040078510986
CUST_07033,normal,0.052518361177823804
CUST_07034,normal,0.05864327540744449
CUST_07035,normal,0.10485752883453762
CUST_07036,normal,0.18583302229630638
CUST_07037,normal,0.02406276583518732
CUST_07038,normal,0.03541874511241402
CUST_07039,normal,0.029899060748222968
CUST_07040,normal,0.053296928626266726
CUST_07041,normal,0.007347319243557677
CUST_07042,normal,0.04200783226445611
CUST_07043,normal,0.026296092957771664
CUST_07044,normal,0.08862184529862883
CUST_07045,suspicious,0.18163496928578918
CUST_07046,normal,0.0749774360978992
CUST_07047,normal,0.1074538464207751
CUST_07048,normal,0.03694462404657315
CUST_07049,normal,0.029928162703628126
CUST_07050,normal,0.1155513897106952
CUST_07051,occasional_refunder,0.1472511040117086
CUST_07052,normal,0.10275420931579979
CUST_07053,occasional_refunder,0.11820525746397392
CUST_07054,normal,0.029150637070103232
CUST_07055,normal,0.010704351957493932
CUST_07056,normal,0.02075289503100459
CUST_07057,normal,0.05569849822611219
CUST_07058,normal,0.016500654024978197
CUST_07059,occasional_refunder,0.3536035496814174
CUST_07060,occasional_refunder,0.012946424411992289
CUST_07061,suspicious,0.24828630288098458
CUST_07062,normal,0.06381866943995676
CUST_07063,normal,0.08871591214043939
CUST_07064,normal,0.037989585333475226
CUST_07065,normal,0.038401225221773784
CUST_07066,normal,0.0476473329807513
CUST_07067,normal,0.011152287842733474
CUST_07068,normal,0.04853594068308114
CUST_07069,normal,0.0737802396463449
CUST_07070,normal,0.12284321872218362
CUST_07071,normal,0.044631814416910165
CUST_07072,normal,0.09207287813180359
CUST_07073,normal,0.03755073430777738
CUST_07074,normal,0.033569569444606956
CUST_07075,normal,0.033663557502684814
CUST_07076,normal,0.07805662532307296
CUST_07077,normal,0.03850483535441991
CUST_07078,normal,0.020481496729895014
CUST_07079,normal,0.02406830165152757
CUST_07080,normal,0.005542992247244311
CUST_07081,normal,0.04402042133187287
CUST_07082,normal,0.07627435615918332
CUST_07083,normal,0.008470156977581257
CUST_07084,normal,0.041317602980049384
CUST_07085,normal,0.12481349199559778
CUST_07086,normal,0.042158781594651196
CUST_07087,normal,0.007281011854393561
CUST_07088,normal,0.05878563250145056
CUST_07089,normal,0.0319118388832236
CUST_07090,normal,0.02643983653764947
CUST_07091,normal,0.0436039034436045
CUST_07092,occasional_refunder,0.08811707549638975
CUST_07093,normal,0.0798054920648033
CUST_07094,normal,0.05548500521708861
CUST_07095,normal,0.08046201423457415
CUST_07096,normal,0.06612186441718398
CUST_07097,normal,0.008528124223869064
CUST_07098,normal,0.027296371454822544
CUST_07099,normal,0.028321992239607758
CUST_07100,occasional_refunder,0.11114666073791127
CUST_07101,normal,0.05383818158151253
CUST_07102,normal,0.02383218481795732
CUST_07103,suspicious,0.28170544166168465
CUST_07104,normal,0.05658902882771675
CUST_07105,normal,0.0295617816703762
CUST_07106,normal,0.10188713628349452
CUST_07107,normal,0.10203762539007333
CUST_07108,normal,0.05231463131442548
CUST_07109,occasional_refunder,0.19237699491748309
CUST_07110,normal,0.08060827174310789
CUST_07111,normal,0.0367395304891493
CUST_07112,occasional_refunder,0.15235598646758408
CUST_07113,normal,0.023204468040364884
CUST_07114,normal,0.013124472009811759
CUST_07115,normal,0.11933678131782167
CUST_07116,occasional_refunder,0.348946550648191
CUST_07117,normal,0.03480458810482196
CUST_07118,normal,0.02696990884722248
CUST_07119,normal,0.027047618574835015
CUST_07120,normal,0.029491963670624663
CUST_07121,occasional_refunder,0.31138582736183235
CUST_07122,normal,0.12942613281806023
CUST_07123,normal,0.03359533032306501
CUST_07124,occasional_refunder,0.3032868000034533
CUST_07125,normal,0.035699977549875625
CUST_07126,normal,0.0422063700254079
CUST_07127,normal,0.027872043088885894
CUST_07128,normal,0.05202740573054591
CUST_07129,normal,0.0856185789600927
CUST_07130,suspicious,0.4947701333457497
CUST_07131,normal,0.041531304186834976
CUST_07132,normal,0.08406843866186897
CUST_07133,normal,0.009739961331898332
CUST_07134,normal,0.05813434024265827
CUST_07135,normal,0.07652272861142978
CUST_07136,normal,0.04009806221994934
CUST_07137,occasional_refunder,0.030999556360498563
CUST_07138,normal,0.0664101686681111
CUST_07139,normal,0.005728442728831888
CUST_07140,normal,0.02465115209879796
CUST_07141,suspicious,0.45293172584342234
CUST_07142,normal,0.03358773656028075
CUST_07143,normal,0.009580908335511522
CUST_07144,normal,0.15413437857599357
CUST_07145,suspicious,0.40224477430135175
CUST_07146,normal,0.13707519801336127
CUST_07147,normal,0.016971556230846035
CUST_07148,normal,0.07552964316047434
CUST_07149,normal,0.06512576101854721
CUST_07150,normal,0.04779522621442079
CUST_07151,normal,0.06986993385071857
CUST_07152,normal,0.09036239516794958
CUST_07153,suspicious,0.376374368661337
CUST_07154,occasional_refunder,0.31906698097325564
CUST_07155,normal,0.024356344230501835
CUST_07156,normal,0.03971998239203417
CUST_07157,normal,0.0052770868120084235
CUST_07158,normal,0.0958206586159053
CUST_07159,normal,0.13540576837032772
CUST_07160,normal,0.019480966395389012
CUST_07161,normal,0.015437319991204962
CUST_07162,normal,0.050014191748315624
CUST_07163,normal,0.02109660893110207
CUST_07164,normal,0.08835223449032675
CUST_07165,normal,0.03378276374269977
CUST_07166,normal,0.05234839362868518
CUST_07167,occasional_refunder,0.06541122769961308
CUST_07168,normal,0.09541252895725104
CUST_07169,normal,0.10122392658554051
CUST_07170,normal,0.12004023685786662
CUST_07171,normal,0.09166453484556396
CUST_07172,occasional_refunder,0.3126528190102281
CUST_07173,normal,0.0316224221759442
CUST_07174,normal,0.09730886105954226
CUST_07175,normal,0.05557161983451902
CUST_07176,normal,0.019403238591867177
CUST_07177,aggressive_abuser,0.7497368005487606
CUST_07178,normal,0.0169673954751148
CUST_07179,normal,0.06809380161458353
CUST_07180,normal,0.1011708042076374
CUST_07181,normal,0.02048513391387689
CUST_07182,normal,0.020418269328940097
CUST_07183,normal,0.04647858732165494
CUST_07184,normal,0.015160193541731056
CUST_07185,normal,0.02619232008768866
CUST_07186,occasional_refunder,0.06408049351504705
CUST_07187,normal,0.004576790291117567
CUST_07188,normal,0.03346572936417831
CUST_07189,normal,0.03998930417086667
CUST_07190,normal,0.05696827387804606
CUST_07191,normal,0.06252922279094296
CUST_07192,normal,0.03163179082753437
CUST_07193,normal,0.04405651462170325
CUST_07194,normal,0.060486237290308956
CUST_07195,normal,0.02424395611742135
CUST_07196,normal,0.04285421923554788
CUST_07197,normal,0.0552175125389636
CUST_07198,normal,0.01956614247277297
CUST_07199,suspicious,0.4183105321735387
CUST_07200,suspicious,0.24589993048358966
CUST_07201,normal,0.09285829534902279
CUST_07202,normal,0.019766635308393784
CUST_07203,normal,0.03439813930828668
CUST_07204,normal,0.026113021737690284
CUST_07205,suspicious,0.40769391440950814
CUST_07206,normal,0.04419188388813953
CUST_07207,normal,0.012947208382398451
CUST_07208,normal,0.11143462106367082
CUST_07209,normal,0.08007521812981076
CUST_07210,normal,0.045011309567542665
CUST_07211,normal,0.0175684831663497
CUST_07212,normal,0.0435343667302264
CUST_07213,normal,0.06960199740455374
CUST_07214,normal,0.038241895328472865
CUST_07215,normal,0.010801406073032285
CUST_07216,normal,0.09723951999136995
CUST_07217,normal,0.07659068668707443
CUST_07218,normal,0.02705961611633848
CUST_07219,suspicious,0.5244221276749472
CUST_07220,occasional_refunder,0.07067502509118417
CUST_07221,suspicious,0.3620323590250875
CUST_07222,normal,0.055899845106208886
CUST_07223,normal,0.012619675293150627
CUST_07224,normal,0.04183635126642273
CUST_07225,occasional_refunder,0.2543101559252164
CUST_07226,suspicious,0.4428964923758793
CUST_07227,occasional_refunder,0.1019701717832067
CUST_07228,normal,0.06151525889664523
CUST_07229,suspicious,0.22864190397643813
CUST_07230,normal,0.06529619242637887
CUST_07231,normal,0.07206336695619807
CUST_07232,normal,0.05235600468607772
CUST_07233,normal,0.05597315902226363
CUST_07234,normal,0.03871183815781715
CUST_07235,normal,0.030579868779748574
CUST_07236,normal,0.013461897607007379
CUST_07237,normal,0.031319816286079785
CUST_07238,occasional_refunder,0.14296614165014665
CUST_07239,normal,0.06569297007246624
CUST_07240,normal,0.023905908002191584
CUST_07241,normal,0.09301625044729253
CUST_07242,occasional_refunder,0.16261628189325228
CUST_07243,normal,0.06102842810947532
CUST_07244,normal,0.11974332616641732
CUST_07245,normal,0.09904472556474335
CUST_07246,normal,0.052079775326871046
CUST_07247,normal,0.004900450869560234
CUST_07248,occasional_refunder,0.10947673386519002
CUST_07249,normal,0.020485972013707988
CUST_07250,normal,0.04606268477298723
CUST_07251,normal,0.05578520287494525
CUST_07252,occasional_refunder,0.06996664679884691
CUST_07253,normal,0.033123217394582315
CUST_07254,occasional_refunder,0.09885368340398723
CUST_07255,normal,0.03866334010305542
CUST_07256,normal,0.03251016855216647
CUST_07257,normal,0.024060368952764425
CUST_07258,normal,0.06673318365008585
CUST_07259,normal,0.13916799204353802
CUST_07260,normal,0.06675963285051394
CUST_07261,normal,0.04805115669735739
CUST_07262,normal,0.04149895326820282
CUST_07263,normal,0.006406588874146042
CUST_07264,normal,0.05515594442320434
CUST_07265,normal,0.03192683815830884
CUST_07266,normal,0.04152598816666941
CUST_07267,normal,0.08062507520090582
CUST_07268,normal,0.1050786699536646
CUST_07269,normal,0.044587295129828265
CUST_07270,normal,0.04411013819712099
CUST_07271,normal,0.013373636539172564
CUST_07272,suspicious,0.28668604087786803
CUST_07273,normal,0.016422429172762945
CUST_07274,normal,0.07154863620695326
CUST_07275,normal,0.09021098925518499
CUST_07276,occasional_refunder,0.3518228941753511
CUST_07277,normal,0.07796978765842393
CUST_07278,normal,0.0137928597465601
CUST_07279,normal,0.03237746481673452
CUST_07280,normal,0.07357838245743088
CUST_07281,normal,0.0886095725166919
CUST_07282,normal,0.07765395518681131
CUST_07283,normal,0.042187801508842736
CUST_07284,normal,0.007305715972030656
CUST_07285,normal,0.058368994376231144
CUST_07286,normal,0.050426634445791305
CUST_07287,normal,0.04135822635898472
CUST_07288,normal,0.02229820159450226
CUST_07289,suspicious,0.3370361875764746
CUST_07290,normal,0.007524271639970081
CUST_07291,normal,0.04204787973690055
CUST_07292,normal,0.015053470737303357
CUST_07293,normal,0.025441483363486415
CUST_07294,normal,0.027147473881799312
CUST_07295,normal,0.017486076848148555
CUST_07296,suspicious,0.29188221460115266
CUST_07297,normal,0.05365933168646497
CUST_07298,normal,0.0572350739825287
CUST_07299,normal,0.04639943821302291
CUST_07300,normal,0.06430118316410535
CUST_07301,normal,0.05452054440239257
CUST_07302,normal,0.06395888537990305
CUST_07303,normal,0.04959287859825408
CUST_07304,occasional_refunder,0.1089323904188426
CUST_07305,normal,0.07236895610738464
CUST_07306,occasional_refunder,0.12873585302062746
CUST_07307,normal,0.09410946306289175
CUST_07308,normal,0.021969493129144604
CUST_07309,normal,0.11297652950335116
CUST_07310,normal,0.036665324134998546
CUST_07311,suspicious,0.24948146076625724
CUST_07312,normal,0.04291433703788536
CUST_07313,normal,0.03745683248858764
CUST_07314,normal,0.10340217470022714
CUST_07315,normal,0.02384865922203866
CUST_07316,aggressive_abuser,0.6675993315724084
CUST_07317,normal,0.0918247302432874
CUST_07318,normal,0.024789422705986698
CUST_07319,normal,0.015464298696186426
CUST_07320,suspicious,0.1646671004801216
CUST_07321,normal,0.032419171243464336
CUST_07322,normal,0.054975403051418015
CUST_07323,normal,0.13348466249993504
CUST_07324,normal,0.037886785007543194
CUST_07325,normal,0.008121608470090372
CUST_07326,normal,0.010629637474611226
CUST_07327,normal,0.042616601592112044
CUST_07328,normal,0.09791676580131284
CUST_07329,normal,0.04553473522884296
CUST_07330,normal,0.023116801692446752
CUST_07331,normal,0.04777276245631596
CUST_07332,occasional_refunder,0.2059066552920013
CUST_07333,suspicious,0.4495940670488847
CUST_07334,normal,0.04083441805787152
CUST_07335,normal,0.008635610289499303
CUST_07336,normal,0.05128618362645305
CUST_07337,normal,0.0588603572661664
CUST_07338,normal,0.04057926940944293
CUST_07339,normal,0.09437550475289463
CUST_07340,normal,0.0460503294466018
CUST_07341,suspicious,0.391026482880361
CUST_07342,normal,0.0725482289390958
CUST_07343,normal,0.03397479494246897
CUST_07344,normal,0.06535607735028193
CUST_07345,normal,0.042573057004897774
CUST_07346,normal,0.03696251633385951
CUST_07347,normal,0.0685527517809781
CUST_07348,normal,0.08023620493655204
CUST_07349,normal,0.04411219748243457
CUST_07350,suspicious,0.2738538855127923
CUST_07351,normal,0.040661244530634154
CUST_07352,normal,0.02327788179752786
CUST_07353,normal,0.013654721816381984
CUST_07354,normal,0.03363829209578703
CUST_07355,normal,0.1259781330689168
CUST_07356,normal,0.08419695600669402
CUST_07357,aggressive_abuser,0.8244664404371743
CUST_07358,suspicious,0.3386373734352176
CUST_07359,normal,0.033169395009867354
CUST_07360,occasional_refunder,0.1984612639559953
CUST_07361,normal,0.026201305772294067
CUST_07362,normal,0.044824216907535776
CUST_07363,normal,0.004930641455965641
CUST_07364,normal,0.07526783051652616
CUST_07365,normal,0.024694378167439003
CUST_07366,normal,0.039458820339329403
CUST_07367,normal,0.05656586774378246
CUST_07368,normal,0.10265047754727116
CUST_07369,normal,0.012950236168972737
CUST_07370,occasional_refunder,0.1351387544878956
CUST_07371,normal,0.0029592790842366988
CUST_07372,normal,0.005409691208697781
CUST_07373,normal,0.048813662601619824
CUST_07374,normal,0.029882319854661138
CUST_07375,normal,0.0693788036416738
CUST_07376,normal,0.03740516796291591
CUST_07377,normal,0.012917903749748143
CUST_07378,normal,0.0673144277003359
CUST_07379,normal,0.022255787467090817
CUST_07380,normal,0.060681095742327607
CUST_07381,normal,0.08087308844736354
CUST_07382,normal,0.026222525399200478
CUST_07383,aggressive_abuser,0.6907009571129116
CUST_07384,normal,0.05760554828987302
CUST_07385,normal,0.029372538240874834
CUST_07386,normal,0.07605579380831001
CUST_07387,normal,0.13006196747408727
CUST_07388,suspicious,0.21937635356371796
CUST_07389,normal,0.019289728480312643
CUST_07390,normal,0.050772239095539726
CUST_07391,normal,0.06765722071847331
CUST_07392,normal,0.059280242248564555
CUST_07393,normal,0.04281516999878981
CUST_07394,normal,0.04849110302632583
CUST_07395,normal,0.05546424408116612
CUST_07396,normal,0.00882523240389864
CUST_07397,normal,0.13185231332766778
CUST_07398,occasional_refunder,0.16945776158731257
CUST_07399,normal,0.025021224277310173
CUST_07400,normal,0.004576261075770179
CUST_07401,normal,0.04703196212968205
CUST_07402,normal,0.07446981548066643
CUST_07403,normal,0.05469215104285802
CUST_07404,normal,0.05257728995277015
CUST_07405,normal,0.020005351318667222
CUST_07406,normal,0.023918501211138754
CUST_07407,normal,0.033592484252276476
CUST_07408,suspicious,0.20271724068907773
CUST_07409,normal,0.04043210423008533
CUST_07410,normal,0.10454171597679837
CUST_07411,normal,0.022215390965937637
CUST_07412,normal,0.020034552545069213
CUST_07413,normal,0.03663881457597934
CUST_07414,normal,0.015836082614757305
CUST_07415,normal,0.05093681271132941
CUST_07416,normal,0.028429694889022344
CUST_07417,normal,0.13661384041870156
CUST_07418,normal,0.1341738458364289
CUST_07419,normal,0.06551852102091514
CUST_07420,normal,0.0646351694635952
CUST_07421,normal,0.08534770471448833
CUST_07422,normal,0.11062946996800775
CUST_07423,normal,0.0075063254197713205
CUST_07424,normal,0.04410466839924376
CUST_07425,normal,0.07268133551522364
CUST_07426,normal,0.021603260588497805
CUST_07427,normal,0.047609539477570566
CUST_07428,normal,0.05655665286539089
CUST_07429,normal,0.14413731501154037
CUST_07430,normal,0.02959186663063349
CUST_07431,normal,0.02363211014460867
CUST_07432,normal,0.051734818592857945
CUST_07433,normal,0.01497922046993379
CUST_07434,normal,0.010943509458883597
CUST_07435,normal,0.020611395898451023
CUST_07436,occasional_refunder,0.23421192509112934
CUST_07437,normal,0.008558322913204373
CUST_07438,normal,0.009161842874881818
CUST_07439,normal,0.05079541876602193
CUST_07440,normal,0.08167104523941036
CUST_07441,normal,0.009618995514075909
CUST_07442,normal,0.004067278602204667
CUST_07443,normal,0.049907226564356554
CUST_07444,normal,0.01686996756957024
CUST_07445,normal,0.020791696599645602
CUST_07446,normal,0.021417387759061247
CUST_07447,normal,0.16482970289195914
CUST_07448,normal,0.009983063021248807
CUST_07449,normal,0.08168523409197667
CUST_07450,normal,0.03445341306264362
CUST_07451,normal,0.040509125036052904
CUST_07452,normal,0.06774754879467366
CUST_07453,normal,0.0373649088593378
CUST_07454,normal,0.04932435799353214
CUST_07455,occasional_refunder,0.15069606984037168
CUST_07456,aggressive_abuser,0.7737121591167018
CUST_07457,normal,0.10556604425267015
CUST_07458,normal,0.04518431217319025
CUST_07459,normal,0.02477680376084406
CUST_07460,normal,0.07969906805908689
CUST_07461,normal,0.02640604577102208
CUST_07462,normal,0.06472347453229986
CUST_07463,occasional_refunder,0.22448531632521418
CUST_07464,normal,0.03624133344620562
CUST_07465,normal,0.07266014554620456
CUST_07466,normal,0.04712707119539804
CUST_07467,normal,0.03707547436064032
CUST_07468,normal,0.0412836181643085
CUST_07469,normal,0.04865066634167905
CUST_07470,normal,0.023504443820121436
CUST_07471,normal,0.032284627179486394
CUST_07472,normal,0.023960062709886022
CUST_07473,occasional_refunder,0.17347333271279222
CUST_07474,normal,0.2118972599069259
CUST_07475,normal,0.0332330438709979
CUST_07476,normal,0.08771351596539972
CUST_07477,normal,0.03249181276496831
CUST_07478,normal,0.03501928223191012
CUST_07479,occasional_refunder,0.13391766856484208
CUST_07480,normal,0.054096038894360154
CUST_07481,normal,0.013166240318599648
CUST_07482,normal,0.041398405108027184
CUST_07483,normal,0.016292100001350524
CUST_07484,normal,0.07398258758947067
CUST_07485,normal,0.012306814171627762
CUST_07486,normal,0.01974912026873886
CUST_07487,normal,0.017234017940479577
CUST_07488,suspicious,0.3287839889281633
CUST_07489,normal,0.019377956328524477
CUST_07490,normal,0.02772705057738663
CUST_07491,normal,0.05364910204774803
CUST_07492,normal,0.01951137264183858
CUST_07493,normal,0.03301591386595836
CUST_07494,normal,0.1342717996113661
CUST_07495,occasional_refunder,0.15419757374174317
CUST_07496,normal,0.05694330703095651
CUST_07497,normal,0.045085860170146916
CUST_07498,normal,0.025567099439760488
CUST_07499,normal,0.025299858717428764
CUST_07500,normal,0.0784439574403857
CUST_07501,normal,0.09701645861346606
CUST_07502,normal,0.01432473129155349
CUST_07503,normal,0.05067802229902029
CUST_07504,normal,0.12133001123719289
CUST_07505,normal,0.13261232424292757
CUST_07506,suspicious,0.5379360918834396
CUST_07507,normal,0.041040409145135376
CUST_07508,normal,0.08816896057441251
CUST_07509,normal,0.11832154509354588
CUST_07510,suspicious,0.13886949510403207
CUST_07511,normal,0.03189834674432591
CUST_07512,aggressive_abuser,0.38086030530568754
CUST_07513,normal,0.07699844759322584
CUST_07514,normal,0.01998634419880332
CUST_07515,normal,0.09681230694310775
CUST_07516,normal,0.02322011125957858
CUST_07517,normal,0.07074699124050204
CUST_07518,normal,0.08796386420307512
CUST_07519,normal,0.08173204183736096
CUST_07520,normal,0.11898539673180851
CUST_07521,normal,0.012893067834289592
CUST_07522,normal,0.09202675953053283
CUST_07523,normal,0.03614691124511007
CUST_07524,normal,0.057569704554603224
CUST_07525,normal,0.05315026681448842
CUST_07526,normal,0.04598454897827272
CUST_07527,normal,0.042262323372181755
CUST_07528,normal,0.031494353874586725
CUST_07529,normal,0.01677079743029727
CUST_07530,normal,0.013679945072726138
CUST_07531,normal,0.048887489332909116
CUST_07532,normal,0.09982091093523196
CUST_07533,normal,0.01938083923356288
CUST_07534,normal,0.008346315654307174
CUST_07535,normal,0.040209266584829165
CUST_07536,normal,0.049331418651996084
CUST_07537,normal,0.015557713005086187
CUST_07538,normal,0.05813125651328164
CUST_07539,normal,0.04645549942164075
CUST_07540,normal,0.018692383938959965
CUST_07541,normal,0.004844043316622414
CUST_07542,normal,0.05860708848040586
CUST_07543,normal,0.06607756327967185
CUST_07544,aggressive_abuser,0.5639118869613177
CUST_07545,normal,0.10028248385697007
CUST_07546,normal,0.08532618723214773
CUST_07547,normal,0.029769986944317494
CUST_07548,normal,0.015552394415681185
CUST_07549,normal,0.08217902253623065
CUST_07550,normal,0.03659741300447197
CUST_07551,suspicious,0.3559467051228276
CUST_07552,normal,0.15041985346405293
CUST_07553,normal,0.07053711099792567
CUST_07554,normal,0.01670026117176414
CUST_07555,normal,0.014091067135602446
CUST_07556,normal,0.06174336185875531
CUST_07557,normal,0.08636978300623174
CUST_07558,normal,0.021990451340246322
CUST_07559,normal,0.06626638635604551
CUST_07560,normal,0.05989866950058048
CUST_07561,normal,0.0894594283293534
CUST_07562,normal,0.12699655162067497
CUST_07563,normal,0.05285746351368819
CUST_07564,normal,0.008608346724258231
CUST_07565,normal,0.023569435214847664
CUST_07566,occasional_refunder,0.14324991793135428
CUST_07567,occasional_refunder,0.09187949144100545
CUST_07568,normal,0.045345173333224235
CUST_07569,normal,0.010078129649621525
CUST_07570,normal,0.026864602001558647
CUST_07571,normal,0.01706106012792437
CUST_07572,normal,0.08301937881559558
CUST_07573,normal,0.033398206149385025
CUST_07574,normal,0.07516429761102628
CUST_07575,normal,0.09119685108320574
CUST_07576,normal,0.05075784450471886
CUST_07577,normal,0.05595722288782944
CUST_07578,normal,0.01802808611909866
CUST_07579,occasional_refunder,0.10831440488066196
CUST_07580,normal,0.0857553091770899
CUST_07581,normal,0.0745326231170972
CUST_07582,normal,0.0234512837911252
CUST_07583,normal,0.02335190143644553
CUST_07584,normal,0.09210683496893123
CUST_07585,normal,0.02421699293076222
CUST_07586,normal,0.07299019777687976
CUST_07587,normal,0.04938480086112397
CUST_07588,normal,0.014886675033485905
CUST_07589,normal,0.03681049024940815
CUST_07590,normal,0.055962382740411785
CUST_07591,normal,0.06653803712156166
CUST_07592,normal,0.016562467921046268
CUST_07593,normal,0.019127993888802302
CUST_07594,occasional_refunder,0.024473260402354233
CUST_07595,normal,0.024222613993376673
CUST_07596,aggressive_abuser,0.5640553855421895
CUST_07597,normal,0.05083747455248551
CUST_07598,normal,0.15641062010701912
CUST_07599,aggressive_abuser,0.5513201798645887
CUST_07600,normal,0.09860268645939682
CUST_07601,normal,0.04770804358864766
CUST_07602,normal,0.01497607093906126
CUST_07603,normal,0.01906488669978834
CUST_07604,occasional_refunder,0.10095746485900463
CUST_07605,normal,0.05369063524263415
CUST_07606,normal,0.042580797273716
CUST_07607,normal,0.05613580994534035
CUST_07608,normal,0.021555722974128222
CUST_07609,normal,0.07661073326272519
CUST_07610,normal,0.08169583444075376
CUST_07611,normal,0.13046138222181805
CUST_07612,normal,0.02679132410575598
CUST_07613,occasional_refunder,0.2341264421364241
CUST_07614,normal,0.04311622042340074
CUST_07615,normal,0.05479384045447643
CUST_07616,normal,0.09841558900560356
CUST_07617,normal,0.04154357069871733
CUST_07618,normal,0.08723243672820451
CUST_07619,suspicious,0.22692374465740556
CUST_07620,normal,0.033821173173814334
CUST_07621,occasional_refunder,0.13986259454675667
CUST_07622,normal,0.02837624899521081
CUST_07623,normal,0.027587583320907758
CUST_07624,normal,0.028750875349793256
CUST_07625,normal,0.04369401513817704
CUST_07626,normal,0.02280735379865643
CUST_07627,occasional_refunder,0.22528035428035562
CUST_07628,normal,0.01818931815375968
CUST_07629,occasional_refunder,0.06984800199055757
CUST_07630,normal,0.059103608833140996
CUST_07631,normal,0.007725505779792607
CUST_07632,normal,0.10192359228375732
CUST_07633,normal,0.01104840760397971
CUST_07634,aggressive_abuser,0.6360833095827239
CUST_07635,normal,0.026086321816513977
CUST_07636,normal,0.05385730420691196
CUST_07637,normal,0.06278944708866831
CUST_07638,normal,0.02369842131320405
CUST_07639,normal,0.05541747239432587
CUST_07640,normal,0.04423530735834488
CUST_07641,normal,0.054023444069438105
CUST_07642,normal,0.027118767067362572
CUST_07643,normal,0.04137840993327638
CUST_07644,normal,0.04521286853108195
CUST_07645,normal,0.033094522930625224
CUST_07646,normal,0.054347481406759886
CUST_07647,normal,0.046535794306236555
CUST_07648,normal,0.011748349286960972
CUST_07649,normal,0.05632976408999955
CUST_07650,normal,0.09632462564826752
CUST_07651,normal,0.10765689576633108
CUST_07652,normal,0.04903978352860879
CUST_07653,normal,0.013397177326875162
CUST_07654,normal,0.079998734915699
CUST_07655,normal,0.040733720745406606
CUST_07656,normal,0.004079138376213518
CUST_07657,normal,0.020776655540598526
CUST_07658,normal,0.07960374099084977
CUST_07659,normal,0.08804168090760037
CUST_07660,normal,0.025261669605563825
CUST_07661,normal,0.04366304132248374
CUST_07662,normal,0.011095150847596382
CUST_07663,normal,0.11479145197281679
CUST_07664,normal,0.030432183437093717
CUST_07665,normal,0.010064084330512422
CUST_07666,normal,0.002716091084747408
CUST_07667,normal,0.014395033491917572
CUST_07668,normal,0.033874494409260665
CUST_07669,occasional_refunder,0.12582813327048123
CUST_07670,normal,0.03827284767945387
CUST_07671,normal,0.025903145331302176
CUST_07672,normal,0.09718852758841984
CUST_07673,occasional_refunder,0.22900614958100524
CUST_07674,normal,0.015269479176866517
CUST_07675,normal,0.03766211076644495
CUST_07676,normal,0.02905540562460339
CUST_07677,normal,0.026640437323366614
CUST_07678,suspicious,0.3870065682087208
CUST_07679,normal,0.03309912385235125
CUST_07680,normal,0.045286346962708994
CUST_07681,suspicious,0.17682327091178107
CUST_07682,normal,0.06472452670767236
CUST_07683,normal,0.06518345098736522
CUST_07684,normal,0.06689093389419541
CUST_07685,normal,0.028721188882222023
CUST_07686,normal,0.08810882626036319
CUST_07687,normal,0.08107713406353415
CUST_07688,normal,0.02279235132845243
CUST_07689,normal,0.09578036006504564
CUST_07690,normal,0.045556985692815584
CUST_07691,normal,0.06429075321218611
CUST_07692,occasional_refunder,0.179102363843113
CUST_07693,normal,0.049654331066432
CUST_07694,normal,0.10060724527672875
CUST_07695,suspicious,0.25886317340934417
CUST_07696,normal,0.01771367407340959
CUST_07697,normal,0.09838109290512852
CUST_07698,normal,0.04526431113776676
CUST_07699,normal,0.00955207346898698
CUST_07700,normal,0.009739528419638566
CUST_07701,aggressive_abuser,0.6327784508406035
CUST_07702,normal,0.06197310536183202
CUST_07703,normal,0.019732293781463957
CUST_07704,normal,0.032729594439198144
CUST_07705,normal,0.035640558075992985
CUST_07706,normal,0.013553284284947198
CUST_07707,normal,0.04178512196235581
CUST_07708,normal,0.016432649613321436
CUST_07709,normal,0.09155436844233626
CUST_07710,normal,0.08286222733845658
CUST_07711,normal,0.04875053410002991
CUST_07712,normal,0.023037546690473962
CUST_07713,normal,0.04250877561409491
CUST_07714,normal,0.02289676785570161
CUST_07715,normal,0.014452766420140253
CUST_07716,suspicious,0.29679798690195697
CUST_07717,normal,0.09324761008744667
CUST_07718,occasional_refunder,0.17513662861329032
CUST_07719,normal,0.021582121691673044
CUST_07720,aggressive_abuser,0.6821557563321013
CUST_07721,normal,0.10793400360074941
CUST_07722,suspicious,0.5091917284904757
CUST_07723,normal,0.03210837785336993
CUST_07724,normal,0.036406543613315946
CUST_07725,occasional_refunder,0.2086460852572261
CUST_07726,normal,0.08865751530791253
CUST_07727,normal,0.044991649611112725
CUST_07728,normal,0.010116251012304357
CUST_07729,suspicious,0.3438927797091304
CUST_07730,normal,0.05376138595258755
CUST_07731,normal,0.022426895793698196
CUST_07732,normal,0.07642901186166236
CUST_07733,normal,0.024648325643864735
CUST_07734,normal,0.04730200871370546
CUST_07735,normal,0.04645507461574109
CUST_07736,normal,0.03798588068734986
CUST_07737,occasional_refunder,0.2716320728742622
CUST_07738,normal,0.08622550905824371
CUST_07739,normal,0.019195380331431654
CUST_07740,normal,0.0292237831515265
CUST_07741,normal,0.031021375952657818
CUST_07742,normal,0.026993414446367294
CUST_07743,normal,0.10350528230211925
CUST_07744,normal,0.045729150741145905
CUST_07745,normal,0.05541826397837853
CUST_07746,normal,0.08150729335033043
CUST_07747,normal,0.021704279693148528
CUST_07748,normal,0.08371219361576834
CUST_07749,normal,0.024034226864793676
CUST_07750,normal,0.11319475686997546
CUST_07751,normal,0.042320704195408315
CUST_07752,normal,0.039456070739583515
CUST_07753,normal,0.06591149045404493
CUST_07754,normal,0.024408990958189013
CUST_07755,normal,0.027333227695741553
CUST_07756,normal,0.0336918277305569
CUST_07757,normal,0.022297244164396764
CUST_07758,occasional_refunder,0.34406855332657055
CUST_07759,occasional_refunder,0.18538925038550216
CUST_07760,normal,0.18730585397098073
CUST_07761,normal,0.03231243445939757
CUST_07762,normal,0.06649578620552986
CUST_07763,normal,0.04811879000364139
CUST_07764,normal,0.025917740426603376
CUST_07765,normal,0.052968201945483996
CUST_07766,normal,0.034635275075110404
CUST_07767,normal,0.17006882947975022
CUST_07768,normal,0.03372272052163049
CUST_07769,normal,0.10360171922666524
CUST_07770,normal,0.06849137936674961
CUST_07771,normal,0.011768250147103296
CUST_07772,normal,0.07693238169346825
CUST_07773,normal,0.06069133567361073
CUST_07774,normal,0.16549304615902324
CUST_07775,normal,0.09767758202255376
CUST_07776,normal,0.050160527406575936
CUST_07777,normal,0.03995554475640741
CUST_07778,normal,0.039955051724691354
CUST_07779,occasional_refunder,0.20155503582680726
CUST_07780,normal,0.019690199700887933
CUST_07781,normal,0.11834708267102444
CUST_07782,normal,0.16275149335916747
CUST_07783,occasional_refunder,0.0728301105051742
CUST_07784,normal,0.02681995323855289
CUST_07785,suspicious,0.1744289079702617
CUST_07786,normal,0.03608562049325573
CUST_07787,normal,0.06647377449281751
CUST_07788,occasional_refunder,0.13558951649830828
CUST_07789,normal,0.05106832284761001
CUST_07790,normal,0.006183185090510792
CUST_07791,normal,0.0343275754187146
CUST_07792,normal,0.013861986557805385
CUST_07793,normal,0.011348079936006167
CUST_07794,normal,0.09239385729364466
CUST_07795,normal,0.058401099531293396
CUST_07796,normal,0.08508643068507701
CUST_07797,suspicious,0.47417383716682615
CUST_07798,normal,0.06029716455252372
CUST_07799,normal,0.029426964160343114
CUST_07800,normal,0.06785390963125996
CUST_07801,normal,0.03214741149712536
CUST_07802,normal,0.08029837868990583
CUST_07803,aggressive_abuser,0.71573176860092
CUST_07804,normal,0.024119579980534007
CUST_07805,normal,0.09282742401349843
CUST_07806,normal,0.0848295239320702
CUST_07807,normal,0.0181726010909908
CUST_07808,normal,0.0194771880557269
CUST_07809,normal,0.01583059668434448
CUST_07810,normal,0.043080739959683007
CUST_07811,normal,0.024344214786976872
CUST_07812,normal,0.019466946645575425
CUST_07813,normal,0.06527607920544347
CUST_07814,normal,0.08516860611660929
CUST_07815,normal,0.023983773444125504
CUST_07816,normal,0.04643628460330228
CUST_07817,normal,0.06281861151571697
CUST_07818,suspicious,0.46936061330295165
CUST_07819,occasional_refunder,0.2855168549101986
CUST_07820,normal,0.010562812178325767
CUST_07821,normal,0.03609557016482631
CUST_07822,normal,0.035850251608296406
CUST_07823,normal,0.0024770831405619264
CUST_07824,normal,0.1492147306222874
CUST_07825,normal,0.02446783017098413
CUST_07826,occasional_refunder,0.13629987770303606
CUST_07827,suspicious,0.24957500966916032
CUST_07828,normal,0.027821630343777184
CUST_07829,normal,0.08980128720560639
CUST_07830,normal,0.018868160599622052
CUST_07831,normal,0.08319488726586237
CUST_07832,normal,0.05876965476384309
CUST_07833,normal,0.016803484802476468
CUST_07834,occasional_refunder,0.30530020734296826
CUST_07835,normal,0.22237420779779718
CUST_07836,normal,0.06238829618672078
CUST_07837,normal,0.1279839417184765
CUST_07838,normal,0.01636066588070734
CUST_07839,normal,0.027917495017403694
CUST_07840,occasional_refunder,0.12594142477050957
CUST_07841,normal,0.006385987486573533
CUST_07842,normal,0.019159685152261737
CUST_07843,normal,0.1274179402730035
CUST_07844,normal,0.07212519861501492
CUST_07845,normal,0.0670889678236
CUST_07846,normal,0.07524017818456308
CUST_07847,normal,0.050837227583519495
CUST_07848,normal,0.012152206175529142
CUST_07849,normal,0.008402506518284227
CUST_07850,normal,0.04291434666386411
CUST_07851,normal,0.018847710490296123
CUST_07852,normal,0.045425090270980725
CUST_07853,normal,0.007221600292416919
CUST_07854,normal,0.04459736735152546
CUST_07855,normal,0.04841377045669213
CUST_07856,normal,0.02635626066077321
CUST_07857,normal,0.01163882168091743
CUST_07858,normal,0.026283104033299667
CUST_07859,normal,0.037891740625070246
CUST_07860,normal,0.04256152451682973
CUST_07861,normal,0.030035332170676037
CUST_07862,normal,0.03401004648286955
CUST_07863,normal,0.06809947667135938
CUST_07864,normal,0.1613667121214406
CUST_07865,normal,0.05708915826946174
CUST_07866,suspicious,0.46271522868834913
CUST_07867,normal,0.042480352417304426
CUST_07868,normal,0.09151534182014547
CUST_07869,normal,0.026775768278771792
CUST_07870,normal,0.0399981272058518
CUST_07871,normal,0.04535706746794409
CUST_07872,normal,0.12210585601576877
CUST_07873,suspicious,0.5872505161531434
CUST_07874,occasional_refunder,0.17565145397206552
CUST_07875,normal,0.026649355022428767
CUST_07876,normal,0.03832417378131957
CUST_07877,normal,0.013075805474166936
CUST_07878,normal,0.08762102010257286
CUST_07879,normal,0.04130571502648054
CUST_07880,normal,0.05175185271535647
CUST_07881,normal,0.08502891060407204
CUST_07882,normal,0.0673213100526101
CUST_07883,normal,0.020337184198312513
CUST_07884,occasional_refunder,0.11531882859394682
CUST_07885,normal,0.008242397026909985
CUST_07886,normal,0.011170192139795178
CUST_07887,normal,0.04153197846522961
CUST_07888,normal,0.03886814768166041
CUST_07889,normal,0.10946609059691802
CUST_07890,normal,0.08658193899422412
CUST_07891,normal,0.0681685598810487
CUST_07892,normal,0.012914739883984163
CUST_07893,normal,0.09725870315564945
CUST_07894,normal,0.04215566260537954
CUST_07895,normal,0.03402473979672337
CUST_07896,normal,0.06999390325702275
CUST_07897,normal,0.027208805597466326
CUST_07898,normal,0.02929936026887661
CUST_07899,normal,0.03351034089567753
CUST_07900,occasional_refunder,0.11173117851004255
CUST_07901,normal,0.02046657565208184
CUST_07902,normal,0.071621155241808
CUST_07903,normal,0.018706429055856746
CUST_07904,normal,0.03383244621764309
CUST_07905,normal,0.06999487387961444
CUST_07906,aggressive_abuser,0.48195405586937207
CUST_07907,normal,0.079818948230287
CUST_07908,normal,0.053337171379701266
CUST_07909,normal,0.03649289107776692
CUST_07910,normal,0.05886310479102934
CUST_07911,occasional_refunder,0.1855346735108286
CUST_07912,normal,0.016480187888412528
CUST_07913,normal,0.046672438604375296
CUST_07914,normal,0.04713195996628151
CUST_07915,normal,0.04450495209270146
CUST_07916,normal,0.031155121097792608
CUST_07917,normal,0.06447071955279608
CUST_07918,normal,0.004483932209695002
CUST_07919,normal,0.030880647545607414
CUST_07920,normal,0.013422808303781394
CUST_07921,normal,0.05592164265668302
CUST_07922,normal,0.018838436177352903
CUST_07923,normal,0.01635543779351012
CUST_07924,normal,0.06836766067921088
CUST_07925,suspicious,0.3378275119170137
CUST_07926,normal,0.03586467274021943
CUST_07927,normal,0.12252531916480189
CUST_07928,occasional_refunder,0.1295283397498393
CUST_07929,normal,0.00896403505149855
CUST_07930,normal,0.010594471656644844
CUST_07931,normal,0.009470056577503931
CUST_07932,normal,0.027610089570846975
CUST_07933,normal,0.032144232576075064
CUST_07934,normal,0.06479599688564222
CUST_07935,normal,0.048088803802400756
CUST_07936,normal,0.10470312702839892
CUST_07937,normal,0.010719976072495084
CUST_07938,normal,0.0299026994193861
CUST_07939,normal,0.005340531101805016
CUST_07940,normal,0.01801898709436877
CUST_07941,normal,0.018814162936328312
CUST_07942,normal,0.06688219967087405
CUST_07943,occasional_refunder,0.16283584181415903
CUST_07944,normal,0.023883070967338126
CUST_07945,normal,0.04619280957845377
CUST_07946,normal,0.04178564546771376
CUST_07947,normal,0.04938950839254669
CUST_07948,normal,0.08447294184811124
CUST_07949,suspicious,0.36635175132533077
CUST_07950,normal,0.05399353705610774
CUST_07951,suspicious,0.23036413548602067
CUST_07952,normal,0.020019351809673874
CUST_07953,normal,0.04788275506833689
CUST_07954,normal,0.05348499269845198
CUST_07955,occasional_refunder,0.24503895113391455
CUST_07956,normal,0.02611821825564624
CUST_07957,normal,0.07046020121574356
CUST_07958,normal,0.06637326979887657
CUST_07959,normal,0.0589100255752472
CUST_07960,normal,0.1371431010746013
CUST_07961,occasional_refunder,0.0690329599401613
CUST_07962,normal,0.028797804553237268
CUST_07963,normal,0.02151337694219831
CUST_07964,normal,0.046041213789304834
CUST_07965,normal,0.028379804309788505
CUST_07966,normal,0.04733663596153731
CUST_07967,normal,0.012922455436378297
CUST_07968,normal,0.19404214376057377
CUST_07969,normal,0.12238753638568184
CUST_07970,occasional_refunder,0.09013330240430974
CUST_07971,aggressive_abuser,0.6309448784110214
CUST_07972,normal,0.04922261585531805
CUST_07973,normal,0.03301572266401164
CUST_07974,occasional_refunder,0.15562146482109118
CUST_07975,normal,0.006870886631013222
CUST_07976,normal,0.00960065781625811
CUST_07977,occasional_refunder,0.1516554724813591
CUST_07978,normal,0.006049114107975163
CUST_07979,normal,0.03453121178290612
CUST_07980,normal,0.017119960311698126
CUST_07981,normal,0.04842332328874473
CUST_07982,normal,0.031836739384075205
CUST_07983,normal,0.11989879989567258
CUST_07984,normal,0.0540953845967532
CUST_07985,normal,0.06330622676957517
CUST_07986,normal,0.014715013525725856
CUST_07987,normal,0.05973563473646073
CUST_07988,normal,0.04562857719718127
CUST_07989,normal,0.02447881595139989
CUST_07990,normal,0.06562703394415832
CUST_07991,normal,0.07946566583682595
CUST_07992,normal,0.05100782737466493
CUST_07993,normal,0.04124349240033105
CUST_07994,normal,0.042702882179430655
CUST_07995,normal,0.06310305454678383
CUST_07996,normal,0.06695540231042481
CUST_07997,normal,0.06832822637150117
CUST_07998,normal,0.04810915931421828
CUST_07999,occasional_refunder,0.19278127606810727
CUST_08000,normal,0.03432680327551988
CUST_08001,normal,0.0669025272938571
CUST_08002,normal,0.029980948870328893
CUST_08003,normal,0.02100725204311984
CUST_08004,occasional_refunder,0.37517735351301107
CUST_08005,normal,0.10142538358978277
CUST_08006,normal,0.09038121711569247
CUST_08007,normal,0.0520873460260126
CUST_08008,normal,0.03988463464522183
CUST_08009,normal,0.10869807392951489
CUST_08010,normal,0.02486608102081838
CUST_08011,normal,0.10722260376808043
CUST_08012,normal,0.01813064815566456
CUST_08013,normal,0.04295050834046415
CUST_08014,normal,0.03610227620940702
CUST_08015,normal,0.11927307245963809
CUST_08016,normal,0.05206823191399554
CUST_08017,normal,0.019496789183162506
CUST_08018,normal,0.011753902344996592
CUST_08019,normal,0.00991829001500177
CUST_08020,occasional_refunder,0.2261695576138345
CUST_08021,normal,0.10952490829256263
CUST_08022,normal,0.06956888733415299
CUST_08023,normal,0.01800204022795232
CUST_08024,normal,0.06199935532382598
CUST_08025,normal,0.04773391788212534
CUST_08026,normal,0.02960894620860542
CUST_08027,normal,0.061268120635128515
CUST_08028,normal,0.014335694400273422
CUST_08029,normal,0.0828139194235107
CUST_08030,normal,0.06907606569152085
CUST_08031,normal,0.05629977315912438
CUST_08032,normal,0.031668884849899485
CUST_08033,normal,0.012405740167058529
CUST_08034,normal,0.06119993457332355
CUST_08035,normal,0.027780605671080146
CUST_08036,normal,0.07665211333412057
CUST_08037,normal,0.013941584626923251
CUST_08038,occasional_refunder,0.3135829048266574
CUST_08039,normal,0.007025323624484543
CUST_08040,suspicious,0.4479306344007393
CUST_08041,suspicious,0.22405064610350323
CUST_08042,normal,0.015025907453319628
CUST_08043,normal,0.04849183973896917
CUST_08044,normal,0.037767819111843084
CUST_08045,normal,0.1623215560975084
CUST_08046,normal,0.03575932846258539
CUST_08047,normal,0.0709552092733474
CUST_08048,normal,0.03613157314387911
CUST_08049,occasional_refunder,0.1746709213780996
CUST_08050,normal,0.04609030922125488
CUST_08051,normal,0.01115090160590594
CUST_08052,normal,0.07047820733755333
CUST_08053,suspicious,0.5664233604610819
CUST_08054,normal,0.05771464650468949
CUST_08055,normal,0.1652763333953704
CUST_08056,normal,0.04862885726931799
CUST_08057,normal,0.03234622751545791
CUST_08058,normal,0.0396477199467455
CUST_08059,normal,0.028914090394377083
CUST_08060,normal,0.05255336412095615
CUST_08061,normal,0.07048474941396315
CUST_08062,normal,0.05945799605126228
CUST_08063,suspicious,0.15653332081415272
CUST_08064,normal,0.10963460527562545
CUST_08065,suspicious,0.2438509123612463
CUST_08066,normal,0.06384364041693454
CUST_08067,normal,0.042449101452649254
CUST_08068,normal,0.00792972694346614
CUST_08069,normal,0.01172264809259014
CUST_08070,normal,0.16118681544613966
CUST_08071,normal,0.040385357187704495
CUST_08072,normal,0.05969201407008072
CUST_08073,normal,0.06333337674858225
CUST_08074,normal,0.03866882904928561
CUST_08075,normal,0.017930276348187883
CUST_08076,normal,0.20889292480083516
CUST_08077,normal,0.05654888075205507
CUST_08078,normal,0.07725719949644225
CUST_08079,normal,0.029124390824632345
CUST_08080,normal,0.06105189696025355
CUST_08081,normal,0.005566051831319996
CUST_08082,normal,0.009359887046473302
CUST_08083,normal,0.04283344522054545
CUST_08084,normal,0.022872066433895367
CUST_08085,normal,0.03225237012925843
CUST_08086,normal,0.03431017011929149
CUST_08087,suspicious,0.30550256672735626
CUST_08088,normal,0.014920538940954173
CUST_08089,normal,0.1402325394553396
CUST_08090,occasional_refunder,0.14280058179891322
CUST_08091,occasional_refunder,0.11238290021976989
CUST_08092,normal,0.022187928321832095
CUST_08093,normal,0.06603487361095228
CUST_08094,suspicious,0.672214518696811
CUST_08095,normal,0.0643593972405332
CUST_08096,occasional_refunder,0.3008540413877352
CUST_08097,normal,0.06801887223139069
CUST_08098,normal,0.033789830257346415
CUST_08099,normal,0.004017484862808872
CUST_08100,normal,0.04133971785525607
CUST_08101,normal,0.044808622104234246
CUST_08102,aggressive_abuser,0.5725511363228819
CUST_08103,normal,0.0523768852855908
CUST_08104,normal,0.021294125496336153
CUST_08105,normal,0.038851859736821266
CUST_08106,normal,0.03296865696470069
CUST_08107,normal,0.0402384501087406
CUST_08108,normal,0.02218283165631983
CUST_08109,normal,0.11638270990621774
CUST_08110,normal,0.04289696803972121
CUST_08111,normal,0.012943672479636336
CUST_08112,normal,0.030233069310451267
CUST_08113,suspicious,0.3191123344813527
CUST_08114,normal,0.06008238319207784
CUST_08115,normal,0.07159915459464739
CUST_08116,normal,0.024472424345663272
CUST_08117,normal,0.12817078200551804
CUST_08118,normal,0.05848757882257602
CUST_08119,normal,0.03886504617338704
CUST_08120,normal,0.040935646038016096
CUST_08121,normal,0.029462366161613202
CUST_08122,normal,0.03244359989037282
CUST_08123,normal,0.021954341546987638
CUST_08124,normal,0.03210166320112992
CUST_08125,normal,0.025546507010767095
CUST_08126,normal,0.03419047613947663
CUST_08127,normal,0.040751815863002284
CUST_08128,suspicious,0.33714157768308434
CUST_08129,occasional_refunder,0.26825914137808005
CUST_08130,normal,0.06204166288738074
CUST_08131,normal,0.04941223032991978
CUST_08132,normal,0.06710930282135255
CUST_08133,suspicious,0.5356012051861572
CUST_08134,normal,0.05370157623623422
CUST_08135,normal,0.08373747146433207
CUST_08136,normal,0.011310972681497111
CUST_08137,normal,0.034599620379366355
CUST_08138,suspicious,0.3687579610428185
CUST_08139,normal,0.07871821252429327
CUST_08140,normal,0.05956524768798039
CUST_08141,normal,0.03371833931633529
CUST_08142,normal,0.01449436509488751
CUST_08143,normal,0.060021177997764415
CUST_08144,normal,0.02240306363294807
CUST_08145,suspicious,0.3551354042954944
CUST_08146,normal,0.020162267582588517
CUST_08147,normal,0.014878360209193574
CUST_08148,occasional_refunder,0.23090250060858517
CUST_08149,normal,0.051958389609008324
CUST_08150,normal,0.03954546222094374
CUST_08151,normal,0.02510793857599618
CUST_08152,normal,0.10353766751922121
CUST_08153,normal,0.05093409745794798
CUST_08154,suspicious,0.25388164718618433
CUST_08155,normal,0.07530205224076099
CUST_08156,normal,0.03452207226694964
CUST_08157,normal,0.18170820262365883
CUST_08158,normal,0.04502154891811711
CUST_08159,normal,0.08289596432735284
CUST_08160,normal,0.11327956323279947
CUST_08161,suspicious,0.35610096585008316
CUST_08162,normal,0.00860718670577422
CUST_08163,normal,0.01789615824080199
CUST_08164,normal,0.044579987398377194
CUST_08165,normal,0.05132072078580699
CUST_08166,normal,0.023273301548798486
CUST_08167,normal,0.07885712022095392
CUST_08168,normal,0.045127630496316386
CUST_08169,normal,0.028765248061151646
CUST_08170,normal,0.15021311907335827
CUST_08171,normal,0.031652800533450536
CUST_08172,normal,0.05287345631305469
CUST_08173,normal,0.021318285513370273
CUST_08174,normal,0.03040823189060856
CUST_08175,normal,0.034600623143891944
CUST_08176,normal,0.05757403059981764
CUST_08177,normal,0.030305013470726005
CUST_08178,normal,0.027773163458592393
CUST_08179,normal,0.07610409246432598
CUST_08180,normal,0.01878663115685565
CUST_08181,normal,0.035331220253016715
CUST_08182,normal,0.07084352000017692
CUST_08183,normal,0.1499519175395845
CUST_08184,aggressive_abuser,0.7332948673105745
CUST_08185,normal,0.04019206179114884
CUST_08186,normal,0.07784698167976635
CUST_08187,normal,0.07060384419453482
CUST_08188,suspicious,0.45228819899547473
CUST_08189,normal,0.0506186585253986
CUST_08190,normal,0.016023849391322023
CUST_08191,occasional_refunder,0.04709180993471327
CUST_08192,normal,0.040499129739825834
CUST_08193,normal,0.003332948016840006
CUST_08194,normal,0.01455212161411827
CUST_08195,normal,0.05252626934934527
CUST_08196,normal,0.026413763809291533
CUST_08197,normal,0.0734331093151857
CUST_08198,normal,0.025011632219699365
CUST_08199,normal,0.014800245157560904
CUST_08200,normal,0.021190670147840467
CUST_08201,normal,0.03903255236490839
CUST_08202,normal,0.06967646364516085
CUST_08203,suspicious,0.44925778694619467
CUST_08204,normal,0.020732516377236616
CUST_08205,normal,0.02390934063572936
CUST_08206,normal,0.013367601619496895
CUST_08207,normal,0.022524273445644536
CUST_08208,normal,0.021705568674655753
CUST_08209,normal,0.0676798223003878
CUST_08210,normal,0.08436666376454365
CUST_08211,normal,0.08039327395291328
CUST_08212,normal,0.04474829925168231
CUST_08213,normal,0.012443578929054143
CUST_08214,normal,0.02011530716889297
CUST_08215,normal,0.0775973204926026
CUST_08216,normal,0.014687489398304358
CUST_08217,normal,0.10032713778582436
CUST_08218,normal,0.021872402463629904
CUST_08219,normal,0.09912065751922948
CUST_08220,normal,0.0731998849474727
CUST_08221,occasional_refunder,0.3501513575372256
CUST_08222,normal,0.007991048663582754
CUST_08223,normal,0.09348879441268329
CUST_08224,occasional_refunder,0.167305126372244
CUST_08225,normal,0.08112663394121197
CUST_08226,normal,0.042334974074513976
CUST_08227,normal,0.012272629440923994
CUST_08228,normal,0.02697324675324019
CUST_08229,normal,0.022303510083346422
CUST_08230,normal,0.023247550293562333
CUST_08231,normal,0.1448951169965648
CUST_08232,normal,0.0628818422697823
CUST_08233,normal,0.016848392353787097
CUST_08234,normal,0.030049173779855727
CUST_08235,normal,0.03919447707727209
CUST_08236,normal,0.0486551734184009
CUST_08237,normal,0.06680034300389508
CUST_08238,normal,0.0786298005159194
CUST_08239,normal,0.02903104726643663
CUST_08240,normal,0.08253738301837743
CUST_08241,normal,0.06719886600877922
CUST_08242,normal,0.10742866879078812
CUST_08243,normal,0.017902980709589573
CUST_08244,normal,0.10354026371993728
CUST_08245,normal,0.03559969674528531
CUST_08246,normal,0.021135521960545512
CUST_08247,normal,0.0762472778207466
CUST_08248,normal,0.06394126210025494
CUST_08249,occasional_refunder,0.22867284040618138
CUST_08250,normal,0.026658453997951012
CUST_08251,occasional_refunder,0.07650646999890791
CUST_08252,suspicious,0.3114047659452156
CUST_08253,normal,0.01561713024228462
CUST_08254,normal,0.02946239544577125
CUST_08255,normal,0.05352401714515769
CUST_08256,occasional_refunder,0.17082756029494642
CUST_08257,normal,0.04722892508165123
CUST_08258,suspicious,0.3563574240243739
CUST_08259,normal,0.027274780965198576
CUST_08260,normal,0.04047220153766182
CUST_08261,normal,0.02960142679793085
CUST_08262,normal,0.05304322107201231
CUST_08263,normal,0.09165319124330437
CUST_08264,normal,0.010253742075949335
CUST_08265,normal,0.11051217797780331
CUST_08266,normal,0.030084668668367034
CUST_08267,normal,0.009364280733679831
CUST_08268,normal,0.043537702388690334
CUST_08269,normal,0.05150040003659384
CUST_08270,normal,0.015850146482854977
CUST_08271,normal,0.0054593816551022955
CUST_08272,normal,0.018089608213565943
CUST_08273,normal,0.018005201173205553
CUST_08274,normal,0.023851803068306737
CUST_08275,normal,0.11969695466229906
CUST_08276,normal,0.09902685555327252
CUST_08277,normal,0.05674849433067671
CUST_08278,normal,0.03736194430951638
CUST_08279,normal,0.04509531365027663
CUST_08280,normal,0.07641639736447636
CUST_08281,normal,0.12286694079859135
CUST_08282,suspicious,0.37487768777596764
CUST_08283,occasional_refunder,0.11667274504774743
CUST_08284,normal,0.05131230017198914
CUST_08285,normal,0.07708386906402695
CUST_08286,normal,0.019282958008355163
CUST_08287,normal,0.0356517437151769
CUST_08288,normal,0.03786124911756395
CUST_08289,normal,0.07642602707115896
CUST_08290,normal,0.06965326186741733
CUST_08291,suspicious,0.5522091157648794
CUST_08292,normal,0.062392092752844915
CUST_08293,normal,0.015127868427541
CUST_08294,normal,0.05026453638454063
CUST_08295,normal,0.11885219604755771
CUST_08296,normal,0.020094148464108792
CUST_08297,normal,0.031935716428564784
CUST_08298,normal,0.12889926669697524
CUST_08299,normal,0.03122618552018571
CUST_08300,normal,0.09437786222900518
CUST_08301,normal,0.0393530560039963
CUST_08302,normal,0.06961736836229208
CUST_08303,normal,0.043580269920925334
CUST_08304,normal,0.05094370197134701
CUST_08305,normal,0.022913008775585806
CUST_08306,normal,0.031334987843672675
CUST_08307,normal,0.030477466807512274
CUST_08308,normal,0.033425663356706416
CUST_08309,normal,0.03852430583115273
CUST_08310,normal,0.035452642741848124
CUST_08311,normal,0.05509861107180647
CUST_08312,normal,0.00671921713155303
CUST_08313,normal,0.08211416420116531
CUST_08314,normal,0.10668128958715611
CUST_08315,normal,0.04960656930362275
CUST_08316,normal,0.06225013425283033
CUST_08317,occasional_refunder,0.27751839516921584
CUST_08318,normal,0.11717129739721466
CUST_08319,occasional_refunder,0.24670915774449795
CUST_08320,normal,0.05980998009224928
CUST_08321,normal,0.03521698583763536
CUST_08322,normal,0.11587427006403546
CUST_08323,normal,0.012812675853591936
CUST_08324,normal,0.040108338891896154
CUST_08325,normal,0.029297124466907496
CUST_08326,normal,0.0434315384326854
CUST_08327,normal,0.033162256422722095
CUST_08328,occasional_refunder,0.35350409619275913
CUST_08329,occasional_refunder,0.22122591138663192
CUST_08330,normal,0.13664408171990539
CUST_08331,normal,0.03157868403575357
CUST_08332,normal,0.027286798688445656
CUST_08333,normal,0.01830547261089255
CUST_08334,normal,0.02899806975371083
CUST_08335,normal,0.05736668378869002
CUST_08336,normal,0.025323677571626166
CUST_08337,suspicious,0.1526498616114358
CUST_08338,normal,0.01487843448560407
CUST_08339,normal,0.08773357618489531
CUST_08340,normal,0.062207345062575074
CUST_08341,normal,0.0376490583439329
CUST_08342,normal,0.046920859365526445
CUST_08343,normal,0.0255317225499693
CUST_08344,normal,0.014229040130547148
CUST_08345,suspicious,0.5435547173286428
CUST_08346,normal,0.047055339902705766
CUST_08347,normal,0.052966600923063926
CUST_08348,normal,0.2163902023654672
CUST_08349,normal,0.0924040564719525
CUST_08350,normal,0.006941482006788154
CUST_08351,normal,0.030534094402214395
CUST_08352,normal,0.05473083331273218
CUST_08353,normal,0.02853176636516022
CUST_08354,normal,0.030900417268564875
CUST_08355,normal,0.009507944655561559
CUST_08356,normal,0.03472459257373092
CUST_08357,normal,0.014744974515860175
CUST_08358,normal,0.004995796822371353
CUST_08359,normal,0.00618404808699126
CUST_08360,normal,0.021366337272035865
CUST_08361,normal,0.037601707401081694
CUST_08362,normal,0.047500534002613254
CUST_08363,normal,0.00948477429166514
CUST_08364,normal,0.08487376734065842
CUST_08365,normal,0.04578165848552512
CUST_08366,normal,0.016460892510588833
CUST_08367,normal,0.10009120894566877
CUST_08368,normal,0.06662080212460814
CUST_08369,normal,0.03263691756266244
CUST_08370,normal,0.033164607989943105
CUST_08371,normal,0.03426454672065947
CUST_08372,normal,0.08884101311561621
CUST_08373,normal,0.04039897828973254
CUST_08374,normal,0.058905608620019055
CUST_08375,normal,0.05613939645282476
CUST_08376,normal,0.060392279588902135
CUST_08377,normal,0.09161480678924486
CUST_08378,normal,0.017636349379480925
CUST_08379,normal,0.020101192355953264
CUST_08380,normal,0.03473480689385527
CUST_08381,normal,0.019348068483502418
CUST_08382,normal,0.03570241192303219
CUST_08383,normal,0.16834112628519238
CUST_08384,normal,0.11362112923153853
CUST_08385,normal,0.07967802788914916
CUST_08386,normal,0.032945338074996056
CUST_08387,suspicious,0.27396988316594356
CUST_08388,normal,0.04525712631193462
CUST_08389,normal,0.07085214325881413
CUST_08390,normal,0.06412809907532382
CUST_08391,normal,0.030611076170136906
CUST_08392,normal,0.021493164501215443
CUST_08393,suspicious,0.4163180224901731
CUST_08394,normal,0.04339852819019794
CUST_08395,normal,0.06954932311021951
CUST_08396,normal,0.09299809079300006
CUST_08397,normal,0.01881285146583687
CUST_08398,normal,0.03618523391300829
CUST_08399,occasional_refunder,0.1433492285479299
CUST_08400,suspicious,0.48947516740144364
CUST_08401,normal,0.03474938595656991
CUST_08402,suspicious,0.22141694732486
CUST_08403,normal,0.0631226904660495
CUST_08404,normal,0.043832635618986794
CUST_08405,normal,0.09918125574925181
CUST_08406,normal,0.08214963764317257
CUST_08407,normal,0.04152035414300603
CUST_08408,normal,0.026995975037584666
CUST_08409,normal,0.0773063684436938
CUST_08410,normal,0.022842012000897954
CUST_08411,normal,0.10793305967669045
CUST_08412,suspicious,0.4748419147422839
CUST_08413,normal,0.10335015225012231
CUST_08414,normal,0.04355884697893367
CUST_08415,normal,0.03203612042569733
CUST_08416,normal,0.0641289894739244
CUST_08417,normal,0.08741221315010805
CUST_08418,normal,0.086174889948441
CUST_08419,normal,0.05416774366332396
CUST_08420,normal,0.03556941609937669
CUST_08421,normal,0.03422555532944878
CUST_08422,normal,0.06757257374899124
CUST_08423,normal,0.09354350452526873
CUST_08424,normal,0.10604929596884054
CUST_08425,normal,0.04283589516855059
CUST_08426,normal,0.06450287693635501
CUST_08427,normal,0.011709278758754335
CUST_08428,aggressive_abuser,0.7124018470242744
CUST_08429,normal,0.04677401484077489
CUST_08430,normal,0.04766090683917072
CUST_08431,normal,0.057671650457416034
CUST_08432,normal,0.11391726083240782
CUST_08433,normal,0.03321802168668678
CUST_08434,occasional_refunder,0.17094245333744768
CUST_08435,suspicious,0.22573330832915364
CUST_08436,normal,0.013442758705722889
CUST_08437,normal,0.019392563352186094
CUST_08438,normal,0.009794595555719167
CUST_08439,normal,0.020564358270196675
CUST_08440,normal,0.0185748752138793
CUST_08441,normal,0.020628933572549225
CUST_08442,normal,0.02347263761172975
CUST_08443,normal,0.10263270271162545
CUST_08444,normal,0.010095457303455607
CUST_08445,normal,0.013709307465874145
CUST_08446,normal,0.08485990229955592
CUST_08447,normal,0.03465806512096862
CUST_08448,occasional_refunder,0.08742464067235944
CUST_08449,normal,0.07179078872908476
CUST_08450,normal,0.12299962433403089
CUST_08451,normal,0.019493979411339762
CUST_08452,normal,0.04304275808091515
CUST_08453,normal,0.015340815254457603
CUST_08454,normal,0.014105158997957388
CUST_08455,suspicious,0.5458860238931988
CUST_08456,normal,0.08741491774391873
CUST_08457,normal,0.22070751017449386
CUST_08458,normal,0.014691642163911535
CUST_08459,suspicious,0.20050582608751802
CUST_08460,normal,0.011568496043739296
CUST_08461,suspicious,0.6371178292668447
CUST_08462,occasional_refunder,0.17786733485530118
CUST_08463,normal,0.03084158583628091
CUST_08464,normal,0.07176650199240922
CUST_08465,aggressive_abuser,0.6671707752642198
CUST_08466,normal,0.0860291933927947
CUST_08467,normal,0.10475960920279698
CUST_08468,normal,0.01919022847381146
CUST_08469,normal,0.11656129105234349
CUST_08470,normal,0.0069781865712993454
CUST_08471,normal,0.09867454591656012
CUST_08472,normal,0.08372897458157126
CUST_08473,normal,0.11717546534049551
CUST_08474,normal,0.037630979835738904
CUST_08475,occasional_refunder,0.26089783142158157
CUST_08476,normal,0.13042431926701661
CUST_08477,normal,0.09000052481970355
CUST_08478,normal,0.05587122804624893
CUST_08479,normal,0.005193534023209427
CUST_08480,suspicious,0.43996207489144606
CUST_08481,normal,0.06138239113172976
CUST_08482,normal,0.13875846941601053
CUST_08483,occasional_refunder,0.16099547859409485
CUST_08484,suspicious,0.5429729365270834
CUST_08485,normal,0.02712003798517081
CUST_08486,normal,0.020656931820846505
CUST_08487,normal,0.019922676585770106
CUST_08488,normal,0.059506012501860904
CUST_08489,normal,0.07887780268410724
CUST_08490,normal,0.055214410352154415
CUST_08491,normal,0.04850600800767576
CUST_08492,normal,0.09914362483858567
CUST_08493,normal,0.07911782495363259
CUST_08494,suspicious,0.4821260890446652
CUST_08495,normal,0.03413172549936501
CUST_08496,suspicious,0.46510738711681604
CUST_08497,aggressive_abuser,0.507359399976207
CUST_08498,normal,0.05349922086916102
CUST_08499,normal,0.07648145986098454
CUST_08500,normal,0.0628377929843475
CUST_08501,normal,0.1014280376101445
CUST_08502,normal,0.030356533161281334
CUST_08503,normal,0.08833885189618869
CUST_08504,suspicious,0.5994233509286448
CUST_08505,normal,0.018763744321665273
CUST_08506,normal,0.03730978250330361
CUST_08507,normal,0.05997200512647208
CUST_08508,normal,0.025044922452329775
CUST_08509,occasional_refunder,0.33540816307754623
CUST_08510,normal,0.027462021206409497
CUST_08511,normal,0.02708760431656048
CUST_08512,normal,0.06744047628667735
CUST_08513,normal,0.009166705611206236
CUST_08514,normal,0.040876737568277595
CUST_08515,normal,0.0632359403718504
CUST_08516,normal,0.0610756325585337
CUST_08517,suspicious,0.2416462225645245
CUST_08518,occasional_refunder,0.0834948651859014
CUST_08519,normal,0.08530937750091097
CUST_08520,normal,0.031099631146331925
CUST_08521,normal,0.052361537537838954
CUST_08522,normal,0.030792269619823162
CUST_08523,normal,0.07422330074854168
CUST_08524,normal,0.04993988119340642
CUST_08525,normal,0.09090243612377856
CUST_08526,normal,0.1265966843585022
CUST_08527,normal,0.07365506150002239
CUST_08528,normal,0.1250672842353022
CUST_08529,normal,0.07781923931366286
CUST_08530,normal,0.01617399407341714
CUST_08531,occasional_refunder,0.06222782662139545
CUST_08532,normal,0.033419553913396384
CUST_08533,normal,0.05554962766992302
CUST_08534,normal,0.060020227034470734
CUST_08535,normal,0.04629780089221062
CUST_08536,normal,0.031920518749040075
CUST_08537,normal,0.038095729851710836
CUST_08538,occasional_refunder,0.17993110602795667
CUST_08539,normal,0.04449798609238143
CUST_08540,occasional_refunder,0.1934559181645634
CUST_08541,normal,0.036975106434588394
CUST_08542,normal,0.08353340370285467
CUST_08543,normal,0.006865924789279739
CUST_08544,normal,0.03320036775496736
CUST_08545,normal,0.05943710629212025
CUST_08546,normal,0.09505026321171116
CUST_08547,normal,0.010683897656931753
CUST_08548,normal,0.05362615514194722
CUST_08549,normal,0.08001555311728573
CUST_08550,normal,0.05448533854806188
CUST_08551,occasional_refunder,0.32830759635536716
CUST_08552,normal,0.032484634466201256
CUST_08553,normal,0.021864430387662816
CUST_08554,normal,0.013559339598631434
CUST_08555,normal,0.007706835109687524
CUST_08556,normal,0.030387868066249064
CUST_08557,normal,0.015398292093288364
CUST_08558,normal,0.02369888506793119
CUST_08559,normal,0.03690286737151517
CUST_08560,normal,0.05825082436903555
CUST_08561,normal,0.01367254707964953
CUST_08562,occasional_refunder,0.08462106203538358
CUST_08563,normal,0.0670675738446812
CUST_08564,occasional_refunder,0.08119056848762406
CUST_08565,normal,0.07197264392529386
CUST_08566,normal,0.08048652813901845
CUST_08567,occasional_refunder,0.17569391254041594
CUST_08568,occasional_refunder,0.3716112687011455
CUST_08569,normal,0.052565500345731646
CUST_08570,normal,0.1283509221175099
CUST_08571,normal,0.03551262746857567
CUST_08572,normal,0.09179561144933322
CUST_08573,normal,0.010464190531318538
CUST_08574,normal,0.034820647120569086
CUST_08575,occasional_refunder,0.07958429173435061
CUST_08576,normal,0.04184235367158923
CUST_08577,normal,0.00859951768322772
CUST_08578,normal,0.04897827835455779
CUST_08579,normal,0.064983912552541
CUST_08580,normal,0.04093842415529273
CUST_08581,normal,0.017485116087495978
CUST_08582,normal,0.0481834874655329
CUST_08583,occasional_refunder,0.23187235247509724
CUST_08584,normal,0.03434881006340065
CUST_08585,normal,0.17696689721166747
CUST_08586,normal,0.08262283016751017
CUST_08587,occasional_refunder,0.0626910431847223
CUST_08588,normal,0.006398178635376581
CUST_08589,normal,0.059006174149741575
CUST_08590,normal,0.011681832130163865
CUST_08591,normal,0.10183282394121562
CUST_08592,normal,0.11453834305752766
CUST_08593,normal,0.07287722945009575
CUST_08594,occasional_refunder,0.27438797780980845
CUST_08595,normal,0.013783568192076054
CUST_08596,normal,0.04394804409013428
CUST_08597,normal,0.04517547829259322
CUST_08598,normal,0.016368349635911352
CUST_08599,normal,0.12581304014479897
CUST_08600,normal,0.03734011326285876
CUST_08601,normal,0.017747135184677045
CUST_08602,normal,0.05450487115371061
CUST_08603,occasional_refunder,0.17226256637375717
CUST_08604,normal,0.04097450272195467
CUST_08605,normal,0.022368679761911633
CUST_08606,normal,0.029405650666713436
CUST_08607,normal,0.052428140314429446
CUST_08608,normal,0.05780097047062415
CUST_08609,normal,0.009635159615134335
CUST_08610,occasional_refunder,0.19128759303835713
CUST_08611,normal,0.04532220386699567
CUST_08612,occasional_refunder,0.10715046435978362
CUST_08613,aggressive_abuser,0.4449117376512795
CUST_08614,normal,0.031434742011031684
CUST_08615,normal,0.06460174290491587
CUST_08616,suspicious,0.3865849383026251
CUST_08617,suspicious,0.444243359730794
CUST_08618,normal,0.020335407753033337
CUST_08619,normal,0.016508219810828752
CUST_08620,normal,0.07883234466108548
CUST_08621,aggressive_abuser,0.6707263800079303
CUST_08622,normal,0.044346559200073105
CUST_08623,normal,0.033436444882590635
CUST_08624,normal,0.03155240377816227
CUST_08625,normal,0.026688334002320773
CUST_08626,normal,0.12424611346900287
CUST_08627,normal,0.0342774960662781
CUST_08628,occasional_refunder,0.11789639462704692
CUST_08629,normal,0.023740806836128957
CUST_08630,normal,0.04927279702693691
CUST_08631,normal,0.06466545158308183
CUST_08632,normal,0.0335139836454025
CUST_08633,normal,0.058300663852214704
CUST_08634,normal,0.026587099182054784
CUST_08635,normal,0.1246027737435818
CUST_08636,normal,0.08611863416375276
CUST_08637,normal,0.08588584075766283
CUST_08638,normal,0.13410207452295225
CUST_08639,normal,0.051874266308425794
CUST_08640,normal,0.011119898590975926
CUST_08641,normal,0.09348301700557395
CUST_08642,normal,0.09087945130940872
CUST_08643,normal,0.09700309013022833
CUST_08644,normal,0.027224731187836124
CUST_08645,normal,0.018923761580024314
CUST_08646,normal,0.05891562422303183
CUST_08647,normal,0.05755877631748075
CUST_08648,normal,0.07867114670004116
CUST_08649,normal,0.1160469702526931
CUST_08650,normal,0.0198552489164743
CUST_08651,normal,0.04994239368495541
CUST_08652,normal,0.02999619662546076
CUST_08653,normal,0.07284469383083504
CUST_08654,normal,0.04608671588270187
CUST_08655,normal,0.022784387778795614
CUST_08656,normal,0.07613357990243251
CUST_08657,normal,0.03371038897033139
CUST_08658,normal,0.026674138171780295
CUST_08659,normal,0.034585989013539084
CUST_08660,occasional_refunder,0.10577174675788048
CUST_08661,normal,0.03227346667744371
CUST_08662,normal,0.08621172552355233
CUST_08663,normal,0.03307483392965077
CUST_08664,normal,0.070639691296412
CUST_08665,normal,0.03761410354518792
CUST_08666,normal,0.006111076517267519
CUST_08667,normal,0.04677979984285477
CUST_08668,normal,0.023821292210539358
CUST_08669,normal,0.060752023998983135
CUST_08670,normal,0.024484071826914356
CUST_08671,suspicious,0.4135333846663767
CUST_08672,normal,0.03261949403479902
CUST_08673,normal,0.0615608022944589
CUST_08674,normal,0.07015801328895267
CUST_08675,normal,0.021262393335815827
CUST_08676,normal,0.01603973240280944
CUST_08677,normal,0.005546085539925975
CUST_08678,normal,0.059382908533950965
CUST_08679,normal,0.034147497714291125
CUST_08680,normal,0.014404601198901405
CUST_08681,normal,0.06077679719041014
CUST_08682,normal,0.04719451126482591
CUST_08683,normal,0.007037079433159129
CUST_08684,normal,0.025775461093809217
CUST_08685,normal,0.194468333423848
CUST_08686,normal,0.09919087339453359
CUST_08687,normal,0.13237937041076694
CUST_08688,normal,0.04223684227597773
CUST_08689,normal,0.05038746762663391
CUST_08690,normal,0.04325903275797594
CUST_08691,normal,0.07017643089077223
CUST_08692,normal,0.04084111714340472
CUST_08693,normal,0.08199831286471891
CUST_08694,normal,0.06515582543787637
CUST_08695,normal,0.005232602338055005
CUST_08696,normal,0.050888076080919206
CUST_08697,suspicious,0.5233603847221747
CUST_08698,normal,0.05590720446436059
CUST_08699,normal,0.016695911776480537
CUST_08700,normal,0.0022069373518008393
CUST_08701,occasional_refunder,0.2826310339424733
CUST_08702,normal,0.02992694348870664
CUST_08703,normal,0.035766896534602854
CUST_08704,normal,0.10090434118542399
CUST_08705,normal,0.06390006120888127
CUST_08706,normal,0.04145086025701515
CUST_08707,normal,0.10212354368904192
CUST_08708,normal,0.016395290090427124
CUST_08709,normal,0.03175246129099271
CUST_08710,normal,0.14064029377599613
CUST_08711,normal,0.06820925147506542
CUST_08712,normal,0.10726150540474746
CUST_08713,normal,0.03506113150399096
CUST_08714,normal,0.006032324398426741
CUST_08715,occasional_refunder,0.2739037613354127
CUST_08716,normal,0.05224569286290702
CUST_08717,normal,0.04035957434158544
CUST_08718,normal,0.029650074216949252
CUST_08719,occasional_refunder,0.31486490296768505
CUST_08720,normal,0.014947196112959783
CUST_08721,normal,0.07286672036653685
CUST_08722,normal,0.050703934125021506
CUST_08723,normal,0.037191887024529524
CUST_08724,normal,0.03183187854946588
CUST_08725,occasional_refunder,0.11429271393421857
CUST_08726,normal,0.09243112248810656
CUST_08727,normal,0.033051301247778254
CUST_08728,normal,0.08238325159547585
CUST_08729,normal,0.14689987608133986
CUST_08730,normal,0.017548862335725696
CUST_08731,normal,0.05567971509515953
CUST_08732,normal,0.044279139848964956
CUST_08733,normal,0.04072016708364107
CUST_08734,normal,0.028765971331907052
CUST_08735,normal,0.07203402437222044
CUST_08736,aggressive_abuser,0.6577013857464559
CUST_08737,normal,0.05145668803470581
CUST_08738,normal,0.02079864400140633
CUST_08739,normal,0.055326235713488374
CUST_08740,normal,0.013819616040109655
CUST_08741,normal,0.0067967327979050005
CUST_08742,normal,0.020865356478587654
CUST_08743,normal,0.008856395787833208
CUST_08744,normal,0.11274514685799389
CUST_08745,normal,0.045971079236755266
CUST_08746,normal,0.029688997028921426
CUST_08747,normal,0.03529475082962725
CUST_08748,normal,0.026852282226341565
CUST_08749,normal,0.007861716137055998
CUST_08750,normal,0.03809797840673208
CUST_08751,normal,0.04655913374744405
CUST_08752,normal,0.03975462885552574
CUST_08753,normal,0.07338519496125308
CUST_08754,normal,0.0851788633607332
CUST_08755,suspicious,0.4693673491215942
CUST_08756,normal,0.0782465987081946
CUST_08757,normal,0.023569093528750154
CUST_08758,normal,0.08775541910273492
CUST_08759,normal,0.11751566020271045
CUST_08760,normal,0.03203410932436574
CUST_08761,normal,0.0675384202460997
CUST_08762,normal,0.07818060482041882
CUST_08763,normal,0.05146992584764476
CUST_08764,occasional_refunder,0.12433550369193418
CUST_08765,normal,0.07191909197534525
CUST_08766,normal,0.02635571123278319
CUST_08767,normal,0.0366661467074618
CUST_08768,normal,0.029136225626295923
CUST_08769,normal,0.09089966921310887
CUST_08770,normal,0.046297901151524365
CUST_08771,normal,0.09679124888895015
CUST_08772,normal,0.023651568439662922
CUST_08773,normal,0.04946625994756293
CUST_08774,normal,0.09473837136045213
CUST_08775,suspicious,0.4554189359452833
CUST_08776,normal,0.03834504851884556
CUST_08777,suspicious,0.547270749924247
CUST_08778,normal,0.05524885756739192
CUST_08779,normal,0.03984800827113304
CUST_08780,normal,0.15090126294108583
CUST_08781,normal,0.0552361129936675
CUST_08782,occasional_refunder,0.10799500336937591
CUST_08783,normal,0.014103093186043572
CUST_08784,normal,0.04318126631854252
CUST_08785,normal,0.018418932852381165
CUST_08786,normal,0.07945343674009535
CUST_08787,normal,0.039600567143283395
CUST_08788,normal,0.034695548743878146
CUST_08789,normal,0.01623992949593383
CUST_08790,normal,0.011702779707014296
CUST_08791,occasional_refunder,0.1941260140341249
CUST_08792,normal,0.014250323404164997
CUST_08793,normal,0.04727340347790453
CUST_08794,normal,0.0386167176342032
CUST_08795,normal,0.02009788857899001
CUST_08796,normal,0.14312607362295982
CUST_08797,normal,0.036589966564893085
CUST_08798,normal,0.029762907522985913
CUST_08799,normal,0.08470519319032134
CUST_08800,normal,0.043689308462235815
CUST_08801,normal,0.028777974993262515
CUST_08802,normal,0.07331694591852891
CUST_08803,normal,0.0773867264333715
CUST_08804,aggressive_abuser,0.8016608245810563
CUST_08805,normal,0.01246276835767779
CUST_08806,normal,0.0551650005886306
CUST_08807,normal,0.029006641795166068
CUST_08808,normal,0.04610709933257878
CUST_08809,normal,0.009015316608913327
CUST_08810,normal,0.0826126397090256
CUST_08811,normal,0.05424715747530979
CUST_08812,normal,0.04017543330765348
CUST_08813,normal,0.03901184990254867
CUST_08814,normal,0.04657662212919133
CUST_08815,normal,0.016267966613393588
CUST_08816,normal,0.024543946751459596
CUST_08817,normal,0.009936014342907938
CUST_08818,normal,0.04925121594962153
CUST_08819,normal,0.08326160697135322
CUST_08820,normal,0.030919856601541954
CUST_08821,normal,0.04825458728046319
CUST_08822,aggressive_abuser,0.43686393229538195
CUST_08823,normal,0.007657578716515876
CUST_08824,normal,0.09185525816170995
CUST_08825,occasional_refunder,0.1164525176465681
CUST_08826,normal,0.05477394295885853
CUST_08827,normal,0.04599150238091802
CUST_08828,normal,0.006076106236994621
CUST_08829,normal,0.11465717778736792
CUST_08830,normal,0.0725954752788038
CUST_08831,normal,0.02906382910552615
CUST_08832,normal,0.05448098808943455
CUST_08833,normal,0.049517452947741694
CUST_08834,normal,0.01219997913690564
CUST_08835,suspicious,0.3280906200185658
CUST_08836,normal,0.006758365311035937
CUST_08837,normal,0.04696164979346305
CUST_08838,normal,0.00836140035018402
CUST_08839,occasional_refunder,0.24264101420594947
CUST_08840,normal,0.0975717182536488
CUST_08841,normal,0.034958905958165386
CUST_08842,normal,0.04961804493474133
CUST_08843,normal,0.07822184454150125
CUST_08844,occasional_refunder,0.1464963819314454
CUST_08845,normal,0.011836347666751281
CUST_08846,normal,0.04479563496984802
CUST_08847,suspicious,0.38279785330431504
CUST_08848,normal,0.01413874875835638
CUST_08849,normal,0.08798258831455583
CUST_08850,normal,0.04497172233607779
CUST_08851,occasional_refunder,0.09888994644630851
CUST_08852,normal,0.008480703839955625
CUST_08853,normal,0.05678614873107664
CUST_08854,normal,0.09369991968046625
CUST_08855,normal,0.0730888150789108
CUST_08856,normal,0.03421959675722114
CUST_08857,normal,0.056660078888213894
CUST_08858,normal,0.06531963264200583
CUST_08859,normal,0.14529473482195626
CUST_08860,normal,0.00911139182859295
CUST_08861,normal,0.025343851570655936
CUST_08862,normal,0.024364156219911087
CUST_08863,occasional_refunder,0.08373363111262598
CUST_08864,normal,0.02764231790499604
CUST_08865,normal,0.027587918772776106
CUST_08866,normal,0.11802012686704987
CUST_08867,normal,0.07169392629528283
CUST_08868,normal,0.017903507412261436
CUST_08869,normal,0.026392037043096443
CUST_08870,normal,0.042026878735306195
CUST_08871,occasional_refunder,0.18532782938197587
CUST_08872,normal,0.04335495433981145
CUST_08873,normal,0.058156158179660945
CUST_08874,normal,0.006146197206509019
CUST_08875,occasional_refunder,0.2105991803178317
CUST_08876,normal,0.08674018776497541
CUST_08877,normal,0.10431059097746832
CUST_08878,normal,0.12162394671340347
CUST_08879,normal,0.09267420732058886
CUST_08880,normal,0.053449663105796755
CUST_08881,normal,0.0023906300044575514
CUST_08882,normal,0.016357709883671058
CUST_08883,normal,0.09813301020963908
CUST_08884,normal,0.05561063980216926
CUST_08885,normal,0.09033039533272692
CUST_08886,normal,0.024737940053826374
CUST_08887,normal,0.03726285500918246
CUST_08888,normal,0.060117390933073465
CUST_08889,normal,0.038024351114671825
CUST_08890,normal,0.004722596825526987
CUST_08891,normal,0.025091936284076296
CUST_08892,normal,0.044654289914705825
CUST_08893,suspicious,0.5287507953139855
CUST_08894,normal,0.03866101897598712
CUST_08895,normal,0.06462154710937497
CUST_08896,normal,0.06527164668241027
CUST_08897,normal,0.012397091193485229
CUST_08898,normal,0.08570350658593918
CUST_08899,normal,0.05614305831741496
CUST_08900,suspicious,0.6464986586248828
CUST_08901,normal,0.10856825303284756
CUST_08902,occasional_refunder,0.2729375233262793
CUST_08903,normal,0.08873582088450822
CUST_08904,normal,0.04781782578989405
CUST_08905,normal,0.02405614689995855
CUST_08906,normal,0.022827568171914853
CUST_08907,normal,0.03217240284310687
CUST_08908,normal,0.033850928333210066
CUST_08909,normal,0.018669964977396192
CUST_08910,aggressive_abuser,0.6166763615928372
CUST_08911,normal,0.08043805058544644
CUST_08912,normal,0.09551503794112608
CUST_08913,occasional_refunder,0.1761814879088285
CUST_08914,normal,0.08245688127767883
CUST_08915,normal,0.019992461950476333
CUST_08916,normal,0.06603530278309044
CUST_08917,normal,0.010067095997829366
CUST_08918,normal,0.021205603242702365
CUST_08919,normal,0.0680994551174202
CUST_08920,normal,0.04723327766549226
CUST_08921,normal,0.015301792951381033
CUST_08922,normal,0.05044055981706365
CUST_08923,normal,0.033088598328294735
CUST_08924,normal,0.010364455415275715
CUST_08925,normal,0.019083421449891443
CUST_08926,normal,0.008128840300150379
CUST_08927,normal,0.007993388651932408
CUST_08928,normal,0.06617535386406855
CUST_08929,normal,0.042087206448769655
CUST_08930,suspicious,0.4115847828715013
CUST_08931,normal,0.03553646775720547
CUST_08932,normal,0.03100050787101145
CUST_08933,normal,0.11586846683977317
CUST_08934,normal,0.01149542971636495
CUST_08935,normal,0.05325015402952557
CUST_08936,normal,0.07861779949258177
CUST_08937,normal,0.02738423490651523
CUST_08938,occasional_refunder,0.0942579508400703
CUST_08939,normal,0.013991243453607723
CUST_08940,normal,0.06329091189173545
CUST_08941,normal,0.034064347632194264
CUST_08942,normal,0.06470098032376306
CUST_08943,occasional_refunder,0.1790286261308851
CUST_08944,occasional_refunder,0.06922285231371482
CUST_08945,normal,0.015762541756175565
CUST_08946,occasional_refunder,0.25106918078932355
CUST_08947,normal,0.04498659873419775
CUST_08948,suspicious,0.5656501504927477
CUST_08949,normal,0.045810409185534195
CUST_08950,normal,0.037097946455503426
CUST_08951,normal,0.02433659557194631
CUST_08952,normal,0.15157450622340543
CUST_08953,normal,0.10160844611455186
CUST_08954,normal,0.11049883919075769
CUST_08955,normal,0.025535726504803628
CUST_08956,normal,0.02507610080403616
CUST_08957,normal,0.04636445182211604
CUST_08958,normal,0.010696192496419486
CUST_08959,normal,0.03099258611873666
CUST_08960,normal,0.04946914816922687
CUST_08961,normal,0.07427148680973053
CUST_08962,normal,0.06492137823348602
CUST_08963,normal,0.07422259728335348
CUST_08964,normal,0.0914316307602963
CUST_08965,normal,0.02962311012895059
CUST_08966,normal,0.03708449163634624
CUST_08967,normal,0.13743536419458738
CUST_08968,normal,0.07376023613215937
CUST_08969,normal,0.08736695331644201
CUST_08970,normal,0.056419473969321905
CUST_08971,normal,0.055653231810301594
CUST_08972,normal,0.06374804404507714
CUST_08973,normal,0.0199208206592158
CUST_08974,normal,0.013728683716475447
CUST_08975,normal,0.08709051348482517
CUST_08976,normal,0.06513106839120579
CUST_08977,normal,0.03878988246467185
CUST_08978,normal,0.05867432325181998
CUST_08979,normal,0.0314671292304637
CUST_08980,normal,0.017537200137934875
CUST_08981,normal,0.003920416283571214
CUST_08982,normal,0.0269370615900422
CUST_08983,normal,0.11412368917967054
CUST_08984,normal,0.020939544091484224
CUST_08985,normal,0.05772521251278712
CUST_08986,normal,0.0357126805976441
CUST_08987,normal,0.01836183037439977
CUST_08988,suspicious,0.5074102642322909
CUST_08989,normal,0.05226960327103172
CUST_08990,normal,0.02744045806146737
CUST_08991,normal,0.004307448048942971
CUST_08992,normal,0.049722778382647624
CUST_08993,normal,0.01705113234588417
CUST_08994,normal,0.018881459159094914
CUST_08995,normal,0.016123908444818598
CUST_08996,normal,0.02497787583680532
CUST_08997,normal,0.07709804227872029
CUST_08998,suspicious,0.3948450477657012
CUST_08999,normal,0.05536843774901755
CUST_09000,suspicious,0.5933459264443239
CUST_09001,occasional_refunder,0.24218699120892195
CUST_09002,normal,0.03886341478495587
CUST_09003,normal,0.08559308823938883
CUST_09004,normal,0.07269138517871428
CUST_09005,normal,0.08486252889844438
CUST_09006,normal,0.043451667787147784
CUST_09007,normal,0.08479178466527613
CUST_09008,normal,0.03093664470898794
CUST_09009,normal,0.05156559996323995
CUST_09010,normal,0.025080965978859
CUST_09011,normal,0.026406816409709002
CUST_09012,normal,0.05170020636355057
CUST_09013,normal,0.07104590751917104
CUST_09014,normal,0.1433872656747642
CUST_09015,normal,0.033725383601558453
CUST_09016,normal,0.00621747336326304
CUST_09017,normal,0.08197804189522315
CUST_09018,normal,0.04571403549087912
CUST_09019,normal,0.055281107722537
CUST_09020,normal,0.015310941204578024
CUST_09021,normal,0.0029723472570051153
CUST_09022,occasional_refunder,0.12065624601622421
CUST_09023,normal,0.03589027819088137
CUST_09024,normal,0.1017049384373405
CUST_09025,normal,0.013901208926537557
CUST_09026,normal,0.07316506091085534
CUST_09027,normal,0.018769812528292604
CUST_09028,normal,0.0493800986268076
CUST_09029,aggressive_abuser,0.8529683368658031
CUST_09030,normal,0.06007192300158208
CUST_09031,normal,0.015556877503067005
CUST_09032,normal,0.022888209096893007
CUST_09033,normal,0.05528623019495235
CUST_09034,normal,0.02361356184649684
CUST_09035,normal,0.08540022865939928
CUST_09036,normal,0.06471987945187348
CUST_09037,normal,0.11556130532271643
CUST_09038,normal,0.04558381156658669
CUST_09039,normal,0.04833709974452502
CUST_09040,normal,0.04470431821231328
CUST_09041,normal,0.04447353437678797
CUST_09042,normal,0.009430984843252112
CUST_09043,suspicious,0.2786875767042888
CUST_09044,normal,0.09030463893602755
CUST_09045,normal,0.05437530093525049
CUST_09046,normal,0.10882664416618804
CUST_09047,normal,0.06709252937380268
CUST_09048,normal,0.10667818791665425
CUST_09049,suspicious,0.6321920788221184
CUST_09050,normal,0.06484308516437196
CUST_09051,normal,0.04151002546323933
CUST_09052,normal,0.0452241970470188
CUST_09053,normal,0.059158647298116575
CUST_09054,normal,0.07371005536968198
CUST_09055,normal,0.054307056680450556
CUST_09056,suspicious,0.39080580141492494
CUST_09057,occasional_refunder,0.20999919877376955
CUST_09058,normal,0.08660530049532497
CUST_09059,normal,0.03145666657587549
CUST_09060,normal,0.016670123496287492
CUST_09061,occasional_refunder,0.26337192511701485
CUST_09062,normal,0.021275350570412004
CUST_09063,normal,0.010820192276307664
CUST_09064,normal,0.037870228064343626
CUST_09065,normal,0.0330494563527513
CUST_09066,normal,0.11426737557416539
CUST_09067,normal,0.09724812676909621
CUST_09068,normal,0.09675163303863082
CUST_09069,normal,0.04536331055053585
CUST_09070,normal,0.05652452915975138
CUST_09071,occasional_refunder,0.1889997990801738
CUST_09072,normal,0.032071821057694745
CUST_09073,normal,0.1016179196560751
CUST_09074,normal,0.027628087345302713
CUST_09075,normal,0.08945829741789658
CUST_09076,normal,0.06713476441568943
CUST_09077,normal,0.04161579537545175
CUST_09078,normal,0.004299436352518482
CUST_09079,normal,0.04916210368283647
CUST_09080,normal,0.015620221510737173
CUST_09081,normal,0.05126963585734659
CUST_09082,normal,0.03864327794841554
CUST_09083,normal,0.050821379411737845
CUST_09084,normal,0.053915620788179124
CUST_09085,normal,0.09502812502035181
CUST_09086,normal,0.03901360834769402
CUST_09087,normal,0.044591106047119515
CUST_09088,suspicious,0.6504003593449228
CUST_09089,normal,0.09228048755864025
CUST_09090,normal,0.12688865258159848
CUST_09091,normal,0.01114354307796222
CUST_09092,normal,0.08774494234084872
CUST_09093,normal,0.06840694377273446
CUST_09094,normal,0.04607028746177985
CUST_09095,normal,0.04886152441610314
CUST_09096,occasional_refunder,0.0557428886320459
CUST_09097,normal,0.0016736463662957364
CUST_09098,normal,0.06929604335232019
CUST_09099,suspicious,0.3712507194645384
CUST_09100,normal,0.08107297065636378
CUST_09101,normal,0.025663202248035092
CUST_09102,normal,0.13650416122807443
CUST_09103,normal,0.02879081372423764
CUST_09104,normal,0.06725495902774191
CUST_09105,normal,0.01025138205342356
CUST_09106,normal,0.06503459047873202
CUST_09107,normal,0.015748906539937355
CUST_09108,normal,0.03794757213908581
CUST_09109,normal,0.03823678409730883
CUST_09110,normal,0.036041329526128006
CUST_09111,suspicious,0.5421335010455846
CUST_09112,normal,0.05036403554088301
CUST_09113,normal,0.01805010664754461
CUST_09114,normal,0.09190156057624854
CUST_09115,normal,0.08556515547078423
CUST_09116,normal,0.05791127192164038
CUST_09117,normal,0.03668986757512895
CUST_09118,aggressive_abuser,0.6317490066928733
CUST_09119,suspicious,0.3814006599462919
CUST_09120,occasional_refunder,0.23001004256184687
CUST_09121,occasional_refunder,0.11169578539578674
CUST_09122,normal,0.03977803683511254
CUST_09123,normal,0.03334557654063303
CUST_09124,occasional_refunder,0.10602229683113086
CUST_09125,normal,0.13204991772831853
CUST_09126,suspicious,0.13390640867035333
CUST_09127,normal,0.009027141818278586
CUST_09128,normal,0.05419067386579428
CUST_09129,normal,0.08954868859301657
CUST_09130,suspicious,0.11202155583067125
CUST_09131,normal,0.055325345457405674
CUST_09132,normal,0.03136038960178403
CUST_09133,normal,0.10784194900133864
CUST_09134,normal,0.03840548619472307
CUST_09135,normal,0.04279029371839467
CUST_09136,normal,0.03311942081942257
CUST_09137,normal,0.0049554757955838896
CUST_09138,normal,0.053783414023143
CUST_09139,normal,0.03819691093096706
CUST_09140,normal,0.050085851934425094
CUST_09141,normal,0.05004731101038453
CUST_09142,normal,0.05451880243708819
CUST_09143,suspicious,0.7118727272214961
CUST_09144,normal,0.04326257123729615
CUST_09145,normal,0.03129383148099524
CUST_09146,normal,0.08327934437949927
CUST_09147,normal,0.16023223002163933
CUST_09148,normal,0.02247386858139647
CUST_09149,normal,0.09268345828786925
CUST_09150,normal,0.009454158474963257
CUST_09151,normal,0.1053212897865444
CUST_09152,normal,0.03344600256237998
CUST_09153,normal,0.051772721483338856
CUST_09154,normal,0.04037006425169592
CUST_09155,normal,0.009556380813382946
CUST_09156,normal,0.0336453441539164
CUST_09157,suspicious,0.5254822583259532
CUST_09158,normal,0.12555397462285914
CUST_09159,normal,0.09821161500710424
CUST_09160,normal,0.09857855812726797
CUST_09161,occasional_refunder,0.27615819537826886
CUST_09162,normal,0.032857548820170224
CUST_09163,normal,0.11916612723194502
CUST_09164,normal,0.02037433595936459
CUST_09165,suspicious,0.26669713875778195
CUST_09166,normal,0.09466563896129894
CUST_09167,normal,0.0569388093327846
CUST_09168,normal,0.08716270727477202
CUST_09169,normal,0.05964038547959589
CUST_09170,normal,0.022105016320480935
CUST_09171,normal,0.04479502050483426
CUST_09172,occasional_refunder,0.15850560885053763
CUST_09173,normal,0.11180769396486395
CUST_09174,normal,0.09092766849480638
CUST_09175,normal,0.040845916722175434
CUST_09176,normal,0.11124756250299643
CUST_09177,normal,0.057927601553582155
CUST_09178,normal,0.048498983695918936
CUST_09179,normal,0.04537002729199351
CUST_09180,normal,0.030488729099906343
CUST_09181,normal,0.02350474605977075
CUST_09182,normal,0.05363123891760678
CUST_09183,normal,0.04343688796976274
CUST_09184,normal,0.05468334973151367
CUST_09185,normal,0.012311865035035712
CUST_09186,normal,0.02239477847565891
CUST_09187,normal,0.05849828641318026
CUST_09188,normal,0.12844069240803055
CUST_09189,suspicious,0.37044212514989755
CUST_09190,normal,0.06350070619776631
CUST_09191,occasional_refunder,0.13914651743821438
CUST_09192,normal,0.06288581459254146
CUST_09193,suspicious,0.41056684983226754
CUST_09194,normal,0.09579050544201649
CUST_09195,normal,0.03492860414804639
CUST_09196,normal,0.02892090773564579
CUST_09197,normal,0.01603568145454148
CUST_09198,suspicious,0.21030476367291281
CUST_09199,normal,0.02794911382725878
CUST_09200,normal,0.05720362141787192
CUST_09201,suspicious,0.4991506528389756
CUST_09202,normal,0.04909977836277856
CUST_09203,normal,0.03309459247565978
CUST_09204,normal,0.12915393472773615
CUST_09205,suspicious,0.39351804739776125
CUST_09206,normal,0.11946823428025541
CUST_09207,normal,0.011708485880910075
CUST_09208,normal,0.017688082198382818
CUST_09209,normal,0.023447376036834677
CUST_09210,normal,0.04543440899433078
CUST_09211,occasional_refunder,0.2890301567127018
CUST_09212,suspicious,0.5942074917638679
CUST_09213,normal,0.05250772236315115
CUST_09214,normal,0.0057274665282425015
CUST_09215,normal,0.09988531251427359
CUST_09216,normal,0.04984544878788666
CUST_09217,normal,0.010912720545918526
CUST_09218,occasional_refunder,0.04788816930512503
CUST_09219,normal,0.08951138193278836
CUST_09220,normal,0.060883586346376285
CUST_09221,normal,0.05310879553178115
CUST_09222,normal,0.04530862115741673
CUST_09223,normal,0.02375370682311884
CUST_09224,normal,0.05983332243289173
CUST_09225,occasional_refunder,0.09448477116522758
CUST_09226,occasional_refunder,0.24239260367414034
CUST_09227,normal,0.03965557490966772
CUST_09228,occasional_refunder,0.12970975754960412
CUST_09229,normal,0.06370836629548822
CUST_09230,normal,0.038914766851494496
CUST_09231,normal,0.02355015597666603
CUST_09232,normal,0.020107813250477825
CUST_09233,occasional_refunder,0.08569964280393534
CUST_09234,normal,0.06792389632595879
CUST_09235,normal,0.010435313781084818
CUST_09236,normal,0.03549456311525852
CUST_09237,normal,0.038093512873308144
CUST_09238,normal,0.06226406842286426
CUST_09239,normal,0.011617433989037473
CUST_09240,normal,0.009291190121811375
CUST_09241,normal,0.01531742699119881
CUST_09242,normal,0.016106808598257735
CUST_09243,normal,0.017337626311934463
CUST_09244,normal,0.056570603506715465
CUST_09245,normal,0.07136544194144373
CUST_09246,occasional_refunder,0.1948629176416444
CUST_09247,normal,0.015284844276559613
CUST_09248,normal,0.11251579664649217
CUST_09249,normal,0.023774091448646166
CUST_09250,normal,0.029949860654471142
CUST_09251,normal,0.06400998799687617
CUST_09252,normal,0.024356965011789664
CUST_09253,normal,0.08477658274412175
CUST_09254,normal,0.09521374089806803
CUST_09255,normal,0.0624684966948901
CUST_09256,normal,0.1345633456478313
CUST_09257,normal,0.062258099714036744
CUST_09258,normal,0.07763172381380164
CUST_09259,normal,0.02363708159691707
CUST_09260,normal,0.05917667904998933
CUST_09261,normal,0.02583681084066268
CUST_09262,normal,0.13898256977387935
CUST_09263,normal,0.11382329488998771
CUST_09264,normal,0.029342330288558833
CUST_09265,normal,0.10610449463931645
CUST_09266,normal,0.00826130239166218
CUST_09267,normal,0.05442152202260298
CUST_09268,normal,0.17226291944868655
CUST_09269,normal,0.016192788762907945
CUST_09270,normal,0.029774102926943102
CUST_09271,normal,0.08333356676152841
CUST_09272,normal,0.09168620089553715
CUST_09273,normal,0.0832777856417089
CUST_09274,normal,0.02301168546016521
CUST_09275,normal,0.14576529873907987
CUST_09276,normal,0.06549746472373369
CUST_09277,normal,0.03149739418267527
CUST_09278,normal,0.019299445932941858
CUST_09279,normal,0.050175980261915186
CUST_09280,normal,0.046926489547266165
CUST_09281,normal,0.0304520140370494
CUST_09282,suspicious,0.3389804854285516
CUST_09283,normal,0.019178553515747414
CUST_09284,normal,0.020938319504420596
CUST_09285,normal,0.03859154605544384
CUST_09286,normal,0.04711262612592086
CUST_09287,normal,0.07614236745355656
CUST_09288,normal,0.04914554985315511
CUST_09289,normal,0.022496450976660767
CUST_09290,normal,0.0344335239818198
CUST_09291,normal,0.011358616229776072
CUST_09292,normal,0.06229569571592364
CUST_09293,normal,0.013829662914546608
CUST_09294,normal,0.019604505874074713
CUST_09295,suspicious,0.5382889927021127
CUST_09296,occasional_refunder,0.181232874443615
CUST_09297,occasional_refunder,0.19970875500249524
CUST_09298,normal,0.049664435542530985
CUST_09299,suspicious,0.6203309508418907
CUST_09300,normal,0.04289966730676501
CUST_09301,normal,0.006581987954359566
CUST_09302,normal,0.05328942337323649
CUST_09303,normal,0.008491161407482179
CUST_09304,normal,0.06470739727934485
CUST_09305,normal,0.037060475232733765
CUST_09306,normal,0.030587701629833503
CUST_09307,normal,0.02161876541465364
CUST_09308,normal,0.09973269649520006
CUST_09309,normal,0.041636126484066144
CUST_09310,normal,0.010687933897515099
CUST_09311,normal,0.12982142967512775
CUST_09312,normal,0.050399970165492324
CUST_09313,normal,0.043103104806907884
CUST_09314,normal,0.0793760001425581
CUST_09315,normal,0.05619784238292728
CUST_09316,normal,0.021699619187420666
CUST_09317,normal,0.05670451467334923
CUST_09318,normal,0.028178928669715688
CUST_09319,normal,0.04544437634134516
CUST_09320,normal,0.040820464279585446
CUST_09321,normal,0.025753928648170266
CUST_09322,occasional_refunder,0.0687918035299929
CUST_09323,normal,0.13898295176847747
CUST_09324,normal,0.04243294971620983
CUST_09325,normal,0.03383477619962623
CUST_09326,suspicious,0.2721116851620234
CUST_09327,normal,0.004391001038915391
CUST_09328,normal,0.06740252909315704
CUST_09329,normal,0.13028755748577706
CUST_09330,normal,0.07948961897518228
CUST_09331,normal,0.018249494758631194
CUST_09332,normal,0.0236953837495492
CUST_09333,normal,0.024151693017770242
CUST_09334,normal,0.038934822643083455
CUST_09335,normal,0.047131403740864455
CUST_09336,normal,0.07097798778310385
CUST_09337,normal,0.027110099821367327
CUST_09338,suspicious,0.43155792787129765
CUST_09339,normal,0.057908173177447765
CUST_09340,normal,0.03413986466341241
CUST_09341,normal,0.010091235118306032
CUST_09342,normal,0.08219494530121546
CUST_09343,normal,0.07764909419763857
CUST_09344,normal,0.0344978281063987
CUST_09345,normal,0.02953782255523127
CUST_09346,aggressive_abuser,0.5498828352421294
CUST_09347,normal,0.083431820052192
CUST_09348,occasional_refunder,0.1598174240606867
CUST_09349,normal,0.08931829634235203
CUST_09350,occasional_refunder,0.07533893630441119
CUST_09351,normal,0.00885089661177774
CUST_09352,normal,0.034759229015081654
CUST_09353,occasional_refunder,0.21402929052610875
CUST_09354,normal,0.1240831034601045
CUST_09355,normal,0.09664267746792936
CUST_09356,normal,0.07965930330053171
CUST_09357,normal,0.06223411228905355
CUST_09358,normal,0.03679574377996049
CUST_09359,normal,0.046451456109118584
CUST_09360,normal,0.02974862540011935
CUST_09361,normal,0.026417801417808837
CUST_09362,normal,0.08764789954819731
CUST_09363,normal,0.04997000421814252
CUST_09364,normal,0.011854254647327384
CUST_09365,normal,0.015518353897572881
CUST_09366,normal,0.05210162313407322
CUST_09367,normal,0.017004907383499485
CUST_09368,normal,0.03651306862709849
CUST_09369,normal,0.043913025228225114
CUST_09370,normal,0.02549537909037213
CUST_09371,normal,0.010975427933432098
CUST_09372,normal,0.06641306240807254
CUST_09373,normal,0.06193631646113461
CUST_09374,occasional_refunder,0.17065265707495822
CUST_09375,normal,0.051371296613177346
CUST_09376,normal,0.04310138294151186
CUST_09377,normal,0.09989067078486796
CUST_09378,normal,0.041512779415516024
CUST_09379,occasional_refunder,0.2746806466700604
CUST_09380,normal,0.06942447564215781
CUST_09381,normal,0.020934291530509894
CUST_09382,normal,0.03475393321433952
CUST_09383,normal,0.0389496645397438
CUST_09384,normal,0.0876410186738433
CUST_09385,normal,0.09603282940915436
CUST_09386,occasional_refunder,0.1406362500592951
CUST_09387,occasional_refunder,0.1662037538736022
CUST_09388,normal,0.04797268654290944
CUST_09389,normal,0.09084613225153769
CUST_09390,normal,0.05366047875578686
CUST_09391,suspicious,0.3779671849584205
CUST_09392,aggressive_abuser,0.4091251783522628
CUST_09393,normal,0.07239120128698945
CUST_09394,normal,0.05412291829896229
CUST_09395,normal,0.06659099059656651
CUST_09396,normal,0.03803563793304914
CUST_09397,normal,0.05503024409988435
CUST_09398,normal,0.08575299632938885
CUST_09399,normal,0.046663575177774134
CUST_09400,normal,0.017128549090206002
CUST_09401,normal,0.01356710657153282
CUST_09402,normal,0.03940270999869266
CUST_09403,normal,0.0893116872831808
CUST_09404,normal,0.037490863170599374
CUST_09405,normal,0.004937583088090659
CUST_09406,normal,0.08103868422308926
CUST_09407,normal,0.07985072051194918
CUST_09408,normal,0.029802591446769573
CUST_09409,normal,0.050115957287508645
CUST_09410,normal,0.07388044452367433
CUST_09411,normal,0.02109660992157487
CUST_09412,normal,0.0301216670830766
CUST_09413,normal,0.08805410083438112
CUST_09414,normal,0.0529543778006184
CUST_09415,normal,0.06393009795070957
CUST_09416,normal,0.055879598123716644
CUST_09417,normal,0.09289291334057338
CUST_09418,normal,0.18763589857764462
CUST_09419,normal,0.1501150032118
CUST_09420,normal,0.03461716070969099
CUST_09421,occasional_refunder,0.17756478786517813
CUST_09422,normal,0.06255890843987036
CUST_09423,normal,0.08124156825541039
CUST_09424,normal,0.04147010968522587
CUST_09425,suspicious,0.2827273357357825
CUST_09426,normal,0.06128940074537393
CUST_09427,normal,0.022799318550641354
CUST_09428,normal,0.012763975953937185
CUST_09429,normal,0.10198441998747222
CUST_09430,normal,0.042290368657061726
CUST_09431,normal,0.05617123696976602
CUST_09432,normal,0.05178702301607091
CUST_09433,normal,0.043908617779452236
CUST_09434,normal,0.0037639536315245345
CUST_09435,normal,0.014920529812822993
CUST_09436,normal,0.04791246996767858
CUST_09437,normal,0.11795928929518096
CUST_09438,normal,0.041690212883335694
CUST_09439,normal,0.022728192272900336
CUST_09440,normal,0.01870430847523649
CUST_09441,normal,0.1546561592414142
CUST_09442,normal,0.050702174489160194
CUST_09443,normal,0.0672742403487539
CUST_09444,normal,0.021204006449142235
CUST_09445,normal,0.0105111058802195
CUST_09446,normal,0.04141308622840344
CUST_09447,suspicious,0.32337295895969087
CUST_09448,normal,0.12071552165177424
CUST_09449,normal,0.05527197595716107
CUST_09450,normal,0.08709969581235044
CUST_09451,normal,0.02780714089482248
CUST_09452,normal,0.08868118418550536
CUST_09453,normal,0.02966523483848663
CUST_09454,normal,0.05360379702917824
CUST_09455,occasional_refunder,0.11661954180855098
CUST_09456,normal,0.06593016991133627
CUST_09457,normal,0.04734684158101045
CUST_09458,occasional_refunder,0.08014945888352468
CUST_09459,normal,0.050987656671230785
CUST_09460,normal,0.04747898509742921
CUST_09461,normal,0.04803744666236617
CUST_09462,normal,0.12021463231251266
CUST_09463,normal,0.01957617473328028
CUST_09464,normal,0.031070002010987335
CUST_09465,normal,0.07573268363844828
CUST_09466,suspicious,0.49278346637857434
CUST_09467,occasional_refunder,0.31998362295329247
CUST_09468,occasional_refunder,0.03243245825607992
CUST_09469,normal,0.11311027279131261
CUST_09470,normal,0.06136983611218507
CUST_09471,normal,0.10425698932467636
CUST_09472,normal,0.024767445674949682
CUST_09473,occasional_refunder,0.17629028069516436
CUST_09474,normal,0.04939237084112643
CUST_09475,occasional_refunder,0.19648681902254816
CUST_09476,normal,0.11242514646270971
CUST_09477,suspicious,0.34468134030584957
CUST_09478,occasional_refunder,0.10580336956463016
CUST_09479,normal,0.10052115339678921
CUST_09480,normal,0.14021747466840764
CUST_09481,normal,0.005224784573659454
CUST_09482,normal,0.10819789043689788
CUST_09483,normal,0.038554939915402195
CUST_09484,normal,0.07423121575463675
CUST_09485,occasional_refunder,0.3107576343201162
CUST_09486,normal,0.09713582701373986
CUST_09487,normal,0.055574945703070984
CUST_09488,normal,0.047454435439775636
CUST_09489,normal,0.05481547868278293
CUST_09490,normal,0.15959753061881665
CUST_09491,normal,0.030551732522237203
CUST_09492,normal,0.12628173170823945
CUST_09493,normal,0.07575101515929795
CUST_09494,normal,0.038564183044932004
CUST_09495,normal,0.010836236142765207
CUST_09496,normal,0.05908873285398804
CUST_09497,normal,0.027556093875607812
CUST_09498,normal,0.05441385199784531
CUST_09499,suspicious,0.24741463216662354
CUST_09500,normal,0.08013456356693316
CUST_09501,normal,0.029705336491484883
CUST_09502,normal,0.11341563470810115
CUST_09503,normal,0.13660578962286454
CUST_09504,occasional_refunder,0.17629546064384713
CUST_09505,normal,0.02989636192609906
CUST_09506,normal,0.04124087359467592
CUST_09507,normal,0.010176284344450148
CUST_09508,normal,0.03599139501441959
CUST_09509,normal,0.10717400964250019
CUST_09510,normal,0.11829621347594761
CUST_09511,normal,0.03074980559307307
CUST_09512,normal,0.050191031926618765
CUST_09513,normal,0.03983622353966046
CUST_09514,normal,0.04515590684443387
CUST_09515,normal,0.07486106318550052
CUST_09516,normal,0.07397414382099096
CUST_09517,normal,0.024793356566682672
CUST_09518,normal,0.050725654113385046
CUST_09519,normal,0.06768090183149598
CUST_09520,normal,0.07558331765738392
CUST_09521,normal,0.049155775033287684
CUST_09522,normal,0.12362797836826649
CUST_09523,suspicious,0.544383948903563
CUST_09524,normal,0.022616276655400377
CUST_09525,normal,0.08080598286766799
CUST_09526,normal,0.049155856050395234
CUST_09527,occasional_refunder,0.1747129542056916
CUST_09528,normal,0.18659823367631742
CUST_09529,aggressive_abuser,0.5867253258011308
CUST_09530,suspicious,0.42135548127338596
CUST_09531,normal,0.00915336682375473
CUST_09532,suspicious,0.36762158764127595
CUST_09533,normal,0.043096977888793984
CUST_09534,normal,0.012021511540117743
CUST_09535,normal,0.013907690495674562
CUST_09536,normal,0.08269517062952748
CUST_09537,normal,0.07763389414981622
CUST_09538,normal,0.009962874995313032
CUST_09539,normal,0.04063620306035645
CUST_09540,normal,0.025201925356491597
CUST_09541,normal,0.02663662403589459
CUST_09542,normal,0.05578275403353154
CUST_09543,normal,0.04641457425111848
CUST_09544,normal,0.02981954021980826
CUST_09545,normal,0.02290271153703117
CUST_09546,normal,0.011486537424887141
CUST_09547,normal,0.08722043909783536
CUST_09548,normal,0.11629525013912663
CUST_09549,normal,0.010721615157352869
CUST_09550,suspicious,0.23568152794710648
CUST_09551,normal,0.04445045949974006
CUST_09552,suspicious,0.6075526312862701
CUST_09553,normal,0.04205211902164388
CUST_09554,normal,0.01889034827576594
CUST_09555,normal,0.07323079155941707
CUST_09556,normal,0.18913444999459234
CUST_09557,normal,0.05284054857042196
CUST_09558,normal,0.03819557420669411
CUST_09559,normal,0.05932303885494959
CUST_09560,normal,0.01926949725885548
CUST_09561,normal,0.05907205421016312
CUST_09562,normal,0.034327864504397454
CUST_09563,normal,0.09232019156549666
CUST_09564,normal,0.07509292250192934
CUST_09565,normal,0.08370182064511614
CUST_09566,normal,0.04858931559273692
CUST_09567,normal,0.06497893616900237
CUST_09568,occasional_refunder,0.28527050989725306
CUST_09569,normal,0.0265182185832391
CUST_09570,normal,0.021439119035407163
CUST_09571,normal,0.07753793108019809
CUST_09572,normal,0.042299595955132
CUST_09573,normal,0.10636392680786169
CUST_09574,normal,0.07542227717124324
CUST_09575,normal,0.06597826753544833
CUST_09576,normal,0.07584316763813162
CUST_09577,normal,0.10001453085774632
CUST_09578,normal,0.003758196888111723
CUST_09579,normal,0.00782527141724492
CUST_09580,normal,0.06327505787528742
CUST_09581,normal,0.006118690656846599
CUST_09582,normal,0.05475114517667178
CUST_09583,normal,0.029320118749582503
CUST_09584,normal,0.027752693154402874
CUST_09585,suspicious,0.2585755073781735
CUST_09586,normal,0.07448646108076007
CUST_09587,normal,0.019763396697548525
CUST_09588,normal,0.05178733240302133
CUST_09589,normal,0.024541437876324654
CUST_09590,normal,0.049008460204627485
CUST_09591,normal,0.05206289145924215
CUST_09592,normal,0.030284205619447398
CUST_09593,normal,0.03896853638690732
CUST_09594,normal,0.11688870463818107
CUST_09595,normal,0.0703352893647887
CUST_09596,normal,0.07570775579948519
CUST_09597,normal,0.01696469389699432
CUST_09598,normal,0.05987841469945256
CUST_09599,normal,0.03559865075031126
CUST_09600,normal,0.07010009674311812
CUST_09601,normal,0.03629816154343513
CUST_09602,normal,0.007427061283170409
CUST_09603,normal,0.0641973626563439
CUST_09604,normal,0.06196623821220254
CUST_09605,normal,0.020796383907260234
CUST_09606,normal,0.060227685327647044
CUST_09607,normal,0.040760041849761425
CUST_09608,normal,0.0207051079062925
CUST_09609,normal,0.08944497317219206
CUST_09610,normal,0.017318112679453164
CUST_09611,normal,0.026220186648857603
CUST_09612,normal,0.016742716934118173
CUST_09613,occasional_refunder,0.12170830360807354
CUST_09614,normal,0.05741584259186244
CUST_09615,aggressive_abuser,0.592599416621389
CUST_09616,occasional_refunder,0.1736874959044285
CUST_09617,normal,0.11418957667091365
CUST_09618,suspicious,0.3527286810980255
CUST_09619,normal,0.03882102777254188
CUST_09620,normal,0.07400806425139779
CUST_09621,normal,0.02985960760366655
CUST_09622,normal,0.10652863484945214
CUST_09623,normal,0.030743798542891446
CUST_09624,normal,0.059869218811501104
CUST_09625,normal,0.02167919503684077
CUST_09626,normal,0.08765016079974706
CUST_09627,normal,0.02378630683692702
CUST_09628,occasional_refunder,0.23557570111711473
CUST_09629,normal,0.004915796509006956
CUST_09630,normal,0.02674555296345999
CUST_09631,normal,0.15834031193261525
CUST_09632,normal,0.07338299058392694
CUST_09633,normal,0.029392823204759302
CUST_09634,normal,0.03479107189463959
CUST_09635,normal,0.07937502211427284
CUST_09636,normal,0.03997168045065698
CUST_09637,suspicious,0.564615652614464
CUST_09638,normal,0.022306428456197715
CUST_09639,normal,0.07153423670557084
CUST_09640,normal,0.048156046240888005
CUST_09641,normal,0.09063690097444253
CUST_09642,normal,0.04951542123295662
CUST_09643,normal,0.03187641905116821
CUST_09644,normal,0.04945203714528051
CUST_09645,normal,0.1348235088689479
CUST_09646,normal,0.03735890263445662
CUST_09647,normal,0.08348973973805436
CUST_09648,normal,0.09604456661774204
CUST_09649,normal,0.10818765851038858
CUST_09650,normal,0.03495588958909143
CUST_09651,normal,0.02437085636708446
CUST_09652,normal,0.08792832134029409
CUST_09653,normal,0.11826696330011945
CUST_09654,normal,0.05967913994530037
CUST_09655,normal,0.07319914976355435
CUST_09656,normal,0.013633122701627686
CUST_09657,suspicious,0.26767812966924553
CUST_09658,normal,0.01383553695983655
CUST_09659,normal,0.0345100152842795
CUST_09660,normal,0.05735563654989005
CUST_09661,normal,0.031939860288237164
CUST_09662,normal,0.0968533246690031
CUST_09663,normal,0.07475818078515555
CUST_09664,normal,0.09092208933065249
CUST_09665,normal,0.12508086268126156
CUST_09666,normal,0.021854724442084243
CUST_09667,normal,0.043149057749455655
CUST_09668,normal,0.029037806890680647
CUST_09669,normal,0.006061763584218559
CUST_09670,normal,0.0484631538266885
CUST_09671,normal,0.2034764138652551
CUST_09672,normal,0.12488571163515086
CUST_09673,normal,0.034335546169238285
CUST_09674,normal,0.04979065875324761
CUST_09675,normal,0.032463801917180374
CUST_09676,normal,0.04147969305189285
CUST_09677,suspicious,0.41455631016619304
CUST_09678,normal,0.08076482317681209
CUST_09679,normal,0.07688158557635279
CUST_09680,normal,0.005635245916104283
CUST_09681,normal,0.014118122961795999
CUST_09682,normal,0.030445279880432784
CUST_09683,normal,0.01588276801397717
CUST_09684,normal,0.027886203264938913
CUST_09685,normal,0.03549682465832195
CUST_09686,normal,0.021207848774312445
CUST_09687,normal,0.005157524820594196
CUST_09688,normal,0.05889928274731645
CUST_09689,normal,0.008019316103848931
CUST_09690,normal,0.005578706740969582
CUST_09691,suspicious,0.33295970764155336
CUST_09692,normal,0.025845278733547354
CUST_09693,normal,0.07266894952905764
CUST_09694,normal,0.06355272954361428
CUST_09695,normal,0.060379918293286206
CUST_09696,normal,0.03784815907064664
CUST_09697,normal,0.033929137281165186
CUST_09698,normal,0.05460679499898411
CUST_09699,normal,0.014147283435258687
CUST_09700,normal,0.0029209385336727077
CUST_09701,normal,0.020132575093415584
CUST_09702,normal,0.08393358600908431
CUST_09703,normal,0.03737627942023838
CUST_09704,normal,0.05295481166571182
CUST_09705,normal,0.009597879299751071
CUST_09706,normal,0.02192913883798606
CUST_09707,normal,0.0655010202370462
CUST_09708,normal,0.03777341054559471
CUST_09709,normal,0.02789556740758544
CUST_09710,normal,0.06318030137529924
CUST_09711,normal,0.03726171655446614
CUST_09712,occasional_refunder,0.10325890342489064
CUST_09713,normal,0.03559565646622503
CUST_09714,normal,0.03243528792630775
CUST_09715,normal,0.1710475542623195
CUST_09716,normal,0.04251773482298642
CUST_09717,normal,0.053952281727898926
CUST_09718,normal,0.03870170872769609
CUST_09719,normal,0.004211129685596336
CUST_09720,normal,0.0416535066704728
CUST_09721,normal,0.04017198955881127
CUST_09722,normal,0.0050101804763558406
CUST_09723,normal,0.008812765781519372
CUST_09724,normal,0.06533326163191357
CUST_09725,normal,0.03614518057810947
CUST_09726,suspicious,0.3714626872835707
CUST_09727,normal,0.13030232982937193
CUST_09728,normal,0.04013086007790808
CUST_09729,normal,0.012348615185179473
CUST_09730,normal,0.08648673044779827
CUST_09731,normal,0.10938659195131031
CUST_09732,normal,0.044054608953319134
CUST_09733,normal,0.06932197119120855
CUST_09734,normal,0.06327970811369643
CUST_09735,normal,0.0261013326572802
CUST_09736,normal,0.1177822472265658
CUST_09737,normal,0.05535197380904334
CUST_09738,normal,0.023250272454497446
CUST_09739,normal,0.11291720705396067
CUST_09740,normal,0.040181737426249475
CUST_09741,normal,0.05165471687291321
CUST_09742,normal,0.09924420119055072
CUST_09743,normal,0.07986446525380786
CUST_09744,normal,0.03312195280250713
CUST_09745,normal,0.013337824636175612
CUST_09746,normal,0.0984803895011878
CUST_09747,normal,0.04572713374916758
CUST_09748,normal,0.02001497166622591
CUST_09749,normal,0.0594474304853867
CUST_09750,suspicious,0.3747047492713618
CUST_09751,normal,0.017286297936202014
CUST_09752,normal,0.028482760853573052
CUST_09753,normal,0.035683556960147696
CUST_09754,normal,0.1040304005651227
CUST_09755,normal,0.03812403203722747
CUST_09756,normal,0.08594890931058295
CUST_09757,normal,0.051634944152623534
CUST_09758,aggressive_abuser,0.4560889702690067
CUST_09759,normal,0.08790824298013174
CUST_09760,normal,0.1922948947158068
CUST_09761,occasional_refunder,0.058141254670498646
CUST_09762,normal,0.017452929867532628
CUST_09763,suspicious,0.30443451885603645
CUST_09764,suspicious,0.5130263959458826
CUST_09765,occasional_refunder,0.18010568243535227
CUST_09766,normal,0.05063857097410843
CUST_09767,normal,0.08509580211470767
CUST_09768,normal,0.03693057131469524
CUST_09769,aggressive_abuser,0.6118786557767752
CUST_09770,normal,0.021525489911003965
CUST_09771,normal,0.04677514768863731
CUST_09772,normal,0.09028593400080583
CUST_09773,normal,0.050924333601163406
CUST_09774,normal,0.09527066582391575
CUST_09775,normal,0.08449468330886292
CUST_09776,normal,0.02640133942826071
CUST_09777,normal,0.04310786787671939
CUST_09778,aggressive_abuser,0.8537219908708028
CUST_09779,normal,0.08326175924061566
CUST_09780,normal,0.04335590657370515
CUST_09781,normal,0.008484915168483766
CUST_09782,normal,0.04357222052392292
CUST_09783,normal,0.032912638963521514
CUST_09784,suspicious,0.31564601157099603
CUST_09785,normal,0.05397419514575807
CUST_09786,normal,0.016739573207432957
CUST_09787,normal,0.012607238093305098
CUST_09788,normal,0.023789285268748767
CUST_09789,normal,0.007729500961320839
CUST_09790,normal,0.03287649759184801
CUST_09791,normal,0.04674507706428365
CUST_09792,normal,0.07206349940791654
CUST_09793,normal,0.06725413585512104
CUST_09794,normal,0.048590866968222304
CUST_09795,normal,0.08945560702344688
CUST_09796,normal,0.06550997171143196
CUST_09797,occasional_refunder,0.05269023851308126
CUST_09798,normal,0.05313830478478831
CUST_09799,normal,0.0712989644467836
CUST_09800,suspicious,0.2258704378839504
CUST_09801,normal,0.028423292490857604
CUST_09802,normal,0.07701496316991127
CUST_09803,normal,0.04539059225369146
CUST_09804,normal,0.02796177244171131
CUST_09805,normal,0.06945810182385129
CUST_09806,normal,0.061572569645595224
CUST_09807,normal,0.04986142445594543
CUST_09808,normal,0.1438802719035905
CUST_09809,aggressive_abuser,0.5495764609017059
CUST_09810,normal,0.03079511576839861
CUST_09811,normal,0.04959687921388335
CUST_09812,normal,0.046725994781162516
CUST_09813,normal,0.03074895991509171
CUST_09814,normal,0.07072411540492118
CUST_09815,suspicious,0.36931975872056116
CUST_09816,normal,0.05817472716005971
CUST_09817,normal,0.07526699171055895
CUST_09818,normal,0.05261093570251473
CUST_09819,normal,0.09135778933601453
CUST_09820,normal,0.11439347620516548
CUST_09821,normal,0.026734988673863813
CUST_09822,normal,0.13787019163244807
CUST_09823,normal,0.05443106375812811
CUST_09824,normal,0.07971979072726519
CUST_09825,normal,0.002078322053813389
CUST_09826,normal,0.026380152549678636
CUST_09827,normal,0.05542508300557293
CUST_09828,normal,0.11372165529315971
CUST_09829,normal,0.013963954681559379
CUST_09830,normal,0.052285234266645934
CUST_09831,normal,0.04853414379799806
CUST_09832,occasional_refunder,0.23099786560780583
CUST_09833,normal,0.12143478804645504
CUST_09834,aggressive_abuser,0.6639612894390297
CUST_09835,normal,0.05746345049053409
CUST_09836,normal,0.07901050452710177
CUST_09837,occasional_refunder,0.052976343589101284
CUST_09838,normal,0.12067843787493612
CUST_09839,normal,0.03414090523022714
CUST_09840,normal,0.060908288766773615
CUST_09841,occasional_refunder,0.11643224274908338
CUST_09842,aggressive_abuser,0.5862846123339076
CUST_09843,normal,0.014981817493568136
CUST_09844,normal,0.13636230463847326
CUST_09845,normal,0.032835742989328245
CUST_09846,normal,0.10848622496112267
CUST_09847,normal,0.05304150453306185
CUST_09848,normal,0.04172899571372193
CUST_09849,normal,0.09165052455594877
CUST_09850,normal,0.02624703002589923
CUST_09851,normal,0.07096403450033464
CUST_09852,suspicious,0.17020385370388644
CUST_09853,normal,0.05088264216671918
CUST_09854,normal,0.021089423223122638
CUST_09855,occasional_refunder,0.05380009303279266
CUST_09856,normal,0.033078098631202923
CUST_09857,normal,0.14739957814791016
CUST_09858,normal,0.013213378466042956
CUST_09859,normal,0.03979776680565169
CUST_09860,normal,0.033513393647146755
CUST_09861,normal,0.013394183968734109
CUST_09862,normal,0.02587215963859071
CUST_09863,suspicious,0.3719896075000339
CUST_09864,normal,0.022042346377230505
CUST_09865,normal,0.09017778437185253
CUST_09866,normal,0.12563635266340265
CUST_09867,normal,0.03082394372939108
CUST_09868,normal,0.015169138619156268
CUST_09869,occasional_refunder,0.13884348885339384
CUST_09870,normal,0.08812301481573136
CUST_09871,normal,0.16553313834175187
CUST_09872,normal,0.00884635235906461
CUST_09873,normal,0.015241211243267007
CUST_09874,normal,0.18635264813242822
CUST_09875,normal,0.027370877351718094
CUST_09876,normal,0.008195495135248301
CUST_09877,normal,0.047053534652426135
CUST_09878,normal,0.050483523092650084
CUST_09879,normal,0.04799187256658651
CUST_09880,normal,0.040609332157144386
CUST_09881,normal,0.06453412247415773
CUST_09882,normal,0.17053456398322556
CUST_09883,normal,0.043003848365733705
CUST_09884,suspicious,0.17455652443939135
CUST_09885,normal,0.06024404960848963
CUST_09886,normal,0.008642696438964042
CUST_09887,occasional_refunder,0.11251400836921696
CUST_09888,normal,0.0911712051676243
CUST_09889,normal,0.07173693817818103
CUST_09890,normal,0.01284424120553178
CUST_09891,normal,0.01626701495972655
CUST_09892,normal,0.039526956411050786
CUST_09893,normal,0.09010902621491602
CUST_09894,normal,0.12308169875448835
CUST_09895,normal,0.027228634928554006
CUST_09896,normal,0.08897155022665892
CUST_09897,normal,0.05884986903431795
CUST_09898,normal,0.09491254427352726
CUST_09899,normal,0.012010208496153743
CUST_09900,normal,0.040117183468984324
CUST_09901,normal,0.03241598623038404
CUST_09902,normal,0.10593838115453479
CUST_09903,normal,0.047981946541865904
CUST_09904,normal,0.11466094037682417
CUST_09905,occasional_refunder,0.3934560830219348
CUST_09906,normal,0.03424456908075367
CUST_09907,normal,0.12290933766373528
CUST_09908,normal,0.04790623078037459
CUST_09909,normal,0.046165169740603904
CUST_09910,normal,0.0028396633594440605
CUST_09911,normal,0.05421176535260921
CUST_09912,occasional_refunder,0.16122240129525733
CUST_09913,normal,0.07671667714725997
CUST_09914,normal,0.12883480829025518
CUST_09915,normal,0.04842661783123863
CUST_09916,suspicious,0.5256384459929019
CUST_09917,normal,0.014771668765707497
CUST_09918,normal,0.016434489937855897
CUST_09919,normal,0.022027467985892696
CUST_09920,normal,0.010823228805126137
CUST_09921,normal,0.05440895053169037
CUST_09922,occasional_refunder,0.12960829177690206
CUST_09923,normal,0.04833649651453208
CUST_09924,normal,0.04991291740933201
CUST_09925,normal,0.021636887115595315
CUST_09926,normal,0.054867980149184765
CUST_09927,normal,0.026643974954794467
CUST_09928,aggressive_abuser,0.7175395258758046
CUST_09929,normal,0.025736619644659474
CUST_09930,occasional_refunder,0.0357678134786047
CUST_09931,normal,0.030704161020756963
CUST_09932,normal,0.026201033367019455
CUST_09933,normal,0.029584043133232766
CUST_09934,normal,0.02036223584041644
CUST_09935,normal,0.011816087672099011
CUST_09936,normal,0.056027286081144115
CUST_09937,normal,0.1176625537770671
CUST_09938,normal,0.04115906002271026
CUST_09939,occasional_refunder,0.11504618689505343
CUST_09940,normal,0.023612408010872013
CUST_09941,suspicious,0.17506177832223982
CUST_09942,normal,0.05985689092031339
CUST_09943,normal,0.08267685512703964
CUST_09944,normal,0.05394774617348193
CUST_09945,normal,0.009043059747202932
CUST_09946,normal,0.027976718009092415
CUST_09947,normal,0.1065349158461588
CUST_09948,normal,0.026417346130685675
CUST_09949,normal,0.013343016794757722
CUST_09950,normal,0.05965899628189115
CUST_09951,normal,0.04062622204577268
CUST_09952,normal,0.08600635602434283
CUST_09953,normal,0.07320328012498842
CUST_09954,normal,0.02802173461808006
CUST_09955,normal,0.045175182068916235
CUST_09956,normal,0.06247273704841837
CUST_09957,normal,0.04316131603665399
CUST_09958,normal,0.07001421902209247
CUST_09959,normal,0.047090778003745636
CUST_09960,normal,0.13529472512324694
CUST_09961,normal,0.06882776300270152
CUST_09962,normal,0.058261600314771046
CUST_09963,normal,0.02766564004779737
CUST_09964,normal,0.037877186389033625
CUST_09965,normal,0.06971513679300056
CUST_09966,normal,0.07036501211700147
CUST_09967,normal,0.17545651234935172
CUST_09968,normal,0.03851044902905847
CUST_09969,normal,0.02446114654586864
CUST_09970,normal,0.22708019763890183
CUST_09971,normal,0.07642425571691391
CUST_09972,suspicious,0.5245478266203174
CUST_09973,suspicious,0.26786971187318936
CUST_09974,normal,0.066053540967946
CUST_09975,normal,0.023358685477952564
CUST_09976,normal,0.11300931216299813
CUST_09977,normal,0.015006203412053472
CUST_09978,normal,0.04944419964545132
CUST_09979,suspicious,0.5443795926963536
CUST_09980,normal,0.10587985606717577
CUST_09981,normal,0.007030506629134654
CUST_09982,normal,0.028605508857846167
CUST_09983,normal,0.10326075155872139
CUST_09984,occasional_refunder,0.2678965431266378
CUST_09985,occasional_refunder,0.08294700461863634
CUST_09986,normal,0.017597235945293985
CUST_09987,normal,0.027572139224996784
CUST_09988,normal,0.021119061786646118
CUST_09989,normal,0.1028639300222543
CUST_09990,normal,0.042946529354581514
CUST_09991,normal,0.05677978423499152
CUST_09992,normal,0.03833663657775179
CUST_09993,normal,0.027863713179533477
CUST_09994,normal,0.02163080282886872
CUST_09995,normal,0.08542373544435787
CUST_09996,occasional_refunder,0.10441959126608034
CUST_09997,occasional_refunder,0.162058076756318
CUST_09998,suspicious,0.3290473530258893
CUST_09999,normal,0.034705751037549734
CUST_10000,normal,0.12174651196386484
